1721902664|Cuong Manh Le|M|src/cmd/compile/internal/types2/alias.go
1721902664|Cuong Manh Le|M|src/cmd/compile/internal/types2/instantiate.go
1721902664|Cuong Manh Le|M|src/cmd/compile/internal/types2/subst.go
1721902664|Cuong Manh Le|M|src/go/types/alias.go
1721902664|Cuong Manh Le|M|src/go/types/instantiate.go
1721902664|Cuong Manh Le|M|src/go/types/subst.go
1721902664|Cuong Manh Le|A|test/fixedbugs/issue68580.go
1721809329|Cuong Manh Le|M|src/go/internal/gcimporter/gcimporter_test.go
1722012569|Dmitri Shuralyov|M|src/net/udpsock_test.go
1719245940|Austin Clements|M|src/runtime/trace.go
1719245940|Austin Clements|M|src/runtime/tracebuf.go
1719245940|Austin Clements|M|src/runtime/traceexp.go
1719245940|Austin Clements|M|src/runtime/traceruntime.go
1719245940|Austin Clements|M|src/runtime/tracetype.go
1718312045|Robert Griesemer|M|src/cmd/compile/internal/types2/stmt.go
1718312045|Robert Griesemer|M|src/go/types/stmt.go
1718661730|Robert Griesemer|M|src/cmd/compile/internal/types2/stmt.go
1718735538|Robert Griesemer|M|src/cmd/compile/internal/types2/signature.go
1718735538|Robert Griesemer|M|src/go/types/signature.go
1719354666|Robert Griesemer|M|src/cmd/compile/internal/types2/expr.go
1719354666|Robert Griesemer|M|src/go/types/expr.go
1719354666|Robert Griesemer|A|src/internal/types/testdata/fixedbugs/issue68184.go
1719440441|Robert Griesemer|M|src/cmd/compile/internal/types2/resolver.go
1719440441|Robert Griesemer|M|src/cmd/compile/internal/types2/signature.go
1719440441|Robert Griesemer|M|src/go/types/resolver.go
1719440441|Robert Griesemer|M|src/go/types/signature.go
1719598368|Robert Griesemer|A|src/internal/types/testdata/fixedbugs/issue51503.go
1680878277|Guoqi Chen|M|src/cmd/asm/internal/asm/testdata/loong64enc1.s
1680878277|Guoqi Chen|M|src/cmd/internal/obj/loong64/a.out.go
1680878277|Guoqi Chen|M|src/cmd/internal/obj/loong64/anames.go
1680878277|Guoqi Chen|M|src/cmd/internal/obj/loong64/asm.go
1698136885|limeidan|M|src/cmd/link/internal/loadelf/ldelf.go
1719456982|Meng Zhuo|M|src/cmd/compile/internal/riscv64/ssa.go
1704956685|limeidan|M|src/cmd/asm/internal/asm/testdata/loong64enc1.s
1704956685|limeidan|M|src/cmd/asm/internal/asm/testdata/loong64enc3.s
1704956685|limeidan|M|src/cmd/internal/obj/loong64/asm.go
1722021384|Nick Ripley|M|src/internal/trace/base.go
1722021384|Nick Ripley|M|src/internal/trace/event.go
1722021384|Nick Ripley|M|src/internal/trace/order.go
1722009940|Michael Pratt|M|src/debug/buildinfo/buildinfo_test.go
1722009940|Michael Pratt|A|src/debug/buildinfo/testdata/go117
1722009940|Michael Pratt|A|src/debug/buildinfo/testdata/notgo
1721660526|Than McIntosh|M|src/cmd/go/internal/base/tool.go
1721660526|Than McIntosh|M|src/cmd/go/internal/cfg/lookpath.go
1721660526|Than McIntosh|M|src/cmd/go/internal/load/pkg.go
1721660526|Than McIntosh|M|src/cmd/go/internal/modfetch/cache.go
1721660526|Than McIntosh|M|src/cmd/go/internal/modfetch/codehost/git.go
1721660526|Than McIntosh|M|src/cmd/go/internal/modfetch/codehost/vcs.go
1721660526|Than McIntosh|M|src/cmd/go/internal/modfetch/fetch.go
1721660526|Than McIntosh|M|src/cmd/go/internal/modfetch/repo.go
1721660526|Than McIntosh|M|src/cmd/go/internal/modget/get.go
1721660526|Than McIntosh|M|src/cmd/go/internal/modindex/read.go
1721660526|Than McIntosh|M|src/cmd/go/internal/modload/buildlist.go
1721660526|Than McIntosh|M|src/cmd/go/internal/modload/edit.go
1721660526|Than McIntosh|M|src/cmd/go/internal/modload/import.go
1721660526|Than McIntosh|M|src/cmd/go/internal/modload/load.go
1721660526|Than McIntosh|M|src/cmd/go/internal/modload/modfile.go
1721660526|Than McIntosh|M|src/cmd/go/internal/modload/search.go
1721660526|Than McIntosh|M|src/cmd/go/internal/mvs/mvs.go
1721660526|Than McIntosh|M|src/cmd/go/internal/work/shell.go
1721660526|Than McIntosh|M|src/cmd/go/proxy_test.go
1721660526|Than McIntosh|D|src/cmd/go/internal/par/queue.go
1721660526|Than McIntosh|A|src/cmd/internal/par/queue.go
1721660526|Than McIntosh|D|src/cmd/go/internal/par/queue_test.go
1721660526|Than McIntosh|A|src/cmd/internal/par/queue_test.go
1721660526|Than McIntosh|D|src/cmd/go/internal/par/work.go
1721660526|Than McIntosh|A|src/cmd/internal/par/work.go
1721660526|Than McIntosh|D|src/cmd/go/internal/par/work_test.go
1721660526|Than McIntosh|A|src/cmd/internal/par/work_test.go
1721663311|Than McIntosh|M|src/cmd/go/internal/imports/build.go
1721663311|Than McIntosh|M|src/cmd/go/internal/modindex/build.go
1721663311|Than McIntosh|D|src/cmd/go/internal/modindex/syslist.go
1721663311|Than McIntosh|M|src/cmd/go/internal/script/conds.go
1721663311|Than McIntosh|M|src/go/build/build.go
1721663311|Than McIntosh|M|src/go/build/deps_test.go
1721663311|Than McIntosh|M|src/internal/goarch/gengoarch.go
1721663311|Than McIntosh|M|src/internal/goos/gengoos.go
1721663311|Than McIntosh|D|src/go/build/syslist.go
1721663311|Than McIntosh|A|src/internal/syslist/syslist.go
1721663433|Than McIntosh|M|src/cmd/go/internal/vcweb/script.go
1721663433|Than McIntosh|M|src/cmd/go/internal/vcweb/vcweb.go
1721663433|Than McIntosh|M|src/cmd/go/script_test.go
1721663433|Than McIntosh|M|src/cmd/go/scriptcmds_test.go
1721663433|Than McIntosh|M|src/cmd/go/scriptconds_test.go
1721663433|Than McIntosh|M|src/cmd/go/scriptreadme_test.go
1721663433|Than McIntosh|D|src/cmd/go/internal/script/cmds.go
1721663433|Than McIntosh|A|src/cmd/internal/script/cmds.go
1721663433|Than McIntosh|D|src/cmd/go/internal/script/cmds_nonunix.go
1721663433|Than McIntosh|A|src/cmd/internal/script/cmds_nonunix.go
1721663433|Than McIntosh|D|src/cmd/go/internal/script/cmds_unix.go
1721663433|Than McIntosh|A|src/cmd/internal/script/cmds_unix.go
1721663433|Than McIntosh|D|src/cmd/go/internal/script/conds.go
1721663433|Than McIntosh|A|src/cmd/internal/script/conds.go
1721663433|Than McIntosh|D|src/cmd/go/internal/script/engine.go
1721663433|Than McIntosh|A|src/cmd/internal/script/engine.go
1721663433|Than McIntosh|D|src/cmd/go/internal/script/errors.go
1721663433|Than McIntosh|A|src/cmd/internal/script/errors.go
1721663433|Than McIntosh|D|src/cmd/go/internal/script/scripttest/scripttest.go
1721663433|Than McIntosh|A|src/cmd/internal/script/scripttest/scripttest.go
1721663433|Than McIntosh|D|src/cmd/go/internal/script/state.go
1721663433|Than McIntosh|A|src/cmd/internal/script/state.go
1721932941|Than McIntosh|M|src/cmd/link/dwarf_test.go
1721932941|Than McIntosh|A|src/cmd/link/script_test.go
1721932941|Than McIntosh|A|src/cmd/link/testdata/script/randlayout_option.txt
1721932941|Than McIntosh|A|src/cmd/link/testdata/script/script_test_basics.txt
1722033243|Damien Neil|M|src/net/http/response_test.go
1722033243|Damien Neil|M|src/net/http/transfer.go
1722025389|Damien Neil|M|src/net/http/serve_test.go
1722025389|Damien Neil|M|src/net/http/server.go
1705545669|limeidan|M|src/cmd/internal/obj/loong64/obj.go
1704531596|limeidan|M|src/cmd/internal/obj/loong64/asm.go
1721761874|Austin Clements|M|src/runtime/debuglog.go
1721761874|Austin Clements|M|src/runtime/debuglog_off.go
1721761874|Austin Clements|M|src/runtime/debuglog_on.go
1721761874|Austin Clements|M|src/runtime/export_debuglog_test.go
1721770089|Austin Clements|M|src/runtime/debuglog.go
1721770089|Austin Clements|M|src/runtime/debuglog_test.go
1721770089|Austin Clements|M|src/runtime/export_debuglog_test.go
1719500046|Than McIntosh|M|src/cmd/internal/dwarf/dwarf.go
1719500046|Than McIntosh|M|src/cmd/link/internal/ld/dwarf.go
1721054167|Julian Dax|M|src/cmd/go/alldocs.go
1721054167|Julian Dax|M|src/cmd/go/internal/test/test.go
1719938730|David Chase|M|src/cmd/compile/internal/rangefunc/rangefunc_test.go
1716411643|David Chase|M|src/cmd/compile/internal/base/debug.go
1716411643|David Chase|A|src/cmd/compile/internal/deadlocals/deadlocals.go
1716411643|David Chase|M|src/cmd/compile/internal/gc/main.go
1716411643|David Chase|M|src/runtime/race/testdata/mop_test.go
1716411643|David Chase|M|test/closure3.dir/main.go
1716411643|David Chase|M|test/fixedbugs/issue54159.go
1716411643|David Chase|M|test/inline.go
1716411643|David Chase|M|test/newinline.go
1719866048|Michael Matloob|M|src/cmd/go/internal/load/test.go
1719866048|Michael Matloob|A|src/cmd/go/testdata/script/test_buildinfo_godebug_issue68053.txt
1722365290|Ian Lance Taylor|M|src/cmd/cgo/internal/testsanitizers/testdata/msan8.go
1722292148|Robert Griesemer|M|src/cmd/compile/internal/syntax/parser.go
1722292148|Robert Griesemer|M|src/cmd/compile/internal/types2/api_test.go
1722292148|Robert Griesemer|M|src/cmd/compile/internal/types2/expr.go
1722292148|Robert Griesemer|M|src/cmd/compile/internal/types2/signature.go
1722292148|Robert Griesemer|M|src/go/types/api_test.go
1722292148|Robert Griesemer|M|src/go/types/expr.go
1722292148|Robert Griesemer|M|src/go/types/signature.go
1722349253|Than McIntosh|M|src/cmd/compile/script_test.go
1722349253|Than McIntosh|A|src/cmd/compile/testdata/script/README
1722349253|Than McIntosh|A|src/cmd/internal/script/scripttest/readme.go
1722349253|Than McIntosh|M|src/cmd/internal/script/scripttest/run.go
1722349253|Than McIntosh|M|src/cmd/link/script_test.go
1722349253|Than McIntosh|A|src/cmd/link/testdata/script/README
1722023847|Michael Pratt|M|src/debug/buildinfo/buildinfo.go
1722023847|Michael Pratt|M|src/debug/buildinfo/search_test.go
1705024715|limeidan|M|src/cmd/internal/obj/loong64/a.out.go
1705024715|limeidan|M|src/cmd/internal/obj/loong64/asm.go
1705024715|limeidan|M|src/cmd/internal/obj/loong64/cnames.go
1704957170|limeidan|M|src/cmd/internal/obj/loong64/asm.go
1722437751|Sam Thanawalla|M|src/cmd/go/testdata/script/test_buildinfo_godebug_issue68053.txt
1722393327|Robert Griesemer|M|src/cmd/compile/internal/types2/api_test.go
1722393327|Robert Griesemer|M|src/cmd/compile/internal/types2/signature.go
1722393327|Robert Griesemer|M|src/go/types/api_test.go
1722393327|Robert Griesemer|M|src/go/types/decl.go
1722393327|Robert Griesemer|M|src/go/types/signature.go
1722444033|Robert Griesemer|M|src/cmd/compile/internal/types2/check.go
1722444033|Robert Griesemer|A|src/cmd/compile/internal/types2/recording.go
1722444033|Robert Griesemer|M|src/go/types/check.go
1722444033|Robert Griesemer|A|src/go/types/recording.go
1722445168|Robert Griesemer|M|src/cmd/compile/internal/types2/check.go
1722445168|Robert Griesemer|M|src/cmd/compile/internal/types2/recording.go
1722445168|Robert Griesemer|M|src/go/types/check.go
1722445168|Robert Griesemer|M|src/go/types/recording.go
1719428292|Michael Pratt|M|src/cmd/compile/internal/test/inl_test.go
1722456983|Ian Lance Taylor|M|src/cmd/cgo/doc.go
1722456770|Robert Griesemer|M|src/go/types/generate_test.go
1722456770|Robert Griesemer|M|src/go/types/recording.go
1705398168|limeidan|M|src/cmd/internal/obj/loong64/a.out.go
1705398168|limeidan|M|src/cmd/internal/obj/loong64/asm.go
1705398168|limeidan|M|src/cmd/internal/obj/loong64/cnames.go
1713862888|Guoqi Chen|M|src/cmd/compile/internal/loong64/ssa.go
1713862888|Guoqi Chen|M|src/internal/runtime/atomic/atomic_loong64.s
1713862888|Guoqi Chen|M|src/internal/runtime/atomic/bench_test.go
1722014060|Rhys Hiltner|M|src/runtime/export_test.go
1722014060|Rhys Hiltner|M|src/runtime/runtime_test.go
1692976238|Cuong Manh Le|M|src/cmd/compile/internal/walk/compare.go
1692976238|Cuong Manh Le|M|src/runtime/race/output_test.go
1722521834|Michael Pratt|M|src/debug/buildinfo/buildinfo.go
1722536130|Rhys Hiltner|M|src/runtime/mgcpacer.go
1711955145|Xiaolin Zhao|M|src/cmd/asm/internal/asm/testdata/loong64enc1.s
1711955145|Xiaolin Zhao|M|src/cmd/internal/obj/loong64/asm.go
1712720276|Xiaolin Zhao|M|src/cmd/asm/internal/asm/testdata/loong64enc1.s
1712720276|Xiaolin Zhao|M|src/cmd/internal/obj/loong64/a.out.go
1712720276|Xiaolin Zhao|M|src/cmd/internal/obj/loong64/anames.go
1712720276|Xiaolin Zhao|M|src/cmd/internal/obj/loong64/asm.go
1716290624|limeidan|M|src/runtime/asm_loong64.s
1716290624|limeidan|M|src/runtime/debug_test.go
1716290624|limeidan|M|src/runtime/debugcall.go
1716290624|limeidan|A|src/runtime/export_debug_loong64_test.go
1716290624|limeidan|M|src/runtime/export_debug_test.go
1716290624|limeidan|M|src/runtime/signal_loong64.go
1719515215|Manuel Sabin|M|src/crypto/cipher/cfb_test.go
1719515215|Manuel Sabin|M|src/crypto/cipher/ctr_test.go
1719515215|Manuel Sabin|M|src/crypto/cipher/ofb_test.go
1719515215|Manuel Sabin|A|src/crypto/internal/cryptotest/stream.go
1719515215|Manuel Sabin|M|src/crypto/rc4/rc4_test.go
1713549151|Michael Pratt|A|src/cmd/compile/internal/reflectdata/map_noswiss.go
1713549151|Michael Pratt|A|src/cmd/compile/internal/reflectdata/map_swiss.go
1713549151|Michael Pratt|M|src/cmd/compile/internal/reflectdata/reflect.go
1713549151|Michael Pratt|M|src/cmd/compile/internal/rttype/rttype.go
1713549151|Michael Pratt|M|src/cmd/compile/internal/ssagen/ssa.go
1713549151|Michael Pratt|M|src/cmd/compile/internal/types/fmt.go
1713549151|Michael Pratt|M|src/cmd/compile/internal/types/sizeof_test.go
1713549151|Michael Pratt|M|src/cmd/compile/internal/types/type.go
1713549151|Michael Pratt|M|src/cmd/compile/internal/walk/builtin.go
1713549151|Michael Pratt|M|src/cmd/compile/internal/walk/order.go
1713549151|Michael Pratt|M|src/cmd/compile/internal/walk/walk.go
1713549151|Michael Pratt|M|src/cmd/link/internal/ld/deadcode.go
1713549151|Michael Pratt|M|src/cmd/link/internal/ld/dwarf.go
1713549151|Michael Pratt|M|src/cmd/link/internal/ld/dwarf_test.go
1713549151|Michael Pratt|D|src/internal/abi/map.go
1713549151|Michael Pratt|A|src/internal/abi/map_noswiss.go
1713549151|Michael Pratt|A|src/internal/abi/map_select_noswiss.go
1713549151|Michael Pratt|A|src/internal/abi/map_select_swiss.go
1713549151|Michael Pratt|A|src/internal/abi/map_swiss.go
1713549151|Michael Pratt|M|src/internal/abi/type.go
1713549151|Michael Pratt|M|src/reflect/all_test.go
1713549151|Michael Pratt|M|src/reflect/map_noswiss.go
1713549151|Michael Pratt|M|src/reflect/map_swiss.go
1713549151|Michael Pratt|A|src/runtime/export_map_noswiss_test.go
1713549151|Michael Pratt|A|src/runtime/export_map_swiss_test.go
1713549151|Michael Pratt|M|src/runtime/export_test.go
1713549151|Michael Pratt|M|src/runtime/map_fast32_noswiss.go
1713549151|Michael Pratt|M|src/runtime/map_fast32_swiss.go
1713549151|Michael Pratt|M|src/runtime/map_fast64_noswiss.go
1713549151|Michael Pratt|M|src/runtime/map_fast64_swiss.go
1713549151|Michael Pratt|M|src/runtime/map_faststr_noswiss.go
1713549151|Michael Pratt|M|src/runtime/map_faststr_swiss.go
1713549151|Michael Pratt|M|src/runtime/map_noswiss.go
1713549151|Michael Pratt|A|src/runtime/map_noswiss_test.go
1713549151|Michael Pratt|M|src/runtime/map_swiss.go
1713549151|Michael Pratt|A|src/runtime/map_swiss_test.go
1713549151|Michael Pratt|M|src/runtime/map_test.go
1713549151|Michael Pratt|M|src/runtime/runtime-gdb.py
1713549151|Michael Pratt|M|src/runtime/runtime-gdb_test.go
1713549151|Michael Pratt|M|src/runtime/type.go
1722483347|Ian Lance Taylor|M|src/os/file.go
1722458753|Rhys Hiltner|M|src/runtime/runtime_test.go
1722598410|apocelipes|M|src/archive/zip/reader.go
1722598410|apocelipes|M|src/cmd/compile/internal/staticdata/embed.go
1717555928|Xiaolin Zhao|M|src/cmd/asm/internal/asm/testdata/loong64enc1.s
1717555928|Xiaolin Zhao|M|src/cmd/internal/obj/loong64/a.out.go
1717555928|Xiaolin Zhao|M|src/cmd/internal/obj/loong64/anames.go
1717555928|Xiaolin Zhao|M|src/cmd/internal/obj/loong64/asm.go
1717655138|Xiaolin Zhao|M|src/cmd/asm/internal/asm/testdata/loong64enc1.s
1717655138|Xiaolin Zhao|M|src/cmd/internal/obj/loong64/a.out.go
1717655138|Xiaolin Zhao|M|src/cmd/internal/obj/loong64/anames.go
1717655138|Xiaolin Zhao|M|src/cmd/internal/obj/loong64/asm.go
1721680029|khr@golang.org|M|src/cmd/internal/testdir/testdir_test.go
1722884091|Ian Lance Taylor|A|test/fixedbugs/issue68734.go
1722671505|Mateusz Poliwczak|M|src/crypto/internal/boring/sha.go
1722879618|Cherry Mui|M|src/cmd/internal/obj/link.go
1722879618|Cherry Mui|M|src/cmd/internal/obj/objfile.go
1722879618|Cherry Mui|M|src/cmd/internal/obj/sym.go
1722879618|Cherry Mui|M|src/cmd/internal/obj/wasm/wasmobj.go
1722879618|Cherry Mui|M|src/cmd/link/internal/loader/loader.go
1722879618|Cherry Mui|M|src/cmd/link/internal/wasm/asm.go
1722963999|Tim King|M|src/os/os_test.go
1722536187|Robert Griesemer|M|src/cmd/compile/internal/types2/call.go
1722536187|Robert Griesemer|M|src/cmd/compile/internal/types2/predicates.go
1722536187|Robert Griesemer|A|src/cmd/compile/internal/types2/testdata/local/issue68183.go
1722536187|Robert Griesemer|M|src/cmd/compile/internal/types2/typexpr.go
1722536187|Robert Griesemer|M|src/go/types/call.go
1722536187|Robert Griesemer|M|src/go/types/predicates.go
1722536187|Robert Griesemer|M|src/go/types/typexpr.go
1712720891|Xiaolin Zhao|M|src/cmd/compile/internal/loong64/ssa.go
1712720891|Xiaolin Zhao|M|src/cmd/compile/internal/ssa/_gen/LOONG64.rules
1712720891|Xiaolin Zhao|M|src/cmd/compile/internal/ssa/_gen/LOONG64Ops.go
1712720891|Xiaolin Zhao|M|src/cmd/compile/internal/ssa/opGen.go
1712720891|Xiaolin Zhao|M|src/cmd/compile/internal/ssa/rewriteLOONG64.go
1712720891|Xiaolin Zhao|M|src/cmd/compile/internal/ssagen/ssa.go
1712720891|Xiaolin Zhao|M|src/math/dim_asm.go
1712720891|Xiaolin Zhao|A|src/math/dim_loong64.s
1712720891|Xiaolin Zhao|M|src/math/dim_noasm.go
1712720891|Xiaolin Zhao|M|test/codegen/floats.go
1716044487|khr@golang.org|M|src/cmd/compile/internal/ssa/_gen/allocators.go
1716044487|khr@golang.org|M|src/cmd/compile/internal/ssa/allocators.go
1716044487|khr@golang.org|M|src/cmd/compile/internal/ssa/cache.go
1716044487|khr@golang.org|M|src/cmd/compile/internal/ssa/prove.go
1719528804|khr@golang.org|M|src/cmd/compile/internal/ssa/prove.go
1719528804|khr@golang.org|M|test/prove.go
1720725010|khr@golang.org|M|src/cmd/compile/internal/ssa/prove.go
1720725010|khr@golang.org|M|test/prove.go
1720751913|khr@golang.org|M|src/cmd/compile/internal/ssa/prove.go
1720751913|khr@golang.org|M|test/codegen/bool.go
1720751913|khr@golang.org|M|test/codegen/writebarrier.go
1722964602|Oleksandr Redko|M|src/bytes/example_test.go
1722964602|Oleksandr Redko|M|src/strings/example_test.go
1722933405|Andy Pan|M|src/os/readfrom_linux_test.go
1722933405|Andy Pan|M|src/os/writeto_linux_test.go
1722933405|Andy Pan|M|src/os/zero_copy_linux.go
1723057253|Michael Matloob|M|src/cmd/go.mod
1723057253|Michael Matloob|M|src/cmd/go.sum
1723057253|Michael Matloob|M|src/cmd/vendor/golang.org/x/sys/unix/syscall_linux.go
1723057253|Michael Matloob|M|src/cmd/vendor/golang.org/x/sys/unix/syscall_openbsd.go
1723057253|Michael Matloob|M|src/cmd/vendor/golang.org/x/sys/unix/zerrors_linux.go
1723057253|Michael Matloob|M|src/cmd/vendor/golang.org/x/sys/unix/zerrors_linux_386.go
1723057253|Michael Matloob|M|src/cmd/vendor/golang.org/x/sys/unix/zerrors_linux_amd64.go
1723057253|Michael Matloob|M|src/cmd/vendor/golang.org/x/sys/unix/zerrors_linux_arm.go
1723057253|Michael Matloob|M|src/cmd/vendor/golang.org/x/sys/unix/zerrors_linux_arm64.go
1723057253|Michael Matloob|M|src/cmd/vendor/golang.org/x/sys/unix/zerrors_linux_loong64.go
1723057253|Michael Matloob|M|src/cmd/vendor/golang.org/x/sys/unix/zerrors_linux_mips.go
1723057253|Michael Matloob|M|src/cmd/vendor/golang.org/x/sys/unix/zerrors_linux_mips64.go
1723057253|Michael Matloob|M|src/cmd/vendor/golang.org/x/sys/unix/zerrors_linux_mips64le.go
1723057253|Michael Matloob|M|src/cmd/vendor/golang.org/x/sys/unix/zerrors_linux_mipsle.go
1723057253|Michael Matloob|M|src/cmd/vendor/golang.org/x/sys/unix/zerrors_linux_ppc.go
1723057253|Michael Matloob|M|src/cmd/vendor/golang.org/x/sys/unix/zerrors_linux_ppc64.go
1723057253|Michael Matloob|M|src/cmd/vendor/golang.org/x/sys/unix/zerrors_linux_ppc64le.go
1723057253|Michael Matloob|M|src/cmd/vendor/golang.org/x/sys/unix/zerrors_linux_riscv64.go
1723057253|Michael Matloob|M|src/cmd/vendor/golang.org/x/sys/unix/zerrors_linux_s390x.go
1723057253|Michael Matloob|M|src/cmd/vendor/golang.org/x/sys/unix/zerrors_linux_sparc64.go
1723057253|Michael Matloob|M|src/cmd/vendor/golang.org/x/sys/unix/zsyscall_linux.go
1723057253|Michael Matloob|M|src/cmd/vendor/golang.org/x/sys/unix/zsyscall_openbsd_386.go
1723057253|Michael Matloob|M|src/cmd/vendor/golang.org/x/sys/unix/zsyscall_openbsd_386.s
1723057253|Michael Matloob|M|src/cmd/vendor/golang.org/x/sys/unix/zsyscall_openbsd_amd64.go
1723057253|Michael Matloob|M|src/cmd/vendor/golang.org/x/sys/unix/zsyscall_openbsd_amd64.s
1723057253|Michael Matloob|M|src/cmd/vendor/golang.org/x/sys/unix/zsyscall_openbsd_arm.go
1723057253|Michael Matloob|M|src/cmd/vendor/golang.org/x/sys/unix/zsyscall_openbsd_arm.s
1723057253|Michael Matloob|M|src/cmd/vendor/golang.org/x/sys/unix/zsyscall_openbsd_arm64.go
1723057253|Michael Matloob|M|src/cmd/vendor/golang.org/x/sys/unix/zsyscall_openbsd_arm64.s
1723057253|Michael Matloob|M|src/cmd/vendor/golang.org/x/sys/unix/zsyscall_openbsd_mips64.go
1723057253|Michael Matloob|M|src/cmd/vendor/golang.org/x/sys/unix/zsyscall_openbsd_mips64.s
1723057253|Michael Matloob|M|src/cmd/vendor/golang.org/x/sys/unix/zsyscall_openbsd_ppc64.go
1723057253|Michael Matloob|M|src/cmd/vendor/golang.org/x/sys/unix/zsyscall_openbsd_ppc64.s
1723057253|Michael Matloob|M|src/cmd/vendor/golang.org/x/sys/unix/zsyscall_openbsd_riscv64.go
1723057253|Michael Matloob|M|src/cmd/vendor/golang.org/x/sys/unix/zsyscall_openbsd_riscv64.s
1723057253|Michael Matloob|M|src/cmd/vendor/golang.org/x/sys/unix/zsysnum_linux_386.go
1723057253|Michael Matloob|M|src/cmd/vendor/golang.org/x/sys/unix/zsysnum_linux_amd64.go
1723057253|Michael Matloob|M|src/cmd/vendor/golang.org/x/sys/unix/zsysnum_linux_arm.go
1723057253|Michael Matloob|M|src/cmd/vendor/golang.org/x/sys/unix/zsysnum_linux_arm64.go
1723057253|Michael Matloob|M|src/cmd/vendor/golang.org/x/sys/unix/zsysnum_linux_loong64.go
1723057253|Michael Matloob|M|src/cmd/vendor/golang.org/x/sys/unix/zsysnum_linux_mips.go
1723057253|Michael Matloob|M|src/cmd/vendor/golang.org/x/sys/unix/zsysnum_linux_mips64.go
1723057253|Michael Matloob|M|src/cmd/vendor/golang.org/x/sys/unix/zsysnum_linux_mips64le.go
1723057253|Michael Matloob|M|src/cmd/vendor/golang.org/x/sys/unix/zsysnum_linux_mipsle.go
1723057253|Michael Matloob|M|src/cmd/vendor/golang.org/x/sys/unix/zsysnum_linux_ppc.go
1723057253|Michael Matloob|M|src/cmd/vendor/golang.org/x/sys/unix/zsysnum_linux_ppc64.go
1723057253|Michael Matloob|M|src/cmd/vendor/golang.org/x/sys/unix/zsysnum_linux_ppc64le.go
1723057253|Michael Matloob|M|src/cmd/vendor/golang.org/x/sys/unix/zsysnum_linux_riscv64.go
1723057253|Michael Matloob|M|src/cmd/vendor/golang.org/x/sys/unix/zsysnum_linux_s390x.go
1723057253|Michael Matloob|M|src/cmd/vendor/golang.org/x/sys/unix/zsysnum_linux_sparc64.go
1723057253|Michael Matloob|M|src/cmd/vendor/golang.org/x/sys/unix/ztypes_linux.go
1723057253|Michael Matloob|M|src/cmd/vendor/modules.txt
1723057253|Michael Matloob|M|src/go.mod
1723057253|Michael Matloob|M|src/go.sum
1723057253|Michael Matloob|M|src/vendor/modules.txt
1723057580|Michael Matloob|M|src/cmd/go.mod
1723057580|Michael Matloob|M|src/cmd/go.sum
1723057580|Michael Matloob|M|src/cmd/vendor/golang.org/x/telemetry/internal/telemetry/dir.go
1723057580|Michael Matloob|M|src/cmd/vendor/golang.org/x/telemetry/internal/telemetry/proginfo.go
1723057580|Michael Matloob|M|src/cmd/vendor/modules.txt
1723055759|Branden J Brown|M|.github/ISSUE_TEMPLATE/11-language-change.yml
1723073723|apocelipes|M|api/next/62384.txt
1723073723|apocelipes|A|doc/next/6-stdlib/99-minor/net/url/62384.md
1723073723|apocelipes|M|src/net/url/url.go
1723073723|apocelipes|M|src/net/url/url_test.go
1723050870|Oleksandr Redko|M|src/fmt/fmt_test.go
1698830720|limeidan|M|src/cmd/link/internal/ld/data.go
1698830720|limeidan|M|src/cmd/link/internal/loong64/asm.go
1698830720|limeidan|M|src/cmd/link/internal/loong64/obj.go
1698830720|limeidan|M|src/cmd/link/link_test.go
1723150496|Robert Griesemer|M|src/cmd/compile/internal/types2/compilersupport.go
1723150496|Robert Griesemer|M|src/cmd/compile/internal/types2/stmt.go
1677371094|Bobby Powers|A|api/next/32936.txt
1677371094|Bobby Powers|A|doc/next/6-stdlib/99-minor/crypto/tls/32936.md
1677371094|Bobby Powers|M|src/crypto/tls/common.go
1677371094|Bobby Powers|M|src/crypto/tls/handshake_messages.go
1677371094|Bobby Powers|M|src/crypto/tls/handshake_messages_test.go
1677371094|Bobby Powers|M|src/crypto/tls/handshake_server.go
1677371094|Bobby Powers|M|src/crypto/tls/handshake_server_test.go
1722977816|Alan Donovan|M|doc/next/3-tools.md
1722977816|Alan Donovan|M|src/cmd/go/alldocs.go
1722977816|Alan Donovan|M|src/cmd/go/internal/test/test.go
1722977816|Alan Donovan|M|src/cmd/go/testdata/script/list_test_simple.txt
1722977816|Alan Donovan|M|src/cmd/go/testdata/script/test_bad_example.txt
1722977816|Alan Donovan|M|src/cmd/go/testdata/script/test_example_goexit.txt
1722977816|Alan Donovan|M|src/cmd/go/testdata/script/test_fuzz.txt
1722977816|Alan Donovan|M|src/cmd/go/testdata/script/test_fuzz_return.txt
1722977816|Alan Donovan|M|src/cmd/go/testdata/script/test_match_only_example.txt
1722977816|Alan Donovan|M|src/cmd/go/testdata/script/test_source_order.txt
1723226383|Keith Randall|M|src/cmd/compile/internal/ssa/prove.go
1723226383|Keith Randall|A|test/fixedbugs/issue68809.go
1723086323|cuishuang|M|src/runtime/traceruntime.go
1723225391|Zxilly|M|misc/wasm/wasm_exec.js
1723225391|Zxilly|M|misc/wasm/wasm_exec_node.js
1723225391|Zxilly|M|src/syscall/fs_js.go
1722944982|Filippo Valsorda|M|src/crypto/internal/boring/Dockerfile
1722944982|Filippo Valsorda|M|src/crypto/internal/boring/LICENSE
1722944982|Filippo Valsorda|M|src/crypto/internal/boring/README.md
1722944982|Filippo Valsorda|M|src/crypto/internal/boring/build-boring.sh
1722944982|Filippo Valsorda|M|src/crypto/internal/boring/build-goboring.sh
1722944982|Filippo Valsorda|M|src/crypto/internal/boring/build.sh
1722944982|Filippo Valsorda|M|src/crypto/internal/boring/goboringcrypto.h
1722944982|Filippo Valsorda|M|src/crypto/internal/boring/syso/goboringcrypto_linux_amd64.syso
1722944982|Filippo Valsorda|M|src/crypto/internal/boring/syso/goboringcrypto_linux_arm64.syso
1723045959|Cherry Mui|M|src/cmd/compile/internal/ssagen/abi.go
1723045959|Cherry Mui|M|src/cmd/internal/obj/wasm/wasmobj.go
1723045959|Cherry Mui|M|src/cmd/link/internal/wasm/asm.go
1723045959|Cherry Mui|M|src/runtime/asm_wasm.s
1723065931|Keith Randall|M|src/cmd/compile/internal/ssa/prove.go
1723065931|Keith Randall|M|src/cmd/compile/internal/ssa/rewrite.go
1723050558|Michael Matloob|M|src/cmd/compile/internal/types2/api_test.go
1723050558|Michael Matloob|M|src/cmd/compile/internal/types2/check.go
1723050558|Michael Matloob|M|src/go/types/api_test.go
1723050558|Michael Matloob|M|src/go/types/check.go
1723050558|Michael Matloob|M|src/internal/types/testdata/check/go1_20_19.go
1723050558|Michael Matloob|M|src/internal/types/testdata/check/go1_21_19.go
1723050558|Michael Matloob|A|src/internal/types/testdata/check/go1_21_22.go
1723050558|Michael Matloob|A|src/internal/types/testdata/check/go1_22_21.go
1723050558|Michael Matloob|M|src/internal/types/testdata/fixedbugs/issue66285.go
1723050558|Michael Matloob|M|test/fixedbugs/issue63489a.go
1723176193|Robert Griesemer|M|doc/go_spec.html
1722775298|khr@golang.org|M|src/cmd/compile/internal/ssa/_gen/ARM64.rules
1722775298|khr@golang.org|M|src/cmd/compile/internal/ssa/prove.go
1722775298|khr@golang.org|M|src/cmd/compile/internal/ssa/rewriteARM64.go
1722775298|khr@golang.org|M|test/codegen/comparisons.go
1723495925|wineandchord|M|src/net/http/server.go
1723157118|Cherry Mui|M|src/cmd/dist/test.go
1723157118|Cherry Mui|M|src/cmd/go/internal/load/pkg.go
1723157118|Cherry Mui|M|src/cmd/internal/obj/wasm/wasmobj.go
1723157118|Cherry Mui|M|src/cmd/link/internal/ld/config.go
1723157118|Cherry Mui|M|src/cmd/link/internal/ld/symtab.go
1723157118|Cherry Mui|M|src/cmd/link/internal/wasm/asm.go
1723157118|Cherry Mui|M|src/internal/platform/supported.go
1723157118|Cherry Mui|M|src/runtime/asm_wasm.s
1723157118|Cherry Mui|M|src/runtime/lock_js.go
1723157118|Cherry Mui|M|src/runtime/proc.go
1723157118|Cherry Mui|M|src/runtime/rt0_js_wasm.s
1723157118|Cherry Mui|M|src/runtime/rt0_wasip1_wasm.s
1723157118|Cherry Mui|A|src/runtime/stubs_nonwasm.go
1723157118|Cherry Mui|A|src/runtime/stubs_wasm.go
1723556867|apocelipes|M|api/next/62384.txt
1723556867|apocelipes|A|doc/next/6-stdlib/99-minor/log/slog/62384.md
1723556867|apocelipes|M|src/log/slog/level.go
1723556867|apocelipes|M|src/log/slog/level_test.go
1710244539|limeidan|M|src/cmd/compile/internal/ssa/debug_lines_test.go
1723011251|Jaeho Nam|M|src/crypto/tls/quic.go
1723564865|Keith Randall|M|src/cmd/compile/internal/ssa/rewrite.go
1723564865|Keith Randall|A|test/codegen/issue68845.go
1723188816|aimuz|A|api/next/61901.txt
1723188816|aimuz|A|doc/next/6-stdlib/99-minor/bytes/61901.md
1723188816|aimuz|A|doc/next/6-stdlib/99-minor/strings/61901.md
1723188816|aimuz|M|src/bytes/bytes_test.go
1723188816|aimuz|A|src/bytes/iter.go
1723188816|aimuz|A|src/strings/iter.go
1723188816|aimuz|M|src/strings/strings_test.go
1723620780|cuishuang|M|src/maps/example_test.go
1723620780|cuishuang|M|src/slices/example_test.go
1723599688|Andy Pan|M|src/os/readfrom_unix_test.go
1723599688|Andy Pan|M|src/os/zero_copy_solaris.go
1723024794|limeidan|M|src/cmd/internal/obj/loong64/asm_test.go
1723665848|Michael Matloob|M|src/cmd/compile/internal/types2/api_test.go
1723665848|Michael Matloob|M|src/cmd/compile/internal/types2/check.go
1723665848|Michael Matloob|M|src/go/types/api_test.go
1723665848|Michael Matloob|M|src/go/types/check.go
1723665848|Michael Matloob|M|src/internal/types/testdata/check/go1_20_19.go
1723665848|Michael Matloob|M|src/internal/types/testdata/check/go1_21_19.go
1723665848|Michael Matloob|D|src/internal/types/testdata/check/go1_21_22.go
1723665848|Michael Matloob|D|src/internal/types/testdata/check/go1_22_21.go
1723665848|Michael Matloob|M|src/internal/types/testdata/fixedbugs/issue66285.go
1723665848|Michael Matloob|M|test/fixedbugs/issue63489a.go
1723225800|Tim King|M|src/cmd/compile/internal/importer/ureader.go
1723547518|Andy Pan|M|src/internal/poll/sendfile_bsd.go
1723547518|Andy Pan|M|src/internal/poll/sendfile_linux.go
1723547518|Andy Pan|M|src/internal/poll/sendfile_solaris.go
1723547518|Andy Pan|M|src/os/readfrom_linux_test.go
1723547518|Andy Pan|A|src/os/readfrom_sendfile_test.go
1723547518|Andy Pan|M|src/os/readfrom_solaris_test.go
1723547518|Andy Pan|M|src/os/readfrom_unix_test.go
1723745638|apocelipes|M|api/next/62384.txt
1723745638|apocelipes|A|doc/next/6-stdlib/99-minor/math/big/62384.md
1723745638|apocelipes|A|doc/next/6-stdlib/99-minor/regexp/62384.md
1723745638|apocelipes|M|src/math/big/floatmarsh.go
1723745638|apocelipes|M|src/math/big/floatmarsh_test.go
1723745638|apocelipes|M|src/math/big/intmarsh.go
1723745638|apocelipes|M|src/math/big/intmarsh_test.go
1723745638|apocelipes|M|src/math/big/ratconv.go
1723745638|apocelipes|M|src/math/big/ratmarsh.go
1723745638|apocelipes|M|src/math/big/ratmarsh_test.go
1723745638|apocelipes|M|src/regexp/all_test.go
1723745638|apocelipes|M|src/regexp/regexp.go
1723716240|zhangyunhao|M|src/runtime/heapdump.go
1723766697|Andy Pan|M|src/os/dir.go
1723766697|Andy Pan|M|src/os/os_test.go
1723793520|doujiang24|M|src/cmd/cgo/doc.go
1723793520|doujiang24|M|src/cmd/cgo/gcc.go
1723793520|doujiang24|M|src/cmd/cgo/internal/test/test.go
1723793520|doujiang24|M|src/cmd/cgo/internal/testerrors/testdata/notmatchedcfunction.go
1723793520|doujiang24|M|src/cmd/cgo/out.go
1723793520|doujiang24|M|src/runtime/cgo.go
1723793520|doujiang24|M|src/runtime/crash_cgo_test.go
1723793520|doujiang24|M|src/runtime/linkname.go
1723793520|doujiang24|M|src/runtime/testdata/testprogcgo/cgonocallback.go
1723793520|doujiang24|M|src/runtime/testdata/testprogcgo/cgonoescape.go
1723793520|doujiang24|A|src/runtime/testdata/testprogcgo/issue63739.go
1723840885|Gökhan Özeloğlu|M|src/strings/example_test.go
1706708370|Joel Sing|M|src/cmd/compile/internal/riscv64/ssa.go
1706708370|Joel Sing|M|src/cmd/compile/internal/ssa/_gen/RISCV64.rules
1706708370|Joel Sing|M|src/cmd/compile/internal/ssa/_gen/RISCV64Ops.go
1706708370|Joel Sing|M|src/cmd/compile/internal/ssa/_gen/genericOps.go
1706708370|Joel Sing|M|src/cmd/compile/internal/ssa/opGen.go
1706708370|Joel Sing|M|src/cmd/compile/internal/ssa/rewriteRISCV64.go
1706708370|Joel Sing|M|src/cmd/compile/internal/ssagen/ssa.go
1724015257|Oleksandr Redko|M|src/bytes/bytes_test.go
1724015257|Oleksandr Redko|M|src/cmd/compile/internal/devirtualize/devirtualize.go
1724015257|Oleksandr Redko|M|src/cmd/compile/internal/devirtualize/pgo.go
1724015257|Oleksandr Redko|M|src/cmd/compile/internal/ir/reassignment.go
1724015257|Oleksandr Redko|M|src/cmd/compile/internal/liveness/intervals.go
1724015257|Oleksandr Redko|M|src/cmd/compile/internal/liveness/mergelocals.go
1724015257|Oleksandr Redko|M|src/cmd/compile/internal/ssa/prove.go
1724015257|Oleksandr Redko|M|src/cmd/compile/internal/types2/signature.go
1724015257|Oleksandr Redko|M|src/cmd/compile/internal/types2/typeset.go
1724015257|Oleksandr Redko|M|src/cmd/go/internal/modcmd/download.go
1724015257|Oleksandr Redko|M|src/cmd/go/internal/modload/buildlist.go
1724015257|Oleksandr Redko|M|src/cmd/go/internal/modload/edit.go
1724015257|Oleksandr Redko|M|src/cmd/internal/objabi/reloctype.go
1724015257|Oleksandr Redko|M|src/cmd/internal/testdir/testdir_test.go
1724015257|Oleksandr Redko|M|src/cmd/link/internal/ld/lib.go
1724015257|Oleksandr Redko|M|src/go/token/position.go
1724015257|Oleksandr Redko|M|src/go/types/signature.go
1724015257|Oleksandr Redko|M|src/go/types/typeset.go
1724015257|Oleksandr Redko|M|src/internal/trace/internal/oldtrace/parser.go
1724015257|Oleksandr Redko|M|src/internal/trace/traceviewer/emitter.go
1724015257|Oleksandr Redko|M|src/strings/strings_test.go
1724015257|Oleksandr Redko|M|src/syscall/syscall_wasip1.go
1724098112|Kir Kolyshkin|M|src/os/getwd.go
1724098094|Paul E. Murphy|M|src/runtime/rt0_aix_ppc64.s
1722612178|Joel Sing|A|src/cmd/compile/internal/ssagen/intrinsics.go
1722612178|Joel Sing|M|src/cmd/compile/internal/ssagen/ssa.go
1724098989|Kir Kolyshkin|M|src/os/removeall_test.go
1724106106|Kir Kolyshkin|M|src/os/read_test.go
1717966000|Kir Kolyshkin|M|src/os/os_test.go
1724047600|Andy Pan|M|src/internal/poll/copy_file_range_linux.go
1724097757|apocelipes|M|api/next/62384.txt
1724097757|apocelipes|A|doc/next/6-stdlib/99-minor/time/62384.md
1724097757|apocelipes|M|src/time/time.go
1724097757|apocelipes|M|src/time/time_test.go
1724162825|Dmitri Shuralyov|M|src/testing/testing_test.go
1724171927|Ian Lance Taylor|M|doc/next/6-stdlib/99-minor/testing/36532.md
1724176479|Alexander Cyon|M|src/cmd/cgo/internal/testerrors/argposition_test.go
1724176479|Alexander Cyon|M|src/cmd/compile/internal/inline/inl.go
1724176479|Alexander Cyon|M|src/cmd/compile/internal/inline/inlheur/testdata/props/returns.go
1724176479|Alexander Cyon|M|src/cmd/compile/internal/liveness/mergelocals.go
1724176479|Alexander Cyon|M|src/cmd/compile/internal/pgoir/irgraph.go
1724176479|Alexander Cyon|M|src/cmd/compile/internal/ssagen/ssa.go
1724176479|Alexander Cyon|M|src/cmd/compile/internal/types2/signature.go
1724176479|Alexander Cyon|M|src/cmd/go/testdata/script/mod_list_direct_work.txt
1724176479|Alexander Cyon|M|src/cmd/internal/obj/loong64/doc.go
1724176479|Alexander Cyon|M|src/cmd/internal/obj/loong64/obj.go
1724176479|Alexander Cyon|M|src/cmd/link/internal/ld/elf_test.go
1724176479|Alexander Cyon|M|src/compress/flate/huffman_code.go
1724176479|Alexander Cyon|M|src/go/types/signature.go
1724176479|Alexander Cyon|M|src/internal/trace/event.go
1724176479|Alexander Cyon|M|src/internal/trace/internal/oldtrace/parser.go
1724176479|Alexander Cyon|M|src/internal/trace/testdata/generators/go122-create-syscall-reuse-thread-id.go
1724176479|Alexander Cyon|M|src/internal/trace/testdata/generators/go122-create-syscall-with-p.go
1724176479|Alexander Cyon|M|src/internal/trace/testdata/generators/go122-syscall-steal-proc-ambiguous.go
1724176479|Alexander Cyon|M|src/math/bits/bits_test.go
1724176479|Alexander Cyon|M|src/runtime/gc_test.go
1724176479|Alexander Cyon|M|src/runtime/mprof.go
1724176479|Alexander Cyon|M|src/runtime/os_linux.go
1724176479|Alexander Cyon|M|src/syscall/js/js_test.go
1707955682|Dmitri Shuralyov|A|api/next/51473.txt
1707955682|Dmitri Shuralyov|A|doc/next/6-stdlib/99-minor/runtime/51473.md
1707955682|Dmitri Shuralyov|M|src/runtime/extern.go
1723755473|Tim King|M|src/cmd/compile/internal/importer/ureader.go
1723755473|Tim King|M|src/cmd/compile/internal/noder/reader.go
1723755473|Tim King|M|src/cmd/compile/internal/noder/unified.go
1723755473|Tim King|M|src/cmd/compile/internal/noder/writer.go
1723755473|Tim King|M|src/go/internal/gcimporter/ureader.go
1724251110|Michael Anthony Knyszek|M|src/internal/abi/type.go
1724251110|Michael Anthony Knyszek|M|src/unique/clone_test.go
1724251110|Michael Anthony Knyszek|M|src/unique/handle.go
1724251110|Michael Anthony Knyszek|M|src/unique/handle_test.go
1724259276|Robert Griesemer|M|src/internal/pkgbits/encoder.go
1724113759|Kir Kolyshkin|M|src/syscall/fs_wasip1.go
1724113759|Kir Kolyshkin|M|src/syscall/syscall_wasip1.go
1723554512|qmuntal|M|src/internal/syscall/windows/security_windows.go
1723554512|qmuntal|M|src/os/user/lookup_windows.go
1723554512|qmuntal|M|src/os/user/user_test.go
1713849891|Srinivas Pokala|M|src/cmd/go.mod
1713849891|Srinivas Pokala|M|src/cmd/go.sum
1713849891|Srinivas Pokala|M|src/cmd/internal/objfile/disasm.go
1713849891|Srinivas Pokala|M|src/cmd/objdump/objdump_test.go
1713849891|Srinivas Pokala|A|src/cmd/vendor/golang.org/x/arch/s390x/s390xasm/Makefile
1713849891|Srinivas Pokala|A|src/cmd/vendor/golang.org/x/arch/s390x/s390xasm/decode.go
1713849891|Srinivas Pokala|A|src/cmd/vendor/golang.org/x/arch/s390x/s390xasm/field.go
1713849891|Srinivas Pokala|A|src/cmd/vendor/golang.org/x/arch/s390x/s390xasm/gnu.go
1713849891|Srinivas Pokala|A|src/cmd/vendor/golang.org/x/arch/s390x/s390xasm/inst.go
1713849891|Srinivas Pokala|A|src/cmd/vendor/golang.org/x/arch/s390x/s390xasm/tables.go
1713849891|Srinivas Pokala|M|src/cmd/vendor/modules.txt
1724266031|Vladimir Varankin|M|src/testing/benchmark.go
1724266031|Vladimir Varankin|M|src/testing/fuzz.go
1724266031|Vladimir Varankin|M|src/testing/sub_test.go
1724266031|Vladimir Varankin|M|src/testing/testing.go
1724114455|Kir Kolyshkin|M|src/syscall/syscall_aix.go
1722618553|Joel Sing|A|src/cmd/compile/internal/ssagen/intrinsics_test.go
1719482577|Joel Sing|M|src/math/big/arith_riscv64.s
1717408458|Xiaolin Zhao|M|src/crypto/sha1/sha1block_decl.go
1717408458|Xiaolin Zhao|M|src/crypto/sha1/sha1block_generic.go
1717408458|Xiaolin Zhao|A|src/crypto/sha1/sha1block_loong64.s
1723571630|Michael Matloob|M|src/cmd/dist/build.go
1723571630|Michael Matloob|M|src/cmd/dist/build_test.go
1723571630|Michael Matloob|M|src/cmd/dist/buildtool.go
1724278298|Kir Kolyshkin|M|src/os/file.go
1724269624|Kir Kolyshkin|M|src/os/getwd.go
1719482593|Joel Sing|M|src/math/big/arith_riscv64.s
1724338208|Paul E. Murphy|M|src/crypto/aes/gcm_ppc64x.go
1724183039|Tim King|M|src/cmd/compile/internal/importer/ureader.go
1724183039|Tim King|M|src/cmd/compile/internal/noder/reader.go
1724183039|Tim King|M|src/cmd/compile/internal/noder/writer.go
1724183039|Tim King|M|src/go/internal/gcimporter/ureader.go
1724419157|Jes Cok|M|src/bytes/bytes.go
1711573391|Paul E. Murphy|M|src/cmd/compile/internal/ppc64/ssa.go
1711573391|Paul E. Murphy|M|src/cmd/compile/internal/ssa/_gen/PPC64.rules
1711573391|Paul E. Murphy|M|src/cmd/compile/internal/ssa/_gen/PPC64Ops.go
1711573391|Paul E. Murphy|M|src/cmd/compile/internal/ssa/_gen/PPC64latelower.rules
1711573391|Paul E. Murphy|M|src/cmd/compile/internal/ssa/opGen.go
1711573391|Paul E. Murphy|M|src/cmd/compile/internal/ssa/rewrite.go
1711573391|Paul E. Murphy|M|src/cmd/compile/internal/ssa/rewritePPC64.go
1711573391|Paul E. Murphy|M|src/cmd/compile/internal/ssa/rewritePPC64latelower.go
1711573391|Paul E. Murphy|M|src/cmd/compile/internal/ssagen/intrinsics.go
1711573391|Paul E. Murphy|M|src/cmd/compile/internal/ssagen/intrinsics_test.go
1711573391|Paul E. Murphy|M|test/codegen/bool.go
1724594809|Cuong Manh Le|M|src/cmd/compile/internal/importer/ureader.go
1724594809|Cuong Manh Le|M|src/cmd/compile/internal/noder/reader.go
1724594809|Cuong Manh Le|M|src/cmd/compile/internal/noder/writer.go
1724594809|Cuong Manh Le|M|src/go/internal/gcimporter/ureader.go
1724359105|Tim King|M|src/go/internal/gcimporter/iimport.go
1689201085|Keith Randall|M|src/cmd/compile/internal/ssa/regalloc.go
1689201085|Keith Randall|A|test/codegen/issue59297.go
1722710714|Joel Sing|M|src/cmd/compile/internal/ssagen/intrinsics.go
1722710714|Joel Sing|M|src/cmd/compile/internal/ssagen/intrinsics_test.go
1722710714|Joel Sing|M|src/cmd/compile/internal/ssagen/ssa.go
1722710714|Joel Sing|M|src/internal/buildcfg/cfg.go
1722782005|Joel Sing|M|src/cmd/compile/internal/ssagen/intrinsics.go
1724195539|Dmitri Shuralyov|M|src/cmd/dist/buildtool.go
1724679186|Jes Cok|M|src/net/http/request.go
1724772850|Michael Anthony Knyszek|M|src/runtime/cgocall.go
1724772850|Michael Anthony Knyszek|M|src/runtime/proc.go
1724075657|Joel Sing|M|src/cmd/compile/internal/riscv64/ssa.go
1724075657|Joel Sing|M|src/cmd/compile/internal/ssa/_gen/RISCV64.rules
1724075657|Joel Sing|M|src/cmd/compile/internal/ssa/_gen/RISCV64Ops.go
1724075657|Joel Sing|M|src/cmd/compile/internal/ssa/opGen.go
1724075657|Joel Sing|M|src/cmd/compile/internal/ssa/rewriteRISCV64.go
1724075657|Joel Sing|M|test/codegen/shift.go
1724862829|Ian Lance Taylor|M|src/slices/slices.go
1680681402|WANG Xuerui|M|src/internal/cpu/cpu.go
1680681402|WANG Xuerui|M|src/internal/cpu/cpu_loong64.go
1680681402|WANG Xuerui|A|src/internal/cpu/cpu_loong64_hwcap.go
1680681402|WANG Xuerui|A|src/internal/cpu/cpu_loong64_linux.go
1680681402|WANG Xuerui|M|src/runtime/os_linux_loong64.go
1717524404|Damien Neil|A|api/next/67813.txt
1717524404|Damien Neil|A|doc/next/6-stdlib/99-minor/net/http/67813.md
1717524404|Damien Neil|M|src/net/http/http.go
1717524404|Damien Neil|M|src/net/http/server.go
1717524404|Damien Neil|M|src/net/http/transport.go
1717524404|Damien Neil|M|src/net/http/transport_test.go
1724955075|Michael Matloob|A|src/cmd/go/testdata/script/build_issue68658.txt
1724977863|Kir Kolyshkin|M|src/internal/testenv/testenv.go
1724832970|Alessandro Arzilli|M|src/debug/macho/file.go
1724779157|Ian Lance Taylor|M|src/cmd/cgo/gcc.go
1724779157|Ian Lance Taylor|M|src/cmd/cgo/internal/test/cgo_test.go
1724779157|Ian Lance Taylor|M|src/cmd/cgo/internal/test/test.go
1724359633|Ian Lance Taylor|M|src/encoding/base32/base32.go
1724359633|Ian Lance Taylor|M|src/encoding/base64/base64.go
1725038797|Cuong Manh Le|M|src/cmd/dist/buildtool.go
1724314973|Wei Fu|M|src/os/exec_posix.go
1724314973|Wei Fu|M|src/os/pidfd_linux.go
1724314973|Wei Fu|M|src/os/pidfd_linux_test.go
1724314973|Wei Fu|M|src/os/pidfd_other.go
1723942399|Ian Lance Taylor|M|src/context/context.go
1713439693|Michael Podtserkovskii|M|src/cmd/cgo/gcc.go
1713439693|Michael Podtserkovskii|M|src/cmd/cgo/main.go
1724907672|Andy Pan|M|src/internal/poll/copy_file_range_freebsd.go
1724907672|Andy Pan|M|src/internal/poll/copy_file_range_unix.go
1724738680|Kir Kolyshkin|M|src/os/error_errno.go
1724738680|Kir Kolyshkin|M|src/os/error_plan9.go
1724738680|Kir Kolyshkin|M|src/os/getwd.go
1724738680|Kir Kolyshkin|A|src/os/getwd_unix_test.go
1723054821|Jorropo|M|src/cmd/compile/internal/ssa/prove.go
1723054821|Jorropo|M|test/prove.go
1723061760|Jorropo|M|src/cmd/compile/internal/ssa/prove.go
1723061760|Jorropo|M|test/prove.go
1723211139|Jorropo|M|src/cmd/compile/internal/ssa/prove.go
1723211139|Jorropo|M|test/prove.go
1723562226|Jorropo|M|src/cmd/compile/internal/ssa/prove.go
1723562226|Jorropo|M|test/prove.go
1725152135|qiulaidongfeng|M|src/testing/testing_test.go
1724983200|Kir Kolyshkin|M|src/cmd/addr2line/addr2line_test.go
1724983200|Kir Kolyshkin|M|src/cmd/covdata/tool_test.go
1724983200|Kir Kolyshkin|M|src/cmd/cover/cover_test.go
1724983200|Kir Kolyshkin|M|src/cmd/nm/nm_test.go
1724983200|Kir Kolyshkin|M|src/cmd/objdump/objdump_test.go
1724983200|Kir Kolyshkin|M|src/cmd/pack/pack_test.go
1724983200|Kir Kolyshkin|M|src/cmd/pprof/pprof_test.go
1724983200|Kir Kolyshkin|M|src/cmd/vet/vet_test.go
1725002630|Kir Kolyshkin|M|src/internal/testenv/testenv_notwin.go
1724986282|Kir Kolyshkin|M|src/internal/testenv/exec.go
1724986282|Kir Kolyshkin|M|src/math/rand/default_test.go
1724986282|Kir Kolyshkin|M|src/os/exec/exec_test.go
1724986282|Kir Kolyshkin|M|src/os/exec/lp_windows_test.go
1724986282|Kir Kolyshkin|M|src/os/executable_test.go
1724986282|Kir Kolyshkin|M|src/os/fifo_test.go
1724986282|Kir Kolyshkin|M|src/os/os_test.go
1724986282|Kir Kolyshkin|M|src/os/os_windows_test.go
1724986282|Kir Kolyshkin|M|src/os/user/user_windows_test.go
1724998941|Kir Kolyshkin|M|src/syscall/exec_pdeathsig_test.go
1724998941|Kir Kolyshkin|M|src/syscall/syscall_linux_test.go
1725388122|Ian Lance Taylor|M|src/os/error_errno.go
1725388122|Ian Lance Taylor|M|src/os/error_plan9.go
1725388122|Ian Lance Taylor|M|src/os/getwd.go
1725044707|nlwkobe30|M|src/bufio/bufio_test.go
1725044707|nlwkobe30|M|src/bytes/buffer_test.go
1725044707|nlwkobe30|M|src/bytes/bytes.go
1725044707|nlwkobe30|M|src/cmd/internal/notsha256/sha256_test.go
1725044707|nlwkobe30|M|src/crypto/cipher/ctr_aes_test.go
1725044707|nlwkobe30|M|src/crypto/internal/cryptotest/aead.go
1725044707|nlwkobe30|M|src/crypto/internal/cryptotest/hash.go
1725044707|nlwkobe30|M|src/crypto/md5/md5_test.go
1725044707|nlwkobe30|M|src/crypto/sha1/sha1_test.go
1725044707|nlwkobe30|M|src/crypto/sha256/sha256_test.go
1725044707|nlwkobe30|M|src/crypto/subtle/constant_time_test.go
1725044707|nlwkobe30|M|src/go/internal/gccgoimporter/parser.go
1725044707|nlwkobe30|M|src/internal/stringslite/strings.go
1725044707|nlwkobe30|M|src/math/big/natdiv.go
1725044707|nlwkobe30|M|src/net/http/client_test.go
1725044707|nlwkobe30|M|src/regexp/syntax/parse.go
1725044707|nlwkobe30|M|src/slices/slices.go
1725044707|nlwkobe30|M|src/time/format.go
1725044707|nlwkobe30|M|src/unicode/utf8/utf8_test.go
1723567244|Jorropo|M|src/cmd/compile/internal/ssa/prove.go
1723567244|Jorropo|M|test/prove.go
1723667280|Jorropo|M|src/cmd/compile/internal/ssa/prove.go
1723667280|Jorropo|M|test/prove.go
1725395382|Keith Randall|M|src/cmd/compile/internal/abt/avlint32.go
1725395382|Keith Randall|M|src/cmd/compile/internal/ssa/_gen/S390X.rules
1725395382|Keith Randall|M|src/cmd/compile/internal/ssa/likelyadjust.go
1725395382|Keith Randall|M|src/cmd/compile/internal/ssa/prove.go
1725395382|Keith Randall|M|src/cmd/compile/internal/ssa/regalloc.go
1725395382|Keith Randall|M|src/cmd/compile/internal/ssa/rewrite.go
1725395382|Keith Randall|M|src/cmd/compile/internal/ssa/rewriteS390X.go
1725395382|Keith Randall|M|src/cmd/compile/internal/ssagen/ssa.go
1725395382|Keith Randall|M|src/cmd/dist/util.go
1718780961|Xiaolin Zhao|M|src/crypto/internal/bigmod/nat_asm.go
1718780961|Xiaolin Zhao|A|src/crypto/internal/bigmod/nat_loong64.s
1718780961|Xiaolin Zhao|M|src/crypto/internal/bigmod/nat_noasm.go
1725401581|Ian Lance Taylor|M|src/os/error_errno.go
1725401581|Ian Lance Taylor|M|src/os/error_plan9.go
1725401581|Ian Lance Taylor|M|src/os/getwd.go
1725401581|Ian Lance Taylor|M|src/os/getwd_unix_test.go
1725244839|Wei Fu|M|src/runtime/proc.go
1725280671|Mateusz Poliwczak|M|src/go/printer/nodes.go
1725280671|Mateusz Poliwczak|M|src/go/printer/testdata/generics.golden
1725280671|Mateusz Poliwczak|M|src/go/printer/testdata/generics.input
1724854351|komuw|M|src/crypto/cipher/gcm.go
1724969313|Keith Randall|M|src/runtime/map_noswiss.go
1724969313|Keith Randall|M|src/runtime/map_swiss.go
1724969313|Keith Randall|A|test/fixedbugs/issue69110.go
1725468393|Michael Anthony Knyszek|M|src/unique/handle.go
1725468393|Michael Anthony Knyszek|M|src/unique/handle_test.go
1725448110|Cuong Manh Le|A|src/cmd/internal/hash/hash.go
1725449992|Cuong Manh Le|M|src/cmd/compile/internal/liveness/plive.go
1725449992|Cuong Manh Le|M|src/cmd/internal/obj/objfile.go
1725449992|Cuong Manh Le|M|src/cmd/link/internal/ld/elf.go
1725449992|Cuong Manh Le|M|src/cmd/link/internal/ld/lib.go
1725449527|Cuong Manh Le|M|src/cmd/dist/buildtool.go
1725449527|Cuong Manh Le|D|src/cmd/internal/notsha256/sha256.go
1725449527|Cuong Manh Le|D|src/cmd/internal/notsha256/sha256_test.go
1725449527|Cuong Manh Le|D|src/cmd/internal/notsha256/sha256block.go
1725449527|Cuong Manh Le|D|src/cmd/internal/notsha256/sha256block_386.s
1725449527|Cuong Manh Le|D|src/cmd/internal/notsha256/sha256block_amd64.go
1725449527|Cuong Manh Le|D|src/cmd/internal/notsha256/sha256block_amd64.s
1725449527|Cuong Manh Le|D|src/cmd/internal/notsha256/sha256block_decl.go
1725449527|Cuong Manh Le|D|src/cmd/internal/notsha256/sha256block_generic.go
1725449527|Cuong Manh Le|D|src/cmd/internal/notsha256/sha256block_ppc64x.s
1725417160|Kir Kolyshkin|M|src/cmd/link/internal/ld/dwarf_test.go
1725469061|Cuong Manh Le|M|src/cmd/compile/internal/liveness/intervals.go
1719549992|Garrett Bodley|M|src/cmd/compile/internal/types2/stdlib_test.go
1719549992|Garrett Bodley|A|src/crypto/sha256/_asm/go.mod
1719549992|Garrett Bodley|A|src/crypto/sha256/_asm/go.sum
1719549992|Garrett Bodley|A|src/crypto/sha256/_asm/sha256block_amd64_asm.go
1719549992|Garrett Bodley|M|src/crypto/sha256/sha256block_amd64.s
1719549992|Garrett Bodley|M|src/go/types/stdlib_test.go
1721260853|Garrett Bodley|M|src/cmd/compile/internal/types2/stdlib_test.go
1721260853|Garrett Bodley|A|src/crypto/sha512/_asm/go.mod
1721260853|Garrett Bodley|A|src/crypto/sha512/_asm/go.sum
1721260853|Garrett Bodley|A|src/crypto/sha512/_asm/sha512block_amd64_asm.go
1721260853|Garrett Bodley|M|src/crypto/sha512/sha512block_amd64.s
1721260853|Garrett Bodley|M|src/go/types/stdlib_test.go
1722050222|Garrett Bodley|M|src/cmd/compile/internal/types2/stdlib_test.go
1722050222|Garrett Bodley|A|src/crypto/aes/_asm/gcm/gcm_amd64_asm.go
1722050222|Garrett Bodley|A|src/crypto/aes/_asm/gcm/go.mod
1722050222|Garrett Bodley|A|src/crypto/aes/_asm/gcm/go.sum
1722050222|Garrett Bodley|M|src/crypto/aes/gcm_amd64.s
1722050222|Garrett Bodley|M|src/go/types/stdlib_test.go
1721521385|Garrett Bodley|M|src/cmd/compile/internal/types2/stdlib_test.go
1721521385|Garrett Bodley|A|src/crypto/internal/nistec/_asm/go.mod
1721521385|Garrett Bodley|A|src/crypto/internal/nistec/_asm/go.sum
1721521385|Garrett Bodley|A|src/crypto/internal/nistec/_asm/p256_asm_amd64.go
1721521385|Garrett Bodley|M|src/crypto/internal/nistec/p256_asm_amd64.s
1721521385|Garrett Bodley|M|src/go/types/stdlib_test.go
1725418006|Kir Kolyshkin|M|src/cmd/link/internal/ld/dwarf_test.go
1725490671|Ian Lance Taylor|M|src/os/getwd_unix_test.go
1717465214|Xiaolin Zhao|M|src/crypto/sha256/sha256block_decl.go
1717465214|Xiaolin Zhao|M|src/crypto/sha256/sha256block_generic.go
1717465214|Xiaolin Zhao|A|src/crypto/sha256/sha256block_loong64.s
1725437962|Xiaolin Zhao|M|src/cmd/asm/internal/asm/testdata/loong64enc1.s
1725437962|Xiaolin Zhao|M|src/cmd/internal/obj/loong64/a.out.go
1725437962|Xiaolin Zhao|M|src/cmd/internal/obj/loong64/anames.go
1725437962|Xiaolin Zhao|M|src/cmd/internal/obj/loong64/asm.go
1725473890|Cuong Manh Le|M|src/cmd/compile/internal/types2/initorder.go
1725473890|Cuong Manh Le|M|src/cmd/compile/internal/types2/stmt.go
1725473890|Cuong Manh Le|M|src/go/types/initorder.go
1725473890|Cuong Manh Le|M|src/go/types/stmt.go
1714742499|Roland Shoemaker|M|src/encoding/gob/decode.go
1714742499|Roland Shoemaker|M|src/encoding/gob/decoder.go
1714742499|Roland Shoemaker|M|src/encoding/gob/gobencdec_test.go
1725486704|Kir Kolyshkin|M|src/cmd/go/internal/cache/cache_test.go
1725486704|Kir Kolyshkin|M|src/cmd/go/internal/lockedfile/lockedfile_test.go
1725486704|Kir Kolyshkin|M|src/cmd/go/internal/lockedfile/transform_test.go
1725486704|Kir Kolyshkin|M|src/cmd/go/internal/modfetch/cache_test.go
1725486704|Kir Kolyshkin|M|src/cmd/go/internal/work/build_test.go
1725449479|Tobias Klauser|M|src/cmd/cgo/util.go
1725474100|Cuong Manh Le|M|src/cmd/compile/internal/inline/inlheur/analyze.go
1725474100|Cuong Manh Le|M|src/cmd/compile/internal/liveness/mergelocals.go
1725490892|Robert Griesemer|M|src/cmd/compile/internal/types2/expr.go
1725490892|Robert Griesemer|A|src/cmd/compile/internal/types2/literals.go
1725490892|Robert Griesemer|M|src/go/types/expr.go
1725490892|Robert Griesemer|A|src/go/types/literals.go
1725493065|Robert Griesemer|M|src/go/types/generate_test.go
1725493065|Robert Griesemer|M|src/go/types/literals.go
1725495357|Robert Griesemer|M|src/cmd/compile/internal/types2/expr.go
1725495357|Robert Griesemer|M|src/cmd/compile/internal/types2/literals.go
1725495357|Robert Griesemer|M|src/go/types/expr.go
1725495357|Robert Griesemer|M|src/go/types/literals.go
1725498410|Robert Griesemer|M|src/cmd/compile/internal/types2/expr.go
1725498410|Robert Griesemer|M|src/cmd/compile/internal/types2/literals.go
1725498410|Robert Griesemer|M|src/go/types/expr.go
1725498410|Robert Griesemer|M|src/go/types/generate_test.go
1725498410|Robert Griesemer|M|src/go/types/literals.go
1725572424|Robert Griesemer|M|src/cmd/compile/internal/types2/expr.go
1725572424|Robert Griesemer|M|src/go/types/expr.go
1725422152|Kyle Xiao|M|src/runtime/alg.go
1725422152|Kyle Xiao|M|src/runtime/map_fast32_noswiss.go
1725422152|Kyle Xiao|M|src/runtime/map_fast64_noswiss.go
1725422152|Kyle Xiao|M|src/runtime/map_faststr_noswiss.go
1725422152|Kyle Xiao|M|src/runtime/map_noswiss.go
1725422152|Kyle Xiao|M|src/runtime/mgc.go
1725422152|Kyle Xiao|M|src/runtime/runtime1.go
1725422152|Kyle Xiao|M|src/runtime/string.go
1725422152|Kyle Xiao|M|src/runtime/stubs.go
1725422152|Kyle Xiao|M|src/runtime/symtab.go
1725422152|Kyle Xiao|M|src/runtime/type.go
1725527861|Tobias Klauser|M|src/cmd/asm/internal/lex/input.go
1725495100|Kir Kolyshkin|M|src/cmd/go/internal/toolchain/path_windows.go
1725552433|Mateusz Poliwczak|M|src/go/printer/printer_test.go
1725496316|Kir Kolyshkin|M|src/os/os_test.go
1725496498|Kir Kolyshkin|M|src/cmd/nm/nm_test.go
1725498904|Kir Kolyshkin|M|src/cmd/internal/testdir/testdir_test.go
1725499184|Kir Kolyshkin|M|src/cmd/internal/objabi/pkgspecial.go
1725501589|Kir Kolyshkin|M|src/cmd/internal/goobj/objfile_test.go
1725501589|Kir Kolyshkin|M|src/cmd/internal/obj/loong64/asm_test.go
1725501589|Kir Kolyshkin|M|src/cmd/internal/obj/objfile_test.go
1725501589|Kir Kolyshkin|M|src/cmd/internal/obj/ppc64/asm_test.go
1725501589|Kir Kolyshkin|M|src/cmd/internal/obj/riscv/asm_test.go
1725501589|Kir Kolyshkin|M|src/cmd/internal/obj/x86/obj6_test.go
1725501589|Kir Kolyshkin|M|src/cmd/internal/obj/x86/pcrelative_test.go
1725570899|Kir Kolyshkin|M|src/internal/syscall/unix/eaccess.go
1725377169|Michael Matloob|M|src/cmd/go/internal/load/pkg.go
1725537758|Tobias Klauser|M|src/syscall/zerrors_darwin_amd64.go
1725537758|Tobias Klauser|M|src/syscall/zerrors_darwin_arm64.go
1725537758|Tobias Klauser|M|src/syscall/zerrors_dragonfly_amd64.go
1725537758|Tobias Klauser|M|src/syscall/zerrors_freebsd_386.go
1725537758|Tobias Klauser|M|src/syscall/zerrors_freebsd_amd64.go
1725537758|Tobias Klauser|M|src/syscall/zerrors_freebsd_arm.go
1725537758|Tobias Klauser|M|src/syscall/zerrors_freebsd_arm64.go
1725537758|Tobias Klauser|M|src/syscall/zerrors_freebsd_riscv64.go
1725537758|Tobias Klauser|M|src/syscall/zerrors_linux_386.go
1725537758|Tobias Klauser|M|src/syscall/zerrors_linux_amd64.go
1725537758|Tobias Klauser|M|src/syscall/zerrors_linux_arm.go
1725537758|Tobias Klauser|M|src/syscall/zerrors_linux_arm64.go
1725537758|Tobias Klauser|M|src/syscall/zerrors_linux_mips.go
1725537758|Tobias Klauser|M|src/syscall/zerrors_linux_mips64.go
1725537758|Tobias Klauser|M|src/syscall/zerrors_linux_mips64le.go
1725537758|Tobias Klauser|M|src/syscall/zerrors_linux_mipsle.go
1725537758|Tobias Klauser|M|src/syscall/zerrors_linux_ppc64.go
1725537758|Tobias Klauser|M|src/syscall/zerrors_linux_ppc64le.go
1725537758|Tobias Klauser|M|src/syscall/zerrors_linux_riscv64.go
1725537758|Tobias Klauser|M|src/syscall/zerrors_linux_s390x.go
1725537758|Tobias Klauser|M|src/syscall/zerrors_netbsd_386.go
1725537758|Tobias Klauser|M|src/syscall/zerrors_netbsd_amd64.go
1725537758|Tobias Klauser|M|src/syscall/zerrors_netbsd_arm.go
1725537758|Tobias Klauser|M|src/syscall/zerrors_netbsd_arm64.go
1725537758|Tobias Klauser|M|src/syscall/zerrors_openbsd_386.go
1725537758|Tobias Klauser|M|src/syscall/zerrors_openbsd_amd64.go
1725537758|Tobias Klauser|M|src/syscall/zerrors_openbsd_arm.go
1725537758|Tobias Klauser|M|src/syscall/zerrors_solaris_amd64.go
1725537758|Tobias Klauser|M|src/syscall/zsysnum_darwin_amd64.go
1725537758|Tobias Klauser|M|src/syscall/zsysnum_darwin_arm64.go
1725537758|Tobias Klauser|M|src/syscall/zsysnum_dragonfly_amd64.go
1725537758|Tobias Klauser|M|src/syscall/zsysnum_freebsd_386.go
1725537758|Tobias Klauser|M|src/syscall/zsysnum_freebsd_amd64.go
1725537758|Tobias Klauser|M|src/syscall/zsysnum_freebsd_arm.go
1725537758|Tobias Klauser|M|src/syscall/zsysnum_freebsd_arm64.go
1725537758|Tobias Klauser|M|src/syscall/zsysnum_freebsd_riscv64.go
1725537758|Tobias Klauser|M|src/syscall/zsysnum_linux_386.go
1725537758|Tobias Klauser|M|src/syscall/zsysnum_linux_amd64.go
1725537758|Tobias Klauser|M|src/syscall/zsysnum_linux_arm.go
1725537758|Tobias Klauser|M|src/syscall/zsysnum_linux_arm64.go
1725537758|Tobias Klauser|M|src/syscall/zsysnum_linux_ppc64.go
1725537758|Tobias Klauser|M|src/syscall/zsysnum_linux_ppc64le.go
1725537758|Tobias Klauser|M|src/syscall/zsysnum_netbsd_386.go
1725537758|Tobias Klauser|M|src/syscall/zsysnum_netbsd_amd64.go
1725537758|Tobias Klauser|M|src/syscall/zsysnum_netbsd_arm.go
1725537758|Tobias Klauser|M|src/syscall/zsysnum_netbsd_arm64.go
1725537758|Tobias Klauser|M|src/syscall/zsysnum_openbsd_386.go
1725537758|Tobias Klauser|M|src/syscall/zsysnum_openbsd_amd64.go
1725537758|Tobias Klauser|M|src/syscall/zsysnum_openbsd_arm.go
1725537758|Tobias Klauser|M|src/syscall/zsysnum_solaris_amd64.go
1725537758|Tobias Klauser|M|src/syscall/ztypes_darwin_amd64.go
1725537758|Tobias Klauser|M|src/syscall/ztypes_darwin_arm64.go
1725537758|Tobias Klauser|M|src/syscall/ztypes_dragonfly_amd64.go
1725537758|Tobias Klauser|M|src/syscall/ztypes_freebsd_386.go
1725537758|Tobias Klauser|M|src/syscall/ztypes_freebsd_amd64.go
1725537758|Tobias Klauser|M|src/syscall/ztypes_freebsd_arm.go
1725537758|Tobias Klauser|M|src/syscall/ztypes_freebsd_arm64.go
1725537758|Tobias Klauser|M|src/syscall/ztypes_freebsd_riscv64.go
1725537758|Tobias Klauser|M|src/syscall/ztypes_linux_386.go
1725537758|Tobias Klauser|M|src/syscall/ztypes_linux_amd64.go
1725537758|Tobias Klauser|M|src/syscall/ztypes_linux_arm.go
1725537758|Tobias Klauser|M|src/syscall/ztypes_linux_arm64.go
1725537758|Tobias Klauser|M|src/syscall/ztypes_linux_mips.go
1725537758|Tobias Klauser|M|src/syscall/ztypes_linux_mips64.go
1725537758|Tobias Klauser|M|src/syscall/ztypes_linux_mips64le.go
1725537758|Tobias Klauser|M|src/syscall/ztypes_linux_mipsle.go
1725537758|Tobias Klauser|M|src/syscall/ztypes_linux_ppc64.go
1725537758|Tobias Klauser|M|src/syscall/ztypes_linux_ppc64le.go
1725537758|Tobias Klauser|M|src/syscall/ztypes_linux_riscv64.go
1725537758|Tobias Klauser|M|src/syscall/ztypes_linux_s390x.go
1725537758|Tobias Klauser|M|src/syscall/ztypes_netbsd_386.go
1725537758|Tobias Klauser|M|src/syscall/ztypes_netbsd_amd64.go
1725537758|Tobias Klauser|M|src/syscall/ztypes_netbsd_arm.go
1725537758|Tobias Klauser|M|src/syscall/ztypes_netbsd_arm64.go
1725537758|Tobias Klauser|M|src/syscall/ztypes_openbsd_386.go
1725537758|Tobias Klauser|M|src/syscall/ztypes_openbsd_amd64.go
1725537758|Tobias Klauser|M|src/syscall/ztypes_solaris_amd64.go
1725855725|cuishuang|M|src/cmd/compile/internal/inline/inlheur/scoring.go
1725855725|cuishuang|M|src/cmd/compile/internal/syntax/printer.go
1725855725|cuishuang|M|src/cmd/compile/internal/types2/compiler_internal.go
1725855725|cuishuang|M|src/cmd/go/internal/vcs/discovery.go
1725855725|cuishuang|M|src/cmd/internal/dwarf/dwarf.go
1725855725|cuishuang|M|src/cmd/internal/src/pos.go
1725855725|cuishuang|M|src/go/build/deps_test.go
1725855725|cuishuang|M|src/go/printer/nodes.go
1725855725|cuishuang|M|src/math/big/ftoa.go
1725855725|cuishuang|M|src/time/zoneinfo_windows.go
1712822252|amusman|M|src/cmd/compile/internal/base/debug.go
1712822252|amusman|M|src/cmd/compile/internal/inline/interleaved/interleaved.go
1712822252|amusman|M|src/cmd/compile/internal/noder/reader.go
1712822252|amusman|A|test/tailcall.go
1725872483|qiulaidongfeng|M|src/runtime/panic.go
1725872483|qiulaidongfeng|M|src/runtime/proc.go
1725872483|qiulaidongfeng|M|src/runtime/proc_test.go
1725872483|qiulaidongfeng|M|src/runtime/testdata/testprogcgo/callback.go
1725894234|Cuong Manh Le|M|src/cmd/compile/internal/deadlocals/deadlocals.go
1725894234|Cuong Manh Le|M|src/cmd/compile/internal/inline/inl.go
1725894234|Cuong Manh Le|M|src/cmd/compile/internal/ir/func.go
1725894234|Cuong Manh Le|M|src/cmd/compile/internal/ir/scc.go
1725894234|Cuong Manh Le|M|src/cmd/compile/internal/staticinit/sched.go
1725894234|Cuong Manh Le|M|src/cmd/compile/internal/walk/closure.go
1725776302|WuGuangyao|M|src/runtime/malloc.go
1720734583|Ian Lance Taylor|M|src/reflect/all_test.go
1720734583|Ian Lance Taylor|M|src/reflect/type.go
1720734583|Ian Lance Taylor|M|src/runtime/iface.go
1720734583|Ian Lance Taylor|A|src/runtime/ints.s
1718173654|Xiaolin Zhao|M|src/cmd/compile/internal/ssa/_gen/LOONG64.rules
1718173654|Xiaolin Zhao|M|src/cmd/compile/internal/ssa/rewriteLOONG64.go
1721634817|Meng Zhuo|M|src/math/floor_asm.go
1721634817|Meng Zhuo|M|src/math/floor_noasm.go
1721634817|Meng Zhuo|A|src/math/floor_riscv64.s
1726062043|Tobias Klauser|M|src/cmd/cgo/gcc.go
1725552548|Cuong Manh Le|M|src/cmd/compile/internal/noder/reader.go
1725552548|Cuong Manh Le|M|src/cmd/compile/internal/types/sizeof_test.go
1725552548|Cuong Manh Le|M|src/cmd/compile/internal/types/type.go
1726036422|Cuong Manh Le|M|src/runtime/crash_cgo_test.go
1726036422|Cuong Manh Le|M|src/runtime/panic.go
1726036422|Cuong Manh Le|M|src/runtime/proc.go
1726036422|Cuong Manh Le|M|src/runtime/testdata/testprogcgo/callback.go
1726069736|Jes Cok|M|src/html/template/escape.go
1725576986|Cherry Mui|M|src/cmd/compile/internal/ssagen/abi.go
1725576986|Cherry Mui|M|test/wasmexport2.go
1717386304|Xiaolin Zhao|M|src/internal/bytealg/compare_loong64.s
1725807613|Cuong Manh Le|M|src/cmd/compile/internal/typecheck/typecheck.go
1726143274|Tobias Klauser|M|src/runtime/pprof/pprof_test.go
1725478855|Michael Matloob|M|src/cmd/go/internal/work/exec.go
1725478855|Michael Matloob|A|src/cmd/go/testdata/script/test_default_godebug_issue69203.txt
1718138078|Michael Pratt|M|src/os/pidfd_linux.go
1718138078|Michael Pratt|M|src/syscall/exec_linux.go
1726163291|Cuong Manh Le|M|src/unicode/utf8/utf8.go
1726145252|Tobias Klauser|M|src/cmd/link/internal/ld/lib.go
1726145252|Tobias Klauser|M|src/cmd/link/internal/ld/util.go
1726156001|Jes Cok|M|src/text/template/template.go
1724329758|Mateusz Poliwczak|M|src/go/ast/ast.go
1723454444|Xiaolin Zhao|M|src/cmd/compile/internal/ssa/_gen/LOONG64.rules
1723454444|Xiaolin Zhao|M|src/cmd/compile/internal/ssa/rewrite.go
1723454444|Xiaolin Zhao|M|src/cmd/compile/internal/ssa/rewriteLOONG64.go
1723454444|Xiaolin Zhao|M|test/codegen/mathbits.go
1694595581|Mark Ryan|M|src/crypto/md5/md5block_decl.go
1694595581|Mark Ryan|M|src/crypto/md5/md5block_generic.go
1694595581|Mark Ryan|A|src/crypto/md5/md5block_riscv64.s
1726232836|Jes Cok|M|src/archive/tar/common.go
1726235313|Jes Cok|M|src/cmd/cgo/main.go
1726235313|Jes Cok|M|src/cmd/compile/internal/pgoir/irgraph.go
1726235313|Jes Cok|M|src/cmd/fix/typecheck.go
1726235313|Jes Cok|M|src/cmd/go/internal/load/godebug.go
1726235313|Jes Cok|M|src/cmd/go/internal/load/test.go
1726241430|Cuong Manh Le|A|test/fixedbugs/issue24755.go
1726197351|Cuong Manh Le|M|src/unicode/utf8/utf8.go
1675772107|Joel Sing|M|src/math/big/natdiv.go
1726507059|Michael Pratt|M|src/cmd/compile/internal/escape/expr.go
1726507059|Michael Pratt|M|src/cmd/compile/internal/ir/expr.go
1726507059|Michael Pratt|M|src/cmd/compile/internal/ir/node.go
1726507059|Michael Pratt|M|src/cmd/compile/internal/ir/op_string.go
1726507059|Michael Pratt|M|src/cmd/compile/internal/ssagen/ssa.go
1726507059|Michael Pratt|M|src/cmd/compile/internal/typecheck/typecheck.go
1726507059|Michael Pratt|M|src/cmd/compile/internal/walk/expr.go
1726507059|Michael Pratt|M|src/cmd/compile/internal/walk/walk.go
1726508488|Robert Griesemer|M|src/math/big/natdiv.go
1725630704|qmuntal|M|src/internal/syscall/windows/security_windows.go
1725630704|qmuntal|M|src/os/user/lookup_windows.go
1726510063|Michael Pratt|M|src/cmd/compile/internal/inline/inl.go
1726510063|Michael Pratt|M|src/cmd/compile/internal/ssa/_gen/386Ops.go
1726510063|Michael Pratt|M|src/cmd/compile/internal/ssa/_gen/AMD64Ops.go
1726510063|Michael Pratt|M|src/cmd/compile/internal/ssa/_gen/ARM64Ops.go
1726510063|Michael Pratt|M|src/cmd/compile/internal/ssa/_gen/ARMOps.go
1726510063|Michael Pratt|M|src/cmd/compile/internal/ssa/_gen/LOONG64Ops.go
1726510063|Michael Pratt|M|src/cmd/compile/internal/ssa/_gen/MIPS64Ops.go
1726510063|Michael Pratt|M|src/cmd/compile/internal/ssa/_gen/MIPSOps.go
1726510063|Michael Pratt|M|src/cmd/compile/internal/ssa/_gen/PPC64Ops.go
1726510063|Michael Pratt|M|src/cmd/compile/internal/ssa/_gen/RISCV64Ops.go
1726510063|Michael Pratt|M|src/cmd/compile/internal/ssa/_gen/S390XOps.go
1726510063|Michael Pratt|M|src/cmd/compile/internal/ssa/_gen/genericOps.go
1726510063|Michael Pratt|M|src/cmd/compile/internal/ssagen/intrinsics.go
1726510063|Michael Pratt|M|src/cmd/compile/internal/ssagen/intrinsics_test.go
1726510063|Michael Pratt|M|src/cmd/internal/testdir/testdir_test.go
1726510063|Michael Pratt|A|src/internal/runtime/sys/empty.s
1726510063|Michael Pratt|M|src/internal/runtime/sys/intrinsics.go
1726510063|Michael Pratt|M|src/runtime/asan.go
1726510063|Michael Pratt|M|src/runtime/chan.go
1726510063|Michael Pratt|M|src/runtime/coro.go
1726510063|Michael Pratt|M|src/runtime/debugcall.go
1726510063|Michael Pratt|M|src/runtime/error.go
1726510063|Michael Pratt|M|src/runtime/export_test.go
1726510063|Michael Pratt|M|src/runtime/export_windows_test.go
1726510063|Michael Pratt|M|src/runtime/iface.go
1726510063|Michael Pratt|M|src/runtime/map_fast32_noswiss.go
1726510063|Michael Pratt|M|src/runtime/map_fast64_noswiss.go
1726510063|Michael Pratt|M|src/runtime/map_faststr_noswiss.go
1726510063|Michael Pratt|M|src/runtime/map_noswiss.go
1726510063|Michael Pratt|M|src/runtime/map_swiss.go
1726510063|Michael Pratt|M|src/runtime/mbarrier.go
1726510063|Michael Pratt|M|src/runtime/mprof.go
1726510063|Michael Pratt|M|src/runtime/os2_aix.go
1726510063|Michael Pratt|M|src/runtime/os_solaris.go
1726510063|Michael Pratt|M|src/runtime/os_windows.go
1726510063|Michael Pratt|M|src/runtime/panic.go
1726510063|Michael Pratt|M|src/runtime/panic32.go
1726510063|Michael Pratt|M|src/runtime/proc.go
1726510063|Michael Pratt|M|src/runtime/race_amd64.s
1726510063|Michael Pratt|M|src/runtime/select.go
1726510063|Michael Pratt|M|src/runtime/slice.go
1726510063|Michael Pratt|M|src/runtime/string.go
1726510063|Michael Pratt|M|src/runtime/stubs.go
1726510063|Michael Pratt|M|src/runtime/sys_libc.go
1726510063|Michael Pratt|M|src/runtime/traceback.go
1726510063|Michael Pratt|M|src/runtime/unsafe.go
1726510063|Michael Pratt|A|test/internal/runtime/sys/README
1726510063|Michael Pratt|A|test/internal/runtime/sys/inlinegcpc.go
1726510063|Michael Pratt|M|test/runtime/inlinegcpc.go
1726516716|Michael Pratt|M|src/cmd/compile/internal/inline/inl.go
1726516716|Michael Pratt|M|src/cmd/compile/internal/ir/node.go
1726516716|Michael Pratt|M|src/cmd/compile/internal/ssa/_gen/genericOps.go
1726516716|Michael Pratt|M|src/cmd/compile/internal/ssagen/intrinsics.go
1726516716|Michael Pratt|M|src/cmd/compile/internal/ssagen/intrinsics_test.go
1726516716|Michael Pratt|M|src/cmd/internal/testdir/testdir_test.go
1726516716|Michael Pratt|M|src/internal/runtime/sys/intrinsics.go
1726516716|Michael Pratt|M|src/runtime/asan.go
1726516716|Michael Pratt|M|src/runtime/debugcall.go
1726516716|Michael Pratt|M|src/runtime/export_test.go
1726516716|Michael Pratt|M|src/runtime/export_windows_test.go
1726516716|Michael Pratt|M|src/runtime/lock_js.go
1726516716|Michael Pratt|M|src/runtime/mprof.go
1726516716|Michael Pratt|M|src/runtime/os2_aix.go
1726516716|Michael Pratt|M|src/runtime/os_solaris.go
1726516716|Michael Pratt|M|src/runtime/os_windows.go
1726516716|Michael Pratt|M|src/runtime/panic.go
1726516716|Michael Pratt|M|src/runtime/proc.go
1726516716|Michael Pratt|M|src/runtime/signal_unix.go
1726516716|Michael Pratt|M|src/runtime/stubs.go
1726516716|Michael Pratt|M|src/runtime/stubs_wasm.go
1726516716|Michael Pratt|M|src/runtime/sys_libc.go
1726516716|Michael Pratt|M|src/runtime/traceback.go
1726516716|Michael Pratt|M|test/internal/runtime/sys/inlinegcpc.go
1726516716|Michael Pratt|D|test/runtime/README
1726516716|Michael Pratt|D|test/runtime/inlinegcpc.go
1726531851|sunnymilk|M|src/cmd/compile/internal/ssa/README.md
1726578124|Tobias Klauser|M|src/os/signal/signal.go
1726545589|qiulaidongfeng|M|src/cmd/compile/internal/types2/expr.go
1726545589|qiulaidongfeng|M|src/go/types/expr.go
1726545589|qiulaidongfeng|M|src/internal/types/testdata/check/typeparams.go
1726545589|qiulaidongfeng|M|src/internal/types/testdata/fixedbugs/issue48712.go
1726545589|qiulaidongfeng|M|src/internal/types/testdata/spec/comparisons.go
1726030380|Srinivas Pokala|M|src/cmd/asm/internal/asm/testdata/s390x.s
1726030380|Srinivas Pokala|M|src/cmd/internal/obj/s390x/asmz.go
1726030380|Srinivas Pokala|M|src/cmd/internal/obj/s390x/vector.go
1726562528|Tobias Klauser|M|src/net/netip/netip_test.go
1726152776|Kyle Xiao|M|src/reflect/map_noswiss.go
1726152776|Kyle Xiao|M|src/reflect/map_swiss.go
1726152776|Kyle Xiao|M|src/reflect/value.go
1726152776|Kyle Xiao|M|src/runtime/map_noswiss.go
1726152776|Kyle Xiao|M|test/escape_reflect.go
1723230035|Alan Donovan|M|src/cmd/compile/internal/types2/alias.go
1723230035|Alan Donovan|M|src/cmd/compile/internal/types2/named.go
1723230035|Alan Donovan|M|src/cmd/compile/internal/types2/object.go
1723230035|Alan Donovan|M|src/cmd/compile/internal/types2/typeparam.go
1723230035|Alan Donovan|M|src/go/types/alias.go
1723230035|Alan Donovan|M|src/go/types/named.go
1723230035|Alan Donovan|M|src/go/types/object.go
1723230035|Alan Donovan|M|src/go/types/typeparam.go
1726169017|sunnymilk|M|src/testing/benchmark.go
1727010036|David du Colombier|M|src/cmd/go/script_test.go
1712909909|Song Gao|A|doc/next/6-stdlib/99-minor/archive/66831.md
1712909909|Song Gao|M|src/archive/tar/writer.go
1712909909|Song Gao|M|src/archive/tar/writer_test.go
1712909909|Song Gao|M|src/archive/zip/writer.go
1712909909|Song Gao|M|src/archive/zip/writer_test.go
1724784393|Felix Geisendörfer|M|src/cmd/trace/gstate.go
1724784393|Felix Geisendörfer|M|src/cmd/trace/pprof.go
1724784393|Felix Geisendörfer|M|src/cmd/trace/regions.go
1724784393|Felix Geisendörfer|M|src/cmd/trace/viewer.go
1724784393|Felix Geisendörfer|M|src/internal/trace/event.go
1724784393|Felix Geisendörfer|M|src/internal/trace/summary.go
1724784393|Felix Geisendörfer|M|src/internal/trace/testtrace/validation.go
1724784393|Felix Geisendörfer|M|src/internal/trace/trace_test.go
1724784393|Felix Geisendörfer|M|src/runtime/trace_cgo_test.go
1727103313|封幼林|M|src/cmd/compile/internal/ir/symtab.go
1727103313|封幼林|M|src/cmd/compile/internal/ssagen/ssa.go
1726887767|wanggang|M|src/fmt/print.go
1719686772|Jes Cok|M|src/encoding/asn1/asn1.go
1719686772|Jes Cok|M|src/encoding/asn1/marshal_test.go
1724787856|Paul E. Murphy|M|src/crypto/internal/nistec/p256_asm_ppc64le.s
1724787856|Paul E. Murphy|M|src/crypto/internal/nistec/p256_asm_s390x.s
1724787856|Paul E. Murphy|A|src/crypto/internal/nistec/p256_asm_test.go
1725901922|Sam Thanawalla|M|src/cmd/go/internal/modfetch/codehost/git.go
1721360277|Conrad Irwin|M|src/cmd/go/internal/modload/init.go
1721360277|Conrad Irwin|M|src/cmd/go/internal/modload/load.go
1721360277|Conrad Irwin|M|src/cmd/go/internal/search/search.go
1721360277|Conrad Irwin|A|src/cmd/go/testdata/script/list_tool.txt
1721797870|Conrad Irwin|M|src/cmd/go/alldocs.go
1721797870|Conrad Irwin|M|src/cmd/go/internal/modget/get.go
1721797870|Conrad Irwin|M|src/cmd/go/internal/modload/init.go
1721797870|Conrad Irwin|A|src/cmd/go/testdata/script/mod_get_tool.txt
1726782936|Robert Griesemer|M|src/cmd/compile/internal/types2/expr.go
1726782936|Robert Griesemer|M|src/cmd/compile/internal/types2/typeparam.go
1726782936|Robert Griesemer|M|src/cmd/compile/internal/types2/typeset.go
1726782936|Robert Griesemer|M|src/cmd/compile/internal/types2/under.go
1726782936|Robert Griesemer|M|src/go/types/expr.go
1726782936|Robert Griesemer|M|src/go/types/typeparam.go
1726782936|Robert Griesemer|M|src/go/types/typeset.go
1726782936|Robert Griesemer|M|src/go/types/under.go
1726765615|khr@golang.org|M|src/cmd/compile/internal/ssa/_gen/386.rules
1726765615|khr@golang.org|M|src/cmd/compile/internal/ssa/_gen/AMD64.rules
1726765615|khr@golang.org|M|src/cmd/compile/internal/ssa/_gen/ARM.rules
1726765615|khr@golang.org|M|src/cmd/compile/internal/ssa/_gen/ARM64.rules
1726765615|khr@golang.org|M|src/cmd/compile/internal/ssa/_gen/LOONG64.rules
1726765615|khr@golang.org|M|src/cmd/compile/internal/ssa/_gen/MIPS.rules
1726765615|khr@golang.org|M|src/cmd/compile/internal/ssa/_gen/MIPS64.rules
1726765615|khr@golang.org|M|src/cmd/compile/internal/ssa/_gen/S390X.rules
1726765615|khr@golang.org|M|src/cmd/compile/internal/ssa/_gen/generic.rules
1726765615|khr@golang.org|M|src/cmd/compile/internal/ssa/rewrite.go
1726765615|khr@golang.org|M|src/cmd/compile/internal/ssa/rewrite386.go
1726765615|khr@golang.org|M|src/cmd/compile/internal/ssa/rewriteAMD64.go
1726765615|khr@golang.org|M|src/cmd/compile/internal/ssa/rewriteARM.go
1726765615|khr@golang.org|M|src/cmd/compile/internal/ssa/rewriteARM64.go
1726765615|khr@golang.org|M|src/cmd/compile/internal/ssa/rewriteLOONG64.go
1726765615|khr@golang.org|M|src/cmd/compile/internal/ssa/rewriteMIPS.go
1726765615|khr@golang.org|M|src/cmd/compile/internal/ssa/rewriteMIPS64.go
1726765615|khr@golang.org|M|src/cmd/compile/internal/ssa/rewriteS390X.go
1726765615|khr@golang.org|M|src/cmd/compile/internal/ssa/rewritegeneric.go
1727031876|Zxilly|M|src/runtime/os_wasm.go
1727212108|Robert Griesemer|M|src/cmd/compile/internal/types2/index.go
1727212108|Robert Griesemer|M|src/cmd/compile/internal/types2/literals.go
1727212108|Robert Griesemer|M|src/go/types/index.go
1727212108|Robert Griesemer|M|src/go/types/literals.go
1725578570|Tim King|M|src/internal/buildcfg/exp.go
1725578570|Tim King|M|src/internal/goexperiment/flags.go
1725709449|Felix Geisendörfer|M|src/runtime/mprof.go
1725709449|Felix Geisendörfer|M|src/runtime/pprof/mprof_test.go
1725709449|Felix Geisendörfer|M|src/runtime/pprof/pprof_test.go
1726762856|Roland Shoemaker|M|src/crypto/rsa/pss.go
1726762856|Roland Shoemaker|M|src/crypto/rsa/pss_test.go
1727235688|Brad Fitzpatrick|M|src/cmd/compile/internal/escape/escape.go
1727235688|Brad Fitzpatrick|M|src/cmd/compile/internal/types2/infer.go
1727235688|Brad Fitzpatrick|M|src/go/types/expr.go
1727235688|Brad Fitzpatrick|M|src/go/types/infer.go
1727235688|Brad Fitzpatrick|M|src/internal/concurrent/hashtriemap.go
1727235688|Brad Fitzpatrick|M|src/internal/fuzz/worker.go
1727182401|qiulaidongfeng|M|src/cmd/dist/buildtool.go
1725523003|Cuong Manh Le|M|src/cmd/compile/internal/ssa/_gen/dec.rules
1725523003|Cuong Manh Le|M|src/cmd/compile/internal/ssa/_gen/generic.rules
1725523003|Cuong Manh Le|M|src/cmd/compile/internal/ssa/_gen/genericOps.go
1725523003|Cuong Manh Le|M|src/cmd/compile/internal/ssa/copyelim.go
1725523003|Cuong Manh Le|M|src/cmd/compile/internal/ssa/decompose.go
1725523003|Cuong Manh Le|M|src/cmd/compile/internal/ssa/expand_calls.go
1725523003|Cuong Manh Le|M|src/cmd/compile/internal/ssa/numberlines.go
1725523003|Cuong Manh Le|M|src/cmd/compile/internal/ssa/opGen.go
1725523003|Cuong Manh Le|M|src/cmd/compile/internal/ssa/rewrite.go
1725523003|Cuong Manh Le|M|src/cmd/compile/internal/ssa/rewritedec.go
1725523003|Cuong Manh Le|M|src/cmd/compile/internal/ssa/rewritegeneric.go
1725523003|Cuong Manh Le|M|src/cmd/compile/internal/ssagen/ssa.go
1726527052|Alan Donovan|M|src/cmd/compile/internal/types2/api_predicates.go
1726527052|Alan Donovan|M|src/cmd/compile/internal/types2/api_test.go
1726527052|Alan Donovan|M|src/cmd/compile/internal/types2/call.go
1726527052|Alan Donovan|M|src/cmd/compile/internal/types2/check.go
1726527052|Alan Donovan|M|src/cmd/compile/internal/types2/conversions.go
1726527052|Alan Donovan|M|src/cmd/compile/internal/types2/decl.go
1726527052|Alan Donovan|M|src/cmd/compile/internal/types2/infer.go
1726527052|Alan Donovan|M|src/cmd/compile/internal/types2/instantiate.go
1726527052|Alan Donovan|M|src/cmd/compile/internal/types2/literals.go
1726527052|Alan Donovan|M|src/cmd/compile/internal/types2/lookup.go
1726527052|Alan Donovan|M|src/cmd/compile/internal/types2/operand.go
1726527052|Alan Donovan|M|src/cmd/compile/internal/types2/resolver.go
1726527052|Alan Donovan|M|src/cmd/compile/internal/types2/stmt.go
1726527052|Alan Donovan|M|src/cmd/compile/internal/types2/typeset.go
1726527052|Alan Donovan|M|src/cmd/compile/internal/types2/version.go
1726527052|Alan Donovan|M|src/go/types/api_predicates.go
1726527052|Alan Donovan|M|src/go/types/api_test.go
1726527052|Alan Donovan|M|src/go/types/call.go
1726527052|Alan Donovan|M|src/go/types/check.go
1726527052|Alan Donovan|M|src/go/types/conversions.go
1726527052|Alan Donovan|M|src/go/types/decl.go
1726527052|Alan Donovan|M|src/go/types/infer.go
1726527052|Alan Donovan|M|src/go/types/instantiate.go
1726527052|Alan Donovan|M|src/go/types/literals.go
1726527052|Alan Donovan|M|src/go/types/lookup.go
1726527052|Alan Donovan|M|src/go/types/operand.go
1726527052|Alan Donovan|M|src/go/types/resolver.go
1726527052|Alan Donovan|M|src/go/types/stmt.go
1726527052|Alan Donovan|M|src/go/types/typeset.go
1726527052|Alan Donovan|M|src/go/types/version.go
1727306058|Jason A. Donenfeld|M|src/runtime/vdso_linux.go
1726976498|Jes Cok|M|src/cmd/cgo/out.go
1727338993|apocelipes|M|src/net/http/client.go
1727338993|apocelipes|M|src/net/http/transport_test.go
1727379840|Michael Anthony Knyszek|M|src/unique/handle.go
1727323434|Ian Lance Taylor|M|src/cmd/go/internal/work/exec.go
1727323434|Ian Lance Taylor|M|src/cmd/go/testdata/script/cgo_undef.txt
1720847884|Shulhan|M|src/runtime/runtime-gdb_test.go
1727256444|Xiaolin Zhao|M|src/cmd/internal/obj/loong64/obj.go
1727455361|Robert Griesemer|M|src/cmd/compile/internal/types2/call.go
1727455361|Robert Griesemer|M|src/go/types/call.go
1727457856|Robert Griesemer|M|src/cmd/compile/internal/types2/check.go
1727457856|Robert Griesemer|M|src/cmd/compile/internal/types2/scope.go
1727457856|Robert Griesemer|M|src/cmd/compile/internal/types2/typexpr.go
1727457856|Robert Griesemer|M|src/go/types/check.go
1727457856|Robert Griesemer|M|src/go/types/scope.go
1727457856|Robert Griesemer|M|src/go/types/typexpr.go
1722643590|Matt Harbison|M|src/cmd/go/internal/vcs/vcs.go
1722643590|Matt Harbison|M|src/cmd/go/testdata/script/version_buildvcs_hg.txt
1727460238|Robert Griesemer|M|src/cmd/compile/internal/types2/check.go
1727460238|Robert Griesemer|M|src/go/types/check.go
1727460238|Robert Griesemer|M|src/go/types/eval.go
1726969529|Jason A. Donenfeld|M|src/crypto/rand/rand_test.go
1726969529|Jason A. Donenfeld|M|src/internal/syscall/unix/getrandom.go
1726969529|Jason A. Donenfeld|M|src/runtime/os_linux.go
1726969529|Jason A. Donenfeld|M|src/runtime/sys_linux_amd64.s
1726969529|Jason A. Donenfeld|M|src/runtime/sys_linux_arm64.s
1726969529|Jason A. Donenfeld|M|src/runtime/sys_linux_loong64.s
1726969529|Jason A. Donenfeld|M|src/runtime/sys_linux_ppc64x.s
1726969529|Jason A. Donenfeld|M|src/runtime/sys_linux_s390x.s
1726969529|Jason A. Donenfeld|M|src/runtime/vdso_linux_amd64.go
1726969529|Jason A. Donenfeld|M|src/runtime/vdso_linux_arm64.go
1726969529|Jason A. Donenfeld|M|src/runtime/vdso_linux_loong64.go
1726969529|Jason A. Donenfeld|M|src/runtime/vdso_linux_ppc64x.go
1726969529|Jason A. Donenfeld|M|src/runtime/vdso_linux_s390x.go
1726969529|Jason A. Donenfeld|A|src/runtime/vgetrandom_linux.go
1726969529|Jason A. Donenfeld|A|src/runtime/vgetrandom_unsupported.go
1727464858|Mateusz Poliwczak|M|src/net/net.go
1727467032|Mateusz Poliwczak|M|src/net/conf.go
1724862390|Sam Thanawalla|M|src/cmd/go/internal/load/pkg.go
1724862390|Sam Thanawalla|M|src/cmd/go/internal/modfetch/codehost/vcs.go
1724862390|Sam Thanawalla|M|src/cmd/go/testdata/script/version_buildvcs_hg.txt
1727576640|Jason A. Donenfeld|A|src/internal/syscall/unix/getrandom_linux_test.go
1727576640|Jason A. Donenfeld|M|src/runtime/vgetrandom_linux.go
1727471970|Damien Neil|M|src/crypto/internal/randutil/randutil.go
1727471970|Damien Neil|M|src/go/build/deps_test.go
1727714854|Jason A. Donenfeld|M|src/runtime/stubs.go
1727719270|Mateusz Poliwczak|M|src/internal/syscall/unix/getrandom.go
1727719270|Mateusz Poliwczak|M|src/runtime/vgetrandom_linux.go
1727587413|Matt T. Proud|M|src/context/context.go
1727730640|Robert Griesemer|M|src/cmd/compile/internal/syntax/parser.go
1727730640|Robert Griesemer|A|src/cmd/compile/internal/syntax/testdata/issue69506.go
1727730640|Robert Griesemer|M|src/cmd/compile/internal/syntax/testdata/tparams.go
1727730640|Robert Griesemer|M|src/go/parser/parser.go
1727730640|Robert Griesemer|A|src/go/parser/testdata/issue69506.go2
1727730640|Robert Griesemer|M|test/fixedbugs/bug388.go
1727730640|Robert Griesemer|M|test/func3.go
1723567691|Sam Thanawalla|M|src/cmd/go/alldocs.go
1723567691|Sam Thanawalla|M|src/cmd/go/internal/auth/auth.go
1723567691|Sam Thanawalla|A|src/cmd/go/internal/auth/auth_test.go
1723567691|Sam Thanawalla|M|src/cmd/go/internal/cfg/cfg.go
1723567691|Sam Thanawalla|M|src/cmd/go/internal/envcmd/env.go
1723567691|Sam Thanawalla|M|src/cmd/go/internal/help/helpdoc.go
1723567691|Sam Thanawalla|A|src/cmd/go/testdata/script/goauth_netrc.txt
1723567691|Sam Thanawalla|M|src/internal/cfg/cfg.go
1727776204|Cuong Manh Le|M|test/fixedbugs/issue69434.go
1727779759|favonia|M|src/net/dial.go
1725621558|Austin Clements|M|src/cmd/internal/obj/x86/asm6.go
1727820205|Robert Griesemer|M|doc/go_spec.html
1727752508|Jes Cok|A|doc/next/6-stdlib/99-minor/encoding/json/45669.md
1727752508|Jes Cok|M|src/encoding/json/encode.go
1727752508|Jes Cok|M|src/encoding/json/encode_test.go
1727865285|Tobias Klauser|M|src/syscall/exec_linux.go
1727260369|qiulaidongfeng|A|api/next/54670.txt
1727260369|qiulaidongfeng|A|doc/next/6-stdlib/99-minor/hash/maphash/54670.md
1727260369|qiulaidongfeng|M|src/hash/maphash/maphash.go
1727260369|qiulaidongfeng|M|src/hash/maphash/maphash_purego.go
1727260369|qiulaidongfeng|M|src/hash/maphash/maphash_runtime.go
1727260369|qiulaidongfeng|M|src/hash/maphash/maphash_test.go
1724101122|Rhys Hiltner|M|src/cmd/compile/internal/ssa/_gen/AMD64.rules
1724101122|Rhys Hiltner|M|src/cmd/compile/internal/ssa/_gen/genericOps.go
1724101122|Rhys Hiltner|M|src/cmd/compile/internal/ssa/opGen.go
1724101122|Rhys Hiltner|M|src/cmd/compile/internal/ssa/rewriteAMD64.go
1724101122|Rhys Hiltner|M|src/cmd/compile/internal/ssagen/intrinsics.go
1724101122|Rhys Hiltner|M|src/cmd/compile/internal/ssagen/intrinsics_test.go
1727810976|Michael Matloob|M|src/cmd/go/internal/work/security.go
1727810976|Michael Matloob|M|src/cmd/go/internal/work/security_test.go
1727827491|Robert Griesemer|M|src/cmd/compile/internal/types2/issues_test.go
1727827491|Robert Griesemer|M|src/cmd/compile/internal/types2/literals.go
1727827491|Robert Griesemer|M|src/go/types/issues_test.go
1727827491|Robert Griesemer|M|src/go/types/literals.go
1727904012|Michael Pratt|M|src/syscall/exec_linux.go
1727970975|Mateusz Poliwczak|M|src/go/ast/internal/tests/sortimports_test.go
1727969002|Tobias Klauser|M|src/slices/example_test.go
1727462240|qiulaidongfeng|M|src/cmd/go/testdata/script/list_pkgconfig_error.txt
1727983780|Robert Griesemer|M|src/cmd/compile/internal/types2/infer.go
1727983780|Robert Griesemer|M|src/go/types/infer.go
1727675589|xieyuschen|M|src/os/os_test.go
1727675589|xieyuschen|M|src/os/testdata/dirfs/dir/x
1725057842|Ian Lance Taylor|M|src/cmd/cgo/internal/testerrors/errors_test.go
1725057842|Ian Lance Taylor|A|src/cmd/cgo/internal/testerrors/testdata/issue69176.go
1725057842|Ian Lance Taylor|M|src/cmd/cgo/out.go
1727478903|David Chase|M|src/cmd/go/go_test.go
1722532052|Filippo Valsorda|M|src/crypto/rand/example_test.go
1722532052|Filippo Valsorda|M|src/crypto/rand/rand.go
1722532052|Filippo Valsorda|M|src/crypto/rand/util.go
1722532052|Filippo Valsorda|M|src/runtime/panic.go
1724528663|Filippo Valsorda|A|src/crypto/rand/internal/seccomp/seccomp_linux.go
1724528663|Filippo Valsorda|A|src/crypto/rand/internal/seccomp/seccomp_unsupported.go
1724528663|Filippo Valsorda|M|src/crypto/rand/rand.go
1724528663|Filippo Valsorda|M|src/crypto/rand/rand_aix.go
1724528663|Filippo Valsorda|M|src/crypto/rand/rand_getrandom.go
1724528663|Filippo Valsorda|A|src/crypto/rand/rand_linux_test.go
1724528663|Filippo Valsorda|M|src/crypto/rand/rand_test.go
1724528663|Filippo Valsorda|M|src/go/build/deps_test.go
1724587218|Filippo Valsorda|M|src/crypto/rand/rand_js.go
1724587218|Filippo Valsorda|M|src/crypto/rand/rand_test.go
1724693835|Filippo Valsorda|M|doc/godebug.md
1724693835|Filippo Valsorda|M|src/crypto/rand/rand.go
1724693835|Filippo Valsorda|M|src/crypto/rand/rand_linux_test.go
1724693835|Filippo Valsorda|M|src/crypto/rand/rand_test.go
1724693835|Filippo Valsorda|M|src/internal/godebugs/table.go
1724693835|Filippo Valsorda|M|src/runtime/metrics/doc.go
1724695210|Filippo Valsorda|M|src/runtime/os_linux.go
1724695210|Filippo Valsorda|M|src/runtime/os_openbsd.go
1724695210|Filippo Valsorda|M|src/runtime/rand.go
1728114741|xieyuschen|M|src/os/os_unix_test.go
1728210050|Sean Liao|M|src/io/fs/fs.go
1728077034|Damien Neil|A|src/internal/syscall/windows/string_windows.go
1728077034|Damien Neil|M|src/internal/syscall/windows/syscall_windows.go
1728077034|Damien Neil|M|src/internal/syscall/windows/types_windows.go
1728077034|Damien Neil|M|src/internal/syscall/windows/zsyscall_windows.go
1728233276|Elias Naur|M|src/iter/pull_test.go
1728076745|Damien Neil|M|src/internal/syscall/unix/asm_darwin.s
1728076745|Damien Neil|M|src/internal/syscall/unix/asm_openbsd.s
1728076745|Damien Neil|M|src/internal/syscall/unix/at.go
1728076745|Damien Neil|M|src/internal/syscall/unix/at_aix.go
1728076745|Damien Neil|A|src/internal/syscall/unix/at_darwin.go
1728076745|Damien Neil|M|src/internal/syscall/unix/at_libc.go
1728076745|Damien Neil|A|src/internal/syscall/unix/at_openbsd.go
1728076745|Damien Neil|M|src/internal/syscall/unix/at_solaris.go
1728076745|Damien Neil|M|src/internal/syscall/unix/at_sysnum_dragonfly.go
1728076745|Damien Neil|M|src/internal/syscall/unix/at_sysnum_freebsd.go
1728076745|Damien Neil|M|src/internal/syscall/unix/at_sysnum_linux.go
1728076745|Damien Neil|M|src/internal/syscall/unix/at_sysnum_netbsd.go
1728076745|Damien Neil|M|src/internal/syscall/unix/at_sysnum_openbsd.go
1728076745|Damien Neil|M|src/internal/syscall/unix/at_wasip1.go
1728076745|Damien Neil|A|src/internal/syscall/unix/syscall.go
1728076745|Damien Neil|M|src/internal/syscall/unix/sysnum_linux_386.go
1728076745|Damien Neil|M|src/internal/syscall/unix/sysnum_linux_amd64.go
1728076745|Damien Neil|M|src/internal/syscall/unix/sysnum_linux_arm.go
1728076745|Damien Neil|M|src/internal/syscall/unix/sysnum_linux_generic.go
1728076745|Damien Neil|M|src/internal/syscall/unix/sysnum_linux_mips64x.go
1728076745|Damien Neil|M|src/internal/syscall/unix/sysnum_linux_mipsx.go
1728076745|Damien Neil|M|src/internal/syscall/unix/sysnum_linux_ppc64x.go
1728076745|Damien Neil|M|src/internal/syscall/unix/sysnum_linux_s390x.go
1728056767|Michael Anthony Knyszek|M|src/internal/syscall/unix/net_darwin.go
1728056767|Michael Anthony Knyszek|M|src/net/cgo_unix.go
1728056767|Michael Anthony Knyszek|M|src/net/cgo_unix_cgo.go
1728056767|Michael Anthony Knyszek|M|src/net/cgo_unix_syscall.go
1728385932|Tobias Klauser|M|src/encoding/asn1/asn1.go
1713815337|Michael Pratt|M|src/go/build/deps_test.go
1713815337|Michael Pratt|A|src/internal/runtime/maps/export_test.go
1713815337|Michael Pratt|A|src/internal/runtime/maps/fuzz_test.go
1713815337|Michael Pratt|A|src/internal/runtime/maps/group.go
1713815337|Michael Pratt|A|src/internal/runtime/maps/internal/abi/map_swiss.go
1713815337|Michael Pratt|A|src/internal/runtime/maps/map.go
1713815337|Michael Pratt|A|src/internal/runtime/maps/map_test.go
1713815337|Michael Pratt|A|src/internal/runtime/maps/runtime.go
1713815337|Michael Pratt|A|src/internal/runtime/maps/table.go
1713815337|Michael Pratt|A|src/internal/runtime/maps/table_debug.go
1713815337|Michael Pratt|M|src/runtime/malloc.go
1713815337|Michael Pratt|M|src/runtime/mbarrier.go
1713815337|Michael Pratt|M|src/runtime/rand.go
1728489813|Michael Pratt|M|src/internal/runtime/maps/group.go
1728463687|qmuntal|M|src/syscall/syscall_windows.go
1728491801|Keith Randall|M|src/cmd/compile/internal/ssa/expand_calls.go
1728491801|Keith Randall|A|test/fixedbugs/issue69825.go
1728509541|Ian Lance Taylor|M|src/os/os_test.go
1728550876|qmuntal|M|src/os/file_windows.go
1728550876|qmuntal|M|src/syscall/syscall_windows.go
1728550876|qmuntal|M|src/syscall/syscall_windows_test.go
1728551353|qmuntal|M|src/syscall/syscall_windows.go
1728551353|qmuntal|M|src/syscall/syscall_windows_test.go
1727368941|zhangjian|M|src/cmd/go/internal/work/gc.go
1727368941|zhangjian|A|src/cmd/go/testdata/script/build_shared_reproducible.txt
1728619137|xzhang39|M|src/cmd/go/internal/list/list.go
1728619137|xzhang39|M|src/cmd/go/internal/load/pkg.go
1728619137|xzhang39|M|src/cmd/go/internal/load/test.go
1728619137|xzhang39|M|src/cmd/go/internal/work/action.go
1728619137|xzhang39|M|src/cmd/go/testdata/script/list_test_cycle.txt
1728619137|xzhang39|M|src/cmd/go/testdata/script/mod_import_cycle.txt
1728654436|Tobias Klauser|M|src/net/lookup_test.go
1728616920|apocelipes|M|src/cmd/cgo/ast.go
1728616920|apocelipes|M|src/cmd/cgo/main.go
1728616920|apocelipes|M|src/cmd/go/internal/base/path.go
1728616920|apocelipes|M|src/cmd/go/internal/envcmd/env.go
1728616920|apocelipes|M|src/cmd/go/internal/fsys/fsys.go
1728616920|apocelipes|M|src/cmd/go/internal/imports/scan.go
1728616920|apocelipes|M|src/cmd/go/internal/list/list.go
1728616920|apocelipes|M|src/cmd/go/internal/load/godebug.go
1728616920|apocelipes|M|src/cmd/go/internal/modfetch/codehost/git.go
1728616920|apocelipes|M|src/cmd/go/internal/modfetch/fetch.go
1728616920|apocelipes|M|src/cmd/go/internal/modget/get.go
1728616920|apocelipes|M|src/cmd/go/internal/modload/init.go
1728616920|apocelipes|M|src/cmd/go/internal/run/run.go
1728616920|apocelipes|M|src/cmd/go/internal/search/search.go
1728616920|apocelipes|M|src/cmd/go/internal/vcweb/vcstest/vcstest.go
1728616920|apocelipes|M|src/cmd/go/internal/work/action.go
1728616920|apocelipes|M|src/cmd/go/internal/work/gc.go
1728616920|apocelipes|M|src/cmd/go/internal/work/gccgo.go
1728931577|Ian Lance Taylor|M|src/runtime/time.go
1728931577|Ian Lance Taylor|M|src/time/sleep_test.go
1728584445|Austin Clements|M|src/runtime/mgc.go
1728937820|Robert Pająk|M|src/time/sleep.go
1728665636|Ryan Granger|M|src/crypto/tls/handshake_client_test.go
1728925555|Alan Donovan|M|src/go/internal/gcimporter/gcimporter.go
1728925555|Alan Donovan|M|src/go/internal/gcimporter/gcimporter_test.go
1728925555|Alan Donovan|D|src/go/internal/gcimporter/iimport.go
1728925555|Alan Donovan|M|src/go/internal/gcimporter/support.go
1727331437|Xiaolin Zhao|M|src/cmd/compile/internal/loong64/ssa.go
1727331437|Xiaolin Zhao|M|src/cmd/compile/internal/ssa/_gen/LOONG64.rules
1727331437|Xiaolin Zhao|M|src/cmd/compile/internal/ssa/_gen/LOONG64Ops.go
1727331437|Xiaolin Zhao|M|src/cmd/compile/internal/ssa/opGen.go
1727331437|Xiaolin Zhao|M|src/cmd/compile/internal/ssa/rewriteLOONG64.go
1727331437|Xiaolin Zhao|M|test/codegen/floats.go
1727331437|Xiaolin Zhao|M|test/codegen/memcombine.go
1729088325|qmuntal|M|src/syscall/syscall_windows.go
1729088325|qmuntal|M|src/syscall/syscall_windows_test.go
1728621911|xieyuschen|M|src/os/file.go
1729169846|Mauri de Souza Meneguzzo|M|src/internal/runtime/atomic/atomic_386.go
1729169846|Mauri de Souza Meneguzzo|M|src/internal/runtime/atomic/atomic_386.s
1729169846|Mauri de Souza Meneguzzo|M|src/internal/runtime/atomic/xchg8_test.go
1728754492|Mateusz Poliwczak|M|src/go/ast/ast.go
1729219077|Shuo Wang|M|src/syscall/syscall_linux_test.go
1729094139|Paul E. Murphy|M|src/cmd/asm/internal/asm/asm.go
1729094139|Paul E. Murphy|M|src/cmd/asm/internal/asm/testdata/ppc64.s
1726624730|Michael Anthony Knyszek|M|src/runtime/malloc.go
1726624730|Michael Anthony Knyszek|M|src/runtime/mbitmap.go
1729417563|Sean Liao|M|src/encoding/xml/marshal.go
1727979491|Michael Anthony Knyszek|M|src/runtime/malloc.go
1727980021|Michael Anthony Knyszek|M|src/runtime/malloc.go
1727980429|Michael Anthony Knyszek|M|src/runtime/malloc.go
1726865800|Michael Anthony Knyszek|M|src/cmd/compile/internal/test/inl_test.go
1726865800|Michael Anthony Knyszek|M|src/runtime/malloc.go
1726865800|Michael Anthony Knyszek|M|src/runtime/mbitmap.go
1728313866|Cherry Mui|M|src/cmd/link/internal/ld/elf.go
1728313866|Cherry Mui|M|src/cmd/link/internal/ld/macho.go
1728313866|Cherry Mui|M|src/cmd/link/internal/ld/macho_update_uuid.go
1728313866|Cherry Mui|M|src/cmd/link/internal/ld/main.go
1728313866|Cherry Mui|M|test/fixedbugs/issue14636.go
1728405753|Cherry Mui|M|src/cmd/internal/buildid/rewrite.go
1728407867|Cherry Mui|M|src/cmd/link/internal/ld/lib.go
1728407867|Cherry Mui|M|src/cmd/link/internal/ld/macho_combine_dwarf.go
1728407867|Cherry Mui|M|src/cmd/link/internal/ld/macho_update_uuid.go
1728407867|Cherry Mui|M|src/cmd/link/link_test.go
1728424769|Cherry Mui|M|src/cmd/link/elf_test.go
1728424769|Cherry Mui|M|src/cmd/link/internal/ld/lib.go
1728424769|Cherry Mui|M|src/cmd/link/internal/ld/main.go
1729089183|qmuntal|M|src/internal/syscall/windows/at_windows.go
1729089183|qmuntal|A|src/internal/syscall/windows/at_windows_test.go
1729485771|Jes Cok|M|src/database/sql/sql.go
1729485771|Jes Cok|M|src/database/sql/sql_test.go
1717416160|Alfonso Subiotto Marques|M|src/runtime/alg.go
1729529902|Michael Pratt|M|test/live.go
1729529902|Michael Pratt|M|test/live_noswiss.go
1729529902|Michael Pratt|M|test/live_swiss.go
1729530116|Cherry Mui|M|src/runtime/mem_sbrk.go
1729530116|Cherry Mui|M|src/runtime/mem_wasm.go
1729530116|Cherry Mui|M|src/runtime/os_wasm.go
1729530116|Cherry Mui|M|src/runtime/sys_wasm.s
1728582746|Michael Pratt|M|src/cmd/compile/internal/reflectdata/map_swiss.go
1728582746|Michael Pratt|M|src/cmd/link/internal/ld/decodesym.go
1728582746|Michael Pratt|M|src/cmd/link/internal/ld/dwarf.go
1728582746|Michael Pratt|M|src/runtime/runtime-gdb.py
1728582746|Michael Pratt|M|src/runtime/runtime-gdb_test.go
1729215023|limeidan|M|src/cmd/compile/internal/ssa/_gen/LOONG64.rules
1729215023|limeidan|M|src/cmd/compile/internal/ssa/rewriteLOONG64.go
1718875363|limeidan|M|src/cmd/compile/internal/ssa/_gen/LOONG64.rules
1718875363|limeidan|M|src/cmd/compile/internal/ssa/rewriteLOONG64.go
1729550198|Keith Randall|M|src/cmd/compile/internal/arm64/ssa.go
1729550198|Keith Randall|M|src/cmd/internal/obj/link.go
1729550198|Keith Randall|A|test/codegen/spills.go
1728926908|David Chase|M|src/cmd/compile/internal/inline/inl.go
1728432028|Max Neverov|M|src/cmd/compile/internal/types2/decl.go
1728432028|Max Neverov|M|src/cmd/compile/internal/types2/initorder.go
1728432028|Max Neverov|M|src/go/types/decl.go
1728432028|Max Neverov|M|src/go/types/initorder.go
1728432028|Max Neverov|M|test/fixedbugs/bug195.go
1728432028|Max Neverov|M|test/fixedbugs/issue41575.go
1728432028|Max Neverov|M|test/fixedbugs/issue50788.dir/b.go
1728432028|Max Neverov|M|test/initloop.go
1729617209|Robert Griesemer|M|src/cmd/compile/internal/types2/expr.go
1729617209|Robert Griesemer|M|src/cmd/compile/internal/types2/operand.go
1729617209|Robert Griesemer|M|src/go/types/expr.go
1729617209|Robert Griesemer|M|src/go/types/operand.go
1729642893|Ian Lance Taylor|M|src/runtime/debug/mod.go
1729502520|Youlin Feng|M|src/cmd/compile/internal/ssa/_gen/generic.rules
1729502520|Youlin Feng|M|src/cmd/compile/internal/ssa/rewritegeneric.go
1729547260|Mauri de Souza Meneguzzo|M|src/cmd/asm/internal/arch/arm.go
1729547260|Mauri de Souza Meneguzzo|M|src/cmd/asm/internal/asm/testdata/armerror.s
1729547260|Mauri de Souza Meneguzzo|M|src/cmd/asm/internal/asm/testdata/armv6.s
1729547260|Mauri de Souza Meneguzzo|M|src/cmd/internal/obj/arm/a.out.go
1729547260|Mauri de Souza Meneguzzo|M|src/cmd/internal/obj/arm/anames.go
1729547260|Mauri de Souza Meneguzzo|M|src/cmd/internal/obj/arm/asm5.go
1726769070|Filippo Valsorda|M|src/crypto/sha256/_asm/sha256block_amd64_asm.go
1726769070|Filippo Valsorda|A|src/crypto/sha256/_asm/sha256block_amd64_avx2.go
1726769070|Filippo Valsorda|A|src/crypto/sha256/_asm/sha256block_amd64_shani.go
1726769070|Filippo Valsorda|D|src/crypto/sha256/fallback_test.go
1726769070|Filippo Valsorda|M|src/crypto/sha256/sha256block_amd64.go
1726769070|Filippo Valsorda|M|src/crypto/sha256/sha256block_amd64.s
1726769070|Filippo Valsorda|M|src/crypto/sha256/sha256block_arm64.go
1726769070|Filippo Valsorda|M|src/crypto/sha256/sha256block_arm64.s
1726769070|Filippo Valsorda|D|src/crypto/sha256/sha256block_decl.go
1726769070|Filippo Valsorda|A|src/crypto/sha256/sha256block_asm.go
1726769070|Filippo Valsorda|D|src/crypto/sha256/sha256block_generic.go
1726769070|Filippo Valsorda|A|src/crypto/sha256/sha256block_noasm.go
1726769070|Filippo Valsorda|A|src/crypto/sha256/sha256block_ppc64x.go
1726769070|Filippo Valsorda|M|src/crypto/sha256/sha256block_ppc64x.s
1726769070|Filippo Valsorda|M|src/crypto/sha256/sha256block_s390x.go
1726769070|Filippo Valsorda|M|src/crypto/sha256/sha256block_s390x.s
1726769070|Filippo Valsorda|D|src/crypto/sha512/fallback_test.go
1726769070|Filippo Valsorda|M|src/crypto/sha512/sha512block_arm64.go
1726769070|Filippo Valsorda|M|src/crypto/sha512/sha512block_arm64.s
1726769070|Filippo Valsorda|D|src/crypto/sha512/sha512block_decl.go
1726769070|Filippo Valsorda|A|src/crypto/sha512/sha512block_asm.go
1726769070|Filippo Valsorda|D|src/crypto/sha512/sha512block_generic.go
1726769070|Filippo Valsorda|A|src/crypto/sha512/sha512block_noasm.go
1726769070|Filippo Valsorda|A|src/crypto/sha512/sha512block_ppc64x.go
1726769070|Filippo Valsorda|M|src/crypto/sha512/sha512block_ppc64x.s
1726769070|Filippo Valsorda|M|src/crypto/sha512/sha512block_s390x.go
1726769070|Filippo Valsorda|M|src/crypto/sha512/sha512block_s390x.s
1726769070|Filippo Valsorda|M|src/cmd/compile/internal/types2/stdlib_test.go
1726769070|Filippo Valsorda|D|src/crypto/sha256/_asm/go.mod
1726769070|Filippo Valsorda|A|src/crypto/internal/fips/sha256/_asm/go.mod
1726769070|Filippo Valsorda|D|src/crypto/sha256/_asm/go.sum
1726769070|Filippo Valsorda|A|src/crypto/internal/fips/sha256/_asm/go.sum
1726769070|Filippo Valsorda|D|src/crypto/sha256/_asm/sha256block_amd64_asm.go
1726769070|Filippo Valsorda|A|src/crypto/internal/fips/sha256/_asm/sha256block_amd64_asm.go
1726769070|Filippo Valsorda|D|src/crypto/sha256/_asm/sha256block_amd64_avx2.go
1726769070|Filippo Valsorda|A|src/crypto/internal/fips/sha256/_asm/sha256block_amd64_avx2.go
1726769070|Filippo Valsorda|D|src/crypto/sha256/_asm/sha256block_amd64_shani.go
1726769070|Filippo Valsorda|A|src/crypto/internal/fips/sha256/_asm/sha256block_amd64_shani.go
1726769070|Filippo Valsorda|A|src/crypto/internal/fips/sha256/sha256.go
1726769070|Filippo Valsorda|D|src/crypto/sha256/sha256block.go
1726769070|Filippo Valsorda|A|src/crypto/internal/fips/sha256/sha256block.go
1726769070|Filippo Valsorda|D|src/crypto/sha256/sha256block_386.s
1726769070|Filippo Valsorda|A|src/crypto/internal/fips/sha256/sha256block_386.s
1726769070|Filippo Valsorda|D|src/crypto/sha256/sha256block_amd64.go
1726769070|Filippo Valsorda|A|src/crypto/internal/fips/sha256/sha256block_amd64.go
1726769070|Filippo Valsorda|D|src/crypto/sha256/sha256block_amd64.s
1726769070|Filippo Valsorda|A|src/crypto/internal/fips/sha256/sha256block_amd64.s
1726769070|Filippo Valsorda|D|src/crypto/sha256/sha256block_arm64.go
1726769070|Filippo Valsorda|A|src/crypto/internal/fips/sha256/sha256block_arm64.go
1726769070|Filippo Valsorda|D|src/crypto/sha256/sha256block_arm64.s
1726769070|Filippo Valsorda|A|src/crypto/internal/fips/sha256/sha256block_arm64.s
1726769070|Filippo Valsorda|D|src/crypto/sha256/sha256block_asm.go
1726769070|Filippo Valsorda|A|src/crypto/internal/fips/sha256/sha256block_asm.go
1726769070|Filippo Valsorda|D|src/crypto/sha256/sha256block_loong64.s
1726769070|Filippo Valsorda|A|src/crypto/internal/fips/sha256/sha256block_loong64.s
1726769070|Filippo Valsorda|D|src/crypto/sha256/sha256block_noasm.go
1726769070|Filippo Valsorda|A|src/crypto/internal/fips/sha256/sha256block_noasm.go
1726769070|Filippo Valsorda|D|src/crypto/sha256/sha256block_ppc64x.go
1726769070|Filippo Valsorda|A|src/crypto/internal/fips/sha256/sha256block_ppc64x.go
1726769070|Filippo Valsorda|D|src/crypto/sha256/sha256block_ppc64x.s
1726769070|Filippo Valsorda|A|src/crypto/internal/fips/sha256/sha256block_ppc64x.s
1726769070|Filippo Valsorda|D|src/crypto/sha256/sha256block_riscv64.s
1726769070|Filippo Valsorda|A|src/crypto/internal/fips/sha256/sha256block_riscv64.s
1726769070|Filippo Valsorda|D|src/crypto/sha256/sha256block_s390x.go
1726769070|Filippo Valsorda|A|src/crypto/internal/fips/sha256/sha256block_s390x.go
1726769070|Filippo Valsorda|D|src/crypto/sha256/sha256block_s390x.s
1726769070|Filippo Valsorda|A|src/crypto/internal/fips/sha256/sha256block_s390x.s
1726769070|Filippo Valsorda|D|src/crypto/sha512/_asm/go.mod
1726769070|Filippo Valsorda|A|src/crypto/internal/fips/sha512/_asm/go.mod
1726769070|Filippo Valsorda|D|src/crypto/sha512/_asm/go.sum
1726769070|Filippo Valsorda|A|src/crypto/internal/fips/sha512/_asm/go.sum
1726769070|Filippo Valsorda|D|src/crypto/sha512/_asm/sha512block_amd64_asm.go
1726769070|Filippo Valsorda|A|src/crypto/internal/fips/sha512/_asm/sha512block_amd64_asm.go
1726769070|Filippo Valsorda|A|src/crypto/internal/fips/sha512/sha512.go
1726769070|Filippo Valsorda|D|src/crypto/sha512/sha512block.go
1726769070|Filippo Valsorda|A|src/crypto/internal/fips/sha512/sha512block.go
1726769070|Filippo Valsorda|D|src/crypto/sha512/sha512block_amd64.go
1726769070|Filippo Valsorda|A|src/crypto/internal/fips/sha512/sha512block_amd64.go
1726769070|Filippo Valsorda|D|src/crypto/sha512/sha512block_amd64.s
1726769070|Filippo Valsorda|A|src/crypto/internal/fips/sha512/sha512block_amd64.s
1726769070|Filippo Valsorda|D|src/crypto/sha512/sha512block_arm64.go
1726769070|Filippo Valsorda|A|src/crypto/internal/fips/sha512/sha512block_arm64.go
1726769070|Filippo Valsorda|D|src/crypto/sha512/sha512block_arm64.s
1726769070|Filippo Valsorda|A|src/crypto/internal/fips/sha512/sha512block_arm64.s
1726769070|Filippo Valsorda|D|src/crypto/sha512/sha512block_asm.go
1726769070|Filippo Valsorda|A|src/crypto/internal/fips/sha512/sha512block_asm.go
1726769070|Filippo Valsorda|D|src/crypto/sha512/sha512block_loong64.s
1726769070|Filippo Valsorda|A|src/crypto/internal/fips/sha512/sha512block_loong64.s
1726769070|Filippo Valsorda|D|src/crypto/sha512/sha512block_noasm.go
1726769070|Filippo Valsorda|A|src/crypto/internal/fips/sha512/sha512block_noasm.go
1726769070|Filippo Valsorda|D|src/crypto/sha512/sha512block_ppc64x.go
1726769070|Filippo Valsorda|A|src/crypto/internal/fips/sha512/sha512block_ppc64x.go
1726769070|Filippo Valsorda|D|src/crypto/sha512/sha512block_ppc64x.s
1726769070|Filippo Valsorda|A|src/crypto/internal/fips/sha512/sha512block_ppc64x.s
1726769070|Filippo Valsorda|D|src/crypto/sha512/sha512block_riscv64.s
1726769070|Filippo Valsorda|A|src/crypto/internal/fips/sha512/sha512block_riscv64.s
1726769070|Filippo Valsorda|D|src/crypto/sha512/sha512block_s390x.go
1726769070|Filippo Valsorda|A|src/crypto/internal/fips/sha512/sha512block_s390x.go
1726769070|Filippo Valsorda|D|src/crypto/sha512/sha512block_s390x.s
1726769070|Filippo Valsorda|A|src/crypto/internal/fips/sha512/sha512block_s390x.s
1726769070|Filippo Valsorda|M|src/crypto/sha256/sha256.go
1726769070|Filippo Valsorda|M|src/crypto/sha256/sha256_test.go
1726769070|Filippo Valsorda|M|src/crypto/sha512/sha512.go
1726769070|Filippo Valsorda|M|src/crypto/sha512/sha512_test.go
1726769070|Filippo Valsorda|M|src/go/build/deps_test.go
1726769070|Filippo Valsorda|M|src/go/types/stdlib_test.go
1727708892|Filippo Valsorda|A|src/crypto/internal/fips/subtle/xor.go
1727708892|Filippo Valsorda|D|src/crypto/subtle/xor_amd64.go
1727708892|Filippo Valsorda|A|src/crypto/internal/fips/subtle/xor_amd64.go
1727708892|Filippo Valsorda|D|src/crypto/subtle/xor_amd64.s
1727708892|Filippo Valsorda|A|src/crypto/internal/fips/subtle/xor_amd64.s
1727708892|Filippo Valsorda|D|src/crypto/subtle/xor_arm64.go
1727708892|Filippo Valsorda|A|src/crypto/internal/fips/subtle/xor_arm64.go
1727708892|Filippo Valsorda|D|src/crypto/subtle/xor_arm64.s
1727708892|Filippo Valsorda|A|src/crypto/internal/fips/subtle/xor_arm64.s
1727708892|Filippo Valsorda|D|src/crypto/subtle/xor_generic.go
1727708892|Filippo Valsorda|A|src/crypto/internal/fips/subtle/xor_generic.go
1727708892|Filippo Valsorda|D|src/crypto/subtle/xor_loong64.go
1727708892|Filippo Valsorda|A|src/crypto/internal/fips/subtle/xor_loong64.go
1727708892|Filippo Valsorda|D|src/crypto/subtle/xor_loong64.s
1727708892|Filippo Valsorda|A|src/crypto/internal/fips/subtle/xor_loong64.s
1727708892|Filippo Valsorda|D|src/crypto/subtle/xor_ppc64x.go
1727708892|Filippo Valsorda|A|src/crypto/internal/fips/subtle/xor_ppc64x.go
1727708892|Filippo Valsorda|D|src/crypto/subtle/xor_ppc64x.s
1727708892|Filippo Valsorda|A|src/crypto/internal/fips/subtle/xor_ppc64x.s
1727708892|Filippo Valsorda|D|src/crypto/subtle/xor_test.go
1727708892|Filippo Valsorda|A|src/crypto/internal/fips/subtle/xor_test.go
1727708892|Filippo Valsorda|M|src/crypto/subtle/xor.go
1727708892|Filippo Valsorda|M|src/go/build/deps_test.go
1726697140|Siddhartha Bagaria|M|src/cmd/link/internal/ld/lib.go
1729648334|Shuo Wang|M|src/runtime/runtime-gdb_test.go
1729036064|Sean Liao|M|src/net/http/pprof/pprof.go
1729700397|Robert Griesemer|M|src/cmd/compile/internal/types2/decl.go
1729700397|Robert Griesemer|M|src/cmd/compile/internal/types2/initorder.go
1729700397|Robert Griesemer|M|src/go/types/decl.go
1729700397|Robert Griesemer|M|src/go/types/initorder.go
1728616123|Xiaolin Zhao|M|src/cmd/compile/internal/ssa/rewrite.go
1728616123|Xiaolin Zhao|M|test/codegen/slices.go
1729502388|Xiaolin Zhao|M|src/cmd/compile/internal/ssa/_gen/LOONG64.rules
1729502388|Xiaolin Zhao|M|src/cmd/compile/internal/ssa/rewriteLOONG64.go
1719497033|Joel Sing|M|src/cmd/asm/internal/arch/arch.go
1719497033|Joel Sing|M|src/cmd/internal/obj/riscv/cpu.go
1719497033|Joel Sing|M|src/cmd/internal/obj/riscv/list.go
1719497033|Joel Sing|M|src/cmd/internal/obj/riscv/obj.go
1727116999|Damien Neil|M|src/net/http/transport.go
1727116999|Damien Neil|M|src/net/http/transport_test.go
1729779099|Michael Anthony Knyszek|M|src/runtime/malloc.go
1729778927|Paul E. Murphy|M|src/cmd/compile/internal/ssa/_gen/PPC64.rules
1729778927|Paul E. Murphy|M|src/cmd/compile/internal/ssa/rewrite.go
1729778927|Paul E. Murphy|M|src/cmd/compile/internal/ssa/rewritePPC64.go
1729778927|Paul E. Murphy|M|test/codegen/shift.go
1729612922|Cherry Mui|M|src/cmd/link/elf_test.go
1729612922|Cherry Mui|M|src/cmd/link/internal/ld/lib.go
1729787338|Damien Neil|A|doc/next/6-stdlib/99-minor/net/http/65035.md
1727360625|Joel Sing|M|src/cmd/asm/internal/asm/testdata/riscv64.s
1727360625|Joel Sing|M|src/cmd/internal/obj/riscv/anames.go
1727360625|Joel Sing|M|src/cmd/internal/obj/riscv/cpu.go
1729768290|Oleksandr Redko|M|src/net/http/pprof/pprof.go
1722934955|qmuntal|M|src/runtime/extern.go
1722934955|qmuntal|M|src/runtime/symtab.go
1729746654|Andy Pan|M|src/internal/poll/sendfile_bsd.go
1729844644|Ruslan Semagin|M|src/net/http/pprof/pprof.go
1729879462|David Chase|M|src/cmd/compile/internal/escape/solve.go
1729879462|David Chase|M|src/cmd/compile/internal/ir/func.go
1729879462|David Chase|M|src/cmd/compile/internal/ir/sizeof_test.go
1729879462|David Chase|M|src/cmd/compile/internal/rangefunc/rangefunc_test.go
1729703199|Mauri de Souza Meneguzzo|M|src/internal/runtime/atomic/atomic_arm.go
1729703199|Mauri de Souza Meneguzzo|M|src/internal/runtime/atomic/atomic_arm.s
1729870902|changwang ma|M|src/os/os_windows_test.go
1727708052|Filippo Valsorda|A|src/crypto/internal/fips/sha3/_asm/go.mod
1727708052|Filippo Valsorda|A|src/crypto/internal/fips/sha3/_asm/go.sum
1727708052|Filippo Valsorda|A|src/crypto/internal/fips/sha3/_asm/keccakf_amd64_asm.go
1727708052|Filippo Valsorda|A|src/crypto/internal/fips/sha3/allocations_test.go
1727708052|Filippo Valsorda|A|src/crypto/internal/fips/sha3/doc.go
1727708052|Filippo Valsorda|A|src/crypto/internal/fips/sha3/hashes.go
1727708052|Filippo Valsorda|A|src/crypto/internal/fips/sha3/hashes_noasm.go
1727708052|Filippo Valsorda|A|src/crypto/internal/fips/sha3/keccakf.go
1727708052|Filippo Valsorda|A|src/crypto/internal/fips/sha3/keccakf_amd64.go
1727708052|Filippo Valsorda|A|src/crypto/internal/fips/sha3/keccakf_amd64.s
1727708052|Filippo Valsorda|A|src/crypto/internal/fips/sha3/sha3.go
1727708052|Filippo Valsorda|A|src/crypto/internal/fips/sha3/sha3_s390x.go
1727708052|Filippo Valsorda|A|src/crypto/internal/fips/sha3/sha3_s390x.s
1727708052|Filippo Valsorda|A|src/crypto/internal/fips/sha3/sha3_test.go
1727708052|Filippo Valsorda|A|src/crypto/internal/fips/sha3/shake.go
1727708052|Filippo Valsorda|A|src/crypto/internal/fips/sha3/shake_noasm.go
1727708052|Filippo Valsorda|A|src/crypto/internal/fips/sha3/testdata/keccakKats.json.deflate
1727708052|Filippo Valsorda|M|src/go/build/deps_test.go
1727868587|Filippo Valsorda|M|src/crypto/internal/fips/sha3/_asm/keccakf_amd64_asm.go
1727868587|Filippo Valsorda|M|src/crypto/internal/fips/sha3/hashes.go
1727868587|Filippo Valsorda|M|src/crypto/internal/fips/sha3/keccakf.go
1727868587|Filippo Valsorda|D|src/crypto/internal/fips/sha3/keccakf_amd64.go
1727868587|Filippo Valsorda|M|src/crypto/internal/fips/sha3/sha3.go
1727868587|Filippo Valsorda|A|src/crypto/internal/fips/sha3/sha3_amd64.go
1727868587|Filippo Valsorda|D|src/crypto/internal/fips/sha3/keccakf_amd64.s
1727868587|Filippo Valsorda|A|src/crypto/internal/fips/sha3/sha3_amd64.s
1727868587|Filippo Valsorda|M|src/crypto/internal/fips/sha3/sha3_noasm.go
1727868587|Filippo Valsorda|M|src/crypto/internal/fips/sha3/sha3_s390x.go
1727868587|Filippo Valsorda|M|src/crypto/internal/fips/sha3/sha3_s390x.s
1727868587|Filippo Valsorda|M|src/crypto/internal/fips/sha3/sha3_test.go
1727868587|Filippo Valsorda|M|src/crypto/internal/fips/sha3/shake.go
1729162091|Filippo Valsorda|M|src/crypto/internal/fips/hmac/hmac.go
1729162091|Filippo Valsorda|A|src/crypto/internal/fips/indicator.go
1729162091|Filippo Valsorda|A|src/crypto/internal/fips/indicator_test.go
1729162091|Filippo Valsorda|M|src/crypto/internal/fips/sha256/sha256.go
1729162091|Filippo Valsorda|M|src/crypto/internal/fips/sha3/sha3.go
1729162091|Filippo Valsorda|M|src/crypto/internal/fips/sha3/shake.go
1729162091|Filippo Valsorda|M|src/crypto/internal/fips/sha512/sha512.go
1729162091|Filippo Valsorda|M|src/runtime/runtime1.go
1729162091|Filippo Valsorda|M|src/runtime/runtime2.go
1729162091|Filippo Valsorda|M|src/runtime/sizeof_test.go
1649659103|Eric Lagergren|M|src/crypto/aes/asm_arm64.s
1729859686|qmuntal|M|src/crypto/internal/hpke/hpke.go
1730121850|qmuntal|M|src/cmd/go/internal/telemetrystats/version_windows.go
1730121850|qmuntal|M|src/cmd/internal/osinfo/os_windows.go
1730121850|qmuntal|M|src/internal/syscall/windows/version_windows.go
1728069648|Michael Pratt|M|src/internal/runtime/maps/export_test.go
1728069648|Michael Pratt|M|src/internal/runtime/maps/map.go
1728069648|Michael Pratt|M|src/internal/runtime/maps/map_test.go
1728069648|Michael Pratt|M|src/internal/runtime/maps/table.go
1723648888|Michael Pratt|M|src/cmd/compile/internal/reflectdata/map_swiss.go
1723648888|Michael Pratt|M|src/cmd/link/internal/ld/dwarf.go
1723648888|Michael Pratt|M|src/internal/runtime/maps/export_test.go
1723648888|Michael Pratt|M|src/internal/runtime/maps/map.go
1723648888|Michael Pratt|M|src/internal/runtime/maps/map_swiss_test.go
1723648888|Michael Pratt|M|src/internal/runtime/maps/map_test.go
1723648888|Michael Pratt|M|src/internal/runtime/maps/table.go
1723648888|Michael Pratt|M|src/runtime/map_swiss_test.go
1723648888|Michael Pratt|M|src/runtime/runtime-gdb.py
1723648888|Michael Pratt|M|src/runtime/runtime-gdb_test.go
1730136220|Michael Anthony Knyszek|M|src/bufio/bufio_test.go
1730136220|Michael Anthony Knyszek|M|src/cmd/cgo/internal/test/test.go
1730136220|Michael Anthony Knyszek|M|src/cmd/compile/internal/test/issue53888_test.go
1730136220|Michael Anthony Knyszek|M|src/cmd/dist/test.go
1730136220|Michael Anthony Knyszek|M|src/crypto/rand/rand_test.go
1730136220|Michael Anthony Knyszek|M|src/database/sql/convert_test.go
1730136220|Michael Anthony Knyszek|M|src/encoding/binary/binary_test.go
1730136220|Michael Anthony Knyszek|M|src/log/slog/attr_test.go
1730136220|Michael Anthony Knyszek|M|src/log/slog/logger_test.go
1730136220|Michael Anthony Knyszek|M|src/log/slog/value_test.go
1730136220|Michael Anthony Knyszek|M|src/net/netip/netip_test.go
1730136220|Michael Anthony Knyszek|M|src/net/udpsock_test.go
1730136220|Michael Anthony Knyszek|M|src/reflect/all_test.go
1730136220|Michael Anthony Knyszek|M|src/runtime/arena.go
1730136220|Michael Anthony Knyszek|M|src/runtime/debug_test.go
1730136220|Michael Anthony Knyszek|M|src/runtime/gc_test.go
1730136220|Michael Anthony Knyszek|M|src/runtime/malloc_test.go
1730136220|Michael Anthony Knyszek|M|src/runtime/mfinal_test.go
1730136220|Michael Anthony Knyszek|M|src/runtime/pprof/mprof_test.go
1730136220|Michael Anthony Knyszek|M|src/runtime/pprof/protomem_test.go
1730136220|Michael Anthony Knyszek|M|src/slices/slices_test.go
1730136220|Michael Anthony Knyszek|M|src/strings/builder_test.go
1729882073|Damien Neil|M|src/internal/poll/fd_posix.go
1729882073|Damien Neil|D|src/internal/poll/sendfile_bsd.go
1729882073|Damien Neil|D|src/internal/poll/sendfile_linux.go
1729882073|Damien Neil|M|src/internal/poll/sendfile_solaris.go
1729882073|Damien Neil|A|src/internal/poll/sendfile_unix.go
1729882073|Damien Neil|M|src/net/sendfile_test.go
1729882073|Damien Neil|M|src/net/sendfile_unix_alt.go
1729882073|Damien Neil|M|src/os/copy_test.go
1729882073|Damien Neil|M|src/os/zero_copy_solaris.go
1729772248|Joel Sing|M|src/cmd/internal/objfile/disasm.go
1729772248|Joel Sing|M|src/cmd/internal/objfile/elf.go
1729772248|Joel Sing|M|src/cmd/objdump/objdump_test.go
1729772248|Joel Sing|A|src/cmd/vendor/golang.org/x/arch/riscv64/riscv64asm/arg.go
1729772248|Joel Sing|A|src/cmd/vendor/golang.org/x/arch/riscv64/riscv64asm/csr_string.go
1729772248|Joel Sing|A|src/cmd/vendor/golang.org/x/arch/riscv64/riscv64asm/decode.go
1729772248|Joel Sing|A|src/cmd/vendor/golang.org/x/arch/riscv64/riscv64asm/gnu.go
1729772248|Joel Sing|A|src/cmd/vendor/golang.org/x/arch/riscv64/riscv64asm/inst.go
1729772248|Joel Sing|A|src/cmd/vendor/golang.org/x/arch/riscv64/riscv64asm/plan9x.go
1729772248|Joel Sing|A|src/cmd/vendor/golang.org/x/arch/riscv64/riscv64asm/tables.go
1729772248|Joel Sing|M|src/cmd/vendor/modules.txt
1729270485|Filippo Valsorda|A|src/crypto/internal/fips/cast.go
1729270485|Filippo Valsorda|A|src/crypto/internal/fips/cast_external_test.go
1729270485|Filippo Valsorda|A|src/crypto/internal/fips/cast_test.go
1729270485|Filippo Valsorda|A|src/crypto/internal/fips/hmac/cast.go
1729270485|Filippo Valsorda|A|src/crypto/internal/fips/sha256/cast.go
1729270485|Filippo Valsorda|A|src/crypto/internal/fips/sha3/cast.go
1729270485|Filippo Valsorda|A|src/crypto/internal/fips/sha512/cast.go
1729270485|Filippo Valsorda|M|src/runtime/panic.go
1726065856|Jayanth Krishnamurthy|M|src/cmd/asm/internal/asm/testdata/ppc64.s
1726065856|Jayanth Krishnamurthy|M|src/cmd/internal/obj/ppc64/asm9.go
1726065856|Jayanth Krishnamurthy|M|src/internal/bytealg/compare_ppc64x.s
1726065856|Jayanth Krishnamurthy|M|src/runtime/memclr_ppc64x.s
1726065856|Jayanth Krishnamurthy|M|src/runtime/memmove_ppc64x.s
1730213826|Michael Anthony Knyszek|D|src/runtime/norace_linux_test.go
1730213826|Michael Anthony Knyszek|A|src/runtime/nosan_linux_test.go
1730150113|Keith Randall|M|src/bytes/buffer.go
1730150113|Keith Randall|M|src/runtime/string.go
1724271436|Michael Pratt|M|src/cmd/compile/internal/reflectdata/map_swiss.go
1724271436|Michael Pratt|M|src/internal/runtime/maps/export_test.go
1724271436|Michael Pratt|M|src/internal/runtime/maps/fuzz_test.go
1724271436|Michael Pratt|M|src/internal/runtime/maps/group.go
1724271436|Michael Pratt|M|src/internal/runtime/maps/map.go
1724271436|Michael Pratt|M|src/internal/runtime/maps/map_test.go
1724271436|Michael Pratt|M|src/internal/runtime/maps/table.go
1724271436|Michael Pratt|M|src/internal/runtime/maps/table_debug.go
1724271436|Michael Pratt|M|src/runtime/map_swiss.go
1724271436|Michael Pratt|M|src/runtime/map_swiss_test.go
1726077750|Michael Pratt|M|src/go/build/deps_test.go
1726077750|Michael Pratt|A|src/internal/runtime/maps/runtime_swiss.go
1726077750|Michael Pratt|M|src/runtime/alg.go
1726077750|Michael Pratt|M|src/runtime/map_swiss.go
1729691767|Joel Sing|M|src/cmd/internal/obj/riscv/anames.go
1729691767|Joel Sing|M|src/cmd/internal/obj/riscv/cpu.go
1729691767|Joel Sing|M|src/cmd/internal/obj/riscv/inst.go
1729691767|Joel Sing|M|src/cmd/internal/obj/riscv/obj.go
1726500122|Michael Pratt|M|src/go/build/deps_test.go
1726500122|Michael Pratt|M|src/internal/race/race.go
1726500122|Michael Pratt|M|src/runtime/race.go
1726605004|Michael Pratt|M|src/cmd/compile/internal/reflectdata/map_swiss.go
1726605004|Michael Pratt|M|src/internal/runtime/maps/map.go
1726605004|Michael Pratt|M|src/internal/runtime/maps/runtime_swiss.go
1726605004|Michael Pratt|M|src/internal/runtime/maps/table.go
1726605004|Michael Pratt|M|src/runtime/map_swiss.go
1726776400|Michael Pratt|M|src/cmd/compile/internal/walk/walk.go
1726776400|Michael Pratt|M|src/internal/runtime/maps/map.go
1726776400|Michael Pratt|A|src/internal/runtime/maps/runtime_fast32_swiss.go
1726776400|Michael Pratt|A|src/internal/runtime/maps/runtime_fast64_swiss.go
1726776400|Michael Pratt|A|src/internal/runtime/maps/runtime_faststr_swiss.go
1726776400|Michael Pratt|M|src/internal/runtime/maps/runtime_swiss.go
1726776400|Michael Pratt|M|src/reflect/map_swiss.go
1726776400|Michael Pratt|M|src/runtime/map_fast32_swiss.go
1726776400|Michael Pratt|M|src/runtime/map_fast64_swiss.go
1726776400|Michael Pratt|M|src/runtime/map_faststr_swiss.go
1726776400|Michael Pratt|M|src/runtime/map_swiss.go
1726776400|Michael Pratt|M|test/live.go
1726776400|Michael Pratt|M|test/live_noswiss.go
1726776400|Michael Pratt|M|test/live_regabi.go
1726776400|Michael Pratt|M|test/live_regabi_noswiss.go
1726776400|Michael Pratt|M|test/live_regabi_swiss.go
1726776400|Michael Pratt|M|test/live_swiss.go
1728932707|Michael Pratt|M|src/internal/runtime/maps/export_test.go
1728932707|Michael Pratt|M|src/internal/runtime/maps/group.go
1728932707|Michael Pratt|M|src/internal/runtime/maps/map.go
1728932707|Michael Pratt|M|src/internal/runtime/maps/runtime_fast32_swiss.go
1728932707|Michael Pratt|M|src/internal/runtime/maps/runtime_fast64_swiss.go
1728932707|Michael Pratt|M|src/internal/runtime/maps/runtime_faststr_swiss.go
1728932707|Michael Pratt|M|src/internal/runtime/maps/runtime_swiss.go
1728932707|Michael Pratt|M|src/internal/runtime/maps/table.go
1728932707|Michael Pratt|M|src/internal/runtime/maps/table_debug.go
1729282632|Michael Pratt|M|src/internal/runtime/maps/table.go
1729883334|Michael Pratt|M|src/cmd/compile/internal/typecheck/_builtin/runtime.go
1729883334|Michael Pratt|M|src/cmd/compile/internal/typecheck/builtin.go
1729883334|Michael Pratt|M|src/cmd/compile/internal/walk/builtin.go
1729883334|Michael Pratt|M|src/internal/abi/map_swiss.go
1729883334|Michael Pratt|M|src/internal/runtime/maps/export_test.go
1729883334|Michael Pratt|M|src/internal/runtime/maps/map.go
1729883334|Michael Pratt|M|src/runtime/map_swiss.go
1729883334|Michael Pratt|M|test/live.go
1729883334|Michael Pratt|D|test/live_noswiss.go
1729883334|Michael Pratt|M|test/live_regabi.go
1729883334|Michael Pratt|D|test/live_regabi_noswiss.go
1729883334|Michael Pratt|D|test/live_regabi_swiss.go
1729883334|Michael Pratt|D|test/live_swiss.go
1730249200|Ian Lance Taylor|A|src/cmd/internal/osinfo/os_solaris.go
1730249200|Ian Lance Taylor|A|src/cmd/internal/osinfo/os_syscall.go
1730249200|Ian Lance Taylor|A|src/cmd/internal/osinfo/os_sysctl.go
1730249200|Ian Lance Taylor|A|src/cmd/internal/osinfo/os_uname.go
1730249200|Ian Lance Taylor|D|src/cmd/internal/osinfo/os_unix.go
1730249200|Ian Lance Taylor|A|src/cmd/internal/osinfo/version_unix_test.go
1730223083|Damien Neil|M|src/internal/poll/sendfile_unix.go
1729584888|Hao Liu|M|src/cmd/internal/obj/arm64/obj7.go
1730326893|Ian Lance Taylor|M|src/cmd/go/main.go
1730286447|George Adams|M|src/os/os_windows_test.go
1730358735|Adam|M|src/math/big/int.go
1730393384|Paul E. Murphy|M|src/os/os_test.go
1730390808|Richard Miller|M|src/crypto/rand/rand_test.go
1730182718|Andy Pan|M|src/internal/poll/sendfile_unix.go
1730247505|Andy Pan|M|src/net/sendfile_linux.go
1730247505|Andy Pan|M|src/os/zero_copy_linux.go
1730247505|Andy Pan|M|src/os/zero_copy_solaris.go
1730358665|Xiaolin Zhao|M|src/cmd/asm/internal/asm/testdata/loong64enc1.s
1730358665|Xiaolin Zhao|M|src/cmd/internal/obj/loong64/a.out.go
1730358665|Xiaolin Zhao|M|src/cmd/internal/obj/loong64/anames.go
1730358665|Xiaolin Zhao|M|src/cmd/internal/obj/loong64/asm.go
1729889924|Keith Randall|M|src/internal/runtime/maps/group.go
1730394608|khr@golang.org|M|src/internal/runtime/maps/map.go
1730394608|khr@golang.org|M|src/internal/runtime/maps/runtime_fast32_swiss.go
1730394608|khr@golang.org|M|src/internal/runtime/maps/runtime_fast64_swiss.go
1730394608|khr@golang.org|M|src/internal/runtime/maps/runtime_faststr_swiss.go
1730394608|khr@golang.org|M|src/internal/runtime/maps/table.go
1730415873|khr@golang.org|M|src/internal/runtime/maps/map.go
1730415873|khr@golang.org|M|src/internal/runtime/maps/runtime_fast32_swiss.go
1730415873|khr@golang.org|M|src/internal/runtime/maps/runtime_fast64_swiss.go
1730415873|khr@golang.org|M|src/internal/runtime/maps/runtime_faststr_swiss.go
1730415873|khr@golang.org|M|src/internal/runtime/maps/table.go
1730454950|cuishuang|M|src/bufio/bufio_test.go
1730454950|cuishuang|M|src/bufio/example_test.go
1729816832|Ian Lance Taylor|M|src/cmd/go/internal/work/security.go
1729816832|Ian Lance Taylor|M|src/cmd/go/internal/work/security_test.go
1730160761|Ian Lance Taylor|M|src/cmd/dist/build.go
1730160761|Ian Lance Taylor|M|src/internal/syslist/syslist.go
1730635785|Nigel Tao|M|src/image/jpeg/writer.go
1730431069|Youlin Feng|M|src/cmd/compile/internal/types2/call.go
1730431069|Youlin Feng|M|src/go/types/call.go
1730431069|Youlin Feng|A|src/internal/types/testdata/fixedbugs/issue70150.go
1730644020|Cuong Manh Le|M|src/cmd/compile/internal/noder/writer.go
1730644020|Cuong Manh Le|A|src/cmd/compile/testdata/script/issue70173.txt
1730745156|Michael Matloob|M|src/cmd/go/go_test.go
1730745156|Michael Matloob|M|src/cmd/go/internal/vcweb/vcstest/vcstest.go
1730745156|Michael Matloob|M|src/cmd/go/internal/web/http.go
1730745156|Michael Matloob|A|src/cmd/go/internal/web/intercept/intercept.go
1730443175|Xiaolin Zhao|A|src/hash/crc32/crc32_loong64.go
1730443175|Xiaolin Zhao|A|src/hash/crc32/crc32_loong64.s
1730443175|Xiaolin Zhao|M|src/hash/crc32/crc32_otherarch.go
1730759786|Dmitri Shuralyov|M|src/time/time_test.go
1729690380|qiulaidongfeng|M|src/cmd/go/internal/envcmd/env.go
1730382300|cuishuang|M|src/time/example_test.go
1730382300|cuishuang|M|src/time/format.go
1730382300|cuishuang|M|src/time/tick_test.go
1730382300|cuishuang|M|src/time/time_test.go
1730747875|Markus|M|src/net/internal/cgotest/resstate.go
1730297880|Russ Cox|M|src/cmd/compile/internal/staticdata/embed.go
1730297880|Russ Cox|A|src/cmd/compile/testdata/script/embedbad.txt
1723568507|Sam Thanawalla|M|src/cmd/go/alldocs.go
1723568507|Sam Thanawalla|M|src/cmd/go/internal/auth/auth.go
1723568507|Sam Thanawalla|A|src/cmd/go/internal/auth/gitauth.go
1723568507|Sam Thanawalla|A|src/cmd/go/internal/auth/gitauth_test.go
1723568507|Sam Thanawalla|M|src/cmd/go/internal/help/helpdoc.go
1723568507|Sam Thanawalla|M|src/cmd/go/internal/web/http.go
1723568507|Sam Thanawalla|A|src/cmd/go/testdata/script/goauth_git.txt
1730476668|Dmitri Shuralyov|M|src/cmd/go.mod
1730476668|Dmitri Shuralyov|M|src/cmd/go.sum
1730476668|Dmitri Shuralyov|M|src/cmd/vendor/golang.org/x/sys/unix/ioctl_linux.go
1730476668|Dmitri Shuralyov|M|src/cmd/vendor/golang.org/x/sys/unix/mkerrors.sh
1730476668|Dmitri Shuralyov|M|src/cmd/vendor/golang.org/x/sys/unix/syscall_linux.go
1730476668|Dmitri Shuralyov|M|src/cmd/vendor/golang.org/x/sys/unix/syscall_zos_s390x.go
1730476668|Dmitri Shuralyov|M|src/cmd/vendor/golang.org/x/sys/unix/zerrors_linux.go
1730476668|Dmitri Shuralyov|M|src/cmd/vendor/golang.org/x/sys/unix/zerrors_linux_386.go
1730476668|Dmitri Shuralyov|M|src/cmd/vendor/golang.org/x/sys/unix/zerrors_linux_amd64.go
1730476668|Dmitri Shuralyov|M|src/cmd/vendor/golang.org/x/sys/unix/zerrors_linux_arm.go
1730476668|Dmitri Shuralyov|M|src/cmd/vendor/golang.org/x/sys/unix/zerrors_linux_arm64.go
1730476668|Dmitri Shuralyov|M|src/cmd/vendor/golang.org/x/sys/unix/zerrors_linux_loong64.go
1730476668|Dmitri Shuralyov|M|src/cmd/vendor/golang.org/x/sys/unix/zerrors_linux_mips.go
1730476668|Dmitri Shuralyov|M|src/cmd/vendor/golang.org/x/sys/unix/zerrors_linux_mips64.go
1730476668|Dmitri Shuralyov|M|src/cmd/vendor/golang.org/x/sys/unix/zerrors_linux_mips64le.go
1730476668|Dmitri Shuralyov|M|src/cmd/vendor/golang.org/x/sys/unix/zerrors_linux_mipsle.go
1730476668|Dmitri Shuralyov|M|src/cmd/vendor/golang.org/x/sys/unix/zerrors_linux_ppc.go
1730476668|Dmitri Shuralyov|M|src/cmd/vendor/golang.org/x/sys/unix/zerrors_linux_ppc64.go
1730476668|Dmitri Shuralyov|M|src/cmd/vendor/golang.org/x/sys/unix/zerrors_linux_ppc64le.go
1730476668|Dmitri Shuralyov|M|src/cmd/vendor/golang.org/x/sys/unix/zerrors_linux_riscv64.go
1730476668|Dmitri Shuralyov|M|src/cmd/vendor/golang.org/x/sys/unix/zerrors_linux_s390x.go
1730476668|Dmitri Shuralyov|M|src/cmd/vendor/golang.org/x/sys/unix/zerrors_linux_sparc64.go
1730476668|Dmitri Shuralyov|M|src/cmd/vendor/golang.org/x/sys/unix/zsyscall_linux.go
1730476668|Dmitri Shuralyov|M|src/cmd/vendor/golang.org/x/sys/unix/ztypes_linux.go
1730476668|Dmitri Shuralyov|M|src/cmd/vendor/golang.org/x/sys/unix/ztypes_zos_s390x.go
1730476668|Dmitri Shuralyov|M|src/cmd/vendor/golang.org/x/sys/windows/syscall_windows.go
1730476668|Dmitri Shuralyov|M|src/cmd/vendor/golang.org/x/sys/windows/types_windows.go
1730476668|Dmitri Shuralyov|M|src/cmd/vendor/golang.org/x/sys/windows/zsyscall_windows.go
1730476668|Dmitri Shuralyov|M|src/cmd/vendor/modules.txt
1730476668|Dmitri Shuralyov|M|src/go.mod
1730476668|Dmitri Shuralyov|M|src/go.sum
1730476668|Dmitri Shuralyov|A|src/vendor/golang.org/x/sys/cpu/asm_darwin_x86_gc.s
1730476668|Dmitri Shuralyov|A|src/vendor/golang.org/x/sys/cpu/cpu_darwin_x86.go
1730476668|Dmitri Shuralyov|M|src/vendor/golang.org/x/sys/cpu/cpu_gc_x86.go
1730476668|Dmitri Shuralyov|D|src/vendor/golang.org/x/sys/cpu/cpu_x86.s
1730476668|Dmitri Shuralyov|A|src/vendor/golang.org/x/sys/cpu/cpu_gc_x86.s
1730476668|Dmitri Shuralyov|M|src/vendor/golang.org/x/sys/cpu/cpu_gccgo_x86.go
1730476668|Dmitri Shuralyov|M|src/vendor/golang.org/x/sys/cpu/cpu_linux_arm64.go
1730476668|Dmitri Shuralyov|A|src/vendor/golang.org/x/sys/cpu/cpu_other_x86.go
1730476668|Dmitri Shuralyov|M|src/vendor/golang.org/x/sys/cpu/cpu_x86.go
1730476668|Dmitri Shuralyov|A|src/vendor/golang.org/x/sys/cpu/syscall_darwin_x86_gc.go
1730476668|Dmitri Shuralyov|M|src/vendor/modules.txt
1730529031|Xiaolin Zhao|M|src/cmd/compile/internal/loong64/ssa.go
1730529031|Xiaolin Zhao|M|src/cmd/compile/internal/ssa/_gen/LOONG64.rules
1730529031|Xiaolin Zhao|M|src/cmd/compile/internal/ssa/_gen/LOONG64Ops.go
1730529031|Xiaolin Zhao|M|src/cmd/compile/internal/ssa/opGen.go
1730529031|Xiaolin Zhao|M|src/cmd/compile/internal/ssa/rewriteLOONG64.go
1730529031|Xiaolin Zhao|M|src/cmd/compile/internal/ssagen/intrinsics.go
1730529031|Xiaolin Zhao|M|src/cmd/compile/internal/ssagen/intrinsics_test.go
1730529031|Xiaolin Zhao|M|test/codegen/mathbits.go
1730818905|qmuntal|M|src/syscall/dll_windows.go
1730818905|qmuntal|M|src/syscall/syscall_windows_test.go
1730909977|Russ Cox|M|src/context/example_test.go
1730920131|Damien Neil|M|src/net/http/client.go
1730920131|Damien Neil|M|src/net/http/client_test.go
1730636505|Nigel Tao|M|src/image/jpeg/dct_test.go
1727343544|Guoqi Chen|M|src/cmd/asm/internal/arch/arch.go
1727343544|Guoqi Chen|M|src/cmd/asm/internal/arch/loong64.go
1727343544|Guoqi Chen|M|src/cmd/asm/internal/asm/testdata/loong64enc1.s
1727343544|Guoqi Chen|M|src/cmd/internal/obj/loong64/a.out.go
1727343544|Guoqi Chen|M|src/cmd/internal/obj/loong64/anames.go
1727343544|Guoqi Chen|M|src/cmd/internal/obj/loong64/asm.go
1727343544|Guoqi Chen|M|src/cmd/internal/obj/loong64/cnames.go
1727343544|Guoqi Chen|M|src/cmd/internal/obj/loong64/doc.go
1727343544|Guoqi Chen|M|src/cmd/internal/obj/loong64/list.go
1730831597|Russ Cox|M|src/cmd/compile/internal/dwarfgen/dwarf.go
1730831597|Russ Cox|M|src/cmd/compile/internal/pkginit/init.go
1730831597|Russ Cox|M|src/cmd/compile/internal/reflectdata/map_noswiss.go
1730831597|Russ Cox|M|src/cmd/compile/internal/reflectdata/map_swiss.go
1730831597|Russ Cox|M|src/cmd/compile/internal/reflectdata/reflect.go
1730831597|Russ Cox|M|src/cmd/compile/internal/rttype/rttype.go
1730831597|Russ Cox|M|src/cmd/compile/internal/ssagen/pgen.go
1730831597|Russ Cox|M|src/cmd/compile/internal/staticinit/sched.go
1730831597|Russ Cox|M|src/cmd/compile/internal/walk/expr.go
1730831597|Russ Cox|M|src/cmd/internal/obj/arm/asm5.go
1730831597|Russ Cox|M|src/cmd/internal/obj/arm64/asm7.go
1730831597|Russ Cox|M|src/cmd/internal/obj/data.go
1730831597|Russ Cox|M|src/cmd/internal/obj/dwarf.go
1730831597|Russ Cox|M|src/cmd/internal/obj/link.go
1730831597|Russ Cox|M|src/cmd/internal/obj/loong64/asm.go
1730831597|Russ Cox|M|src/cmd/internal/obj/mips/asm0.go
1730831597|Russ Cox|M|src/cmd/internal/obj/mips/obj0.go
1730831597|Russ Cox|M|src/cmd/internal/obj/objfile_test.go
1730831597|Russ Cox|M|src/cmd/internal/obj/ppc64/asm9.go
1730831597|Russ Cox|M|src/cmd/internal/obj/ppc64/obj9.go
1730831597|Russ Cox|M|src/cmd/internal/obj/riscv/obj.go
1730831597|Russ Cox|M|src/cmd/internal/obj/s390x/asmz.go
1730831597|Russ Cox|M|src/cmd/internal/obj/wasm/wasmobj.go
1730831597|Russ Cox|M|src/cmd/internal/obj/x86/asm6.go
1730831597|Russ Cox|M|src/cmd/internal/obj/x86/seh.go
1730929982|Keith Randall|M|src/runtime/race/race_test.go
1730386428|Russ Cox|M|src/cmd/internal/objabi/symkind.go
1730386428|Russ Cox|M|src/cmd/internal/objabi/symkind_string.go
1730386428|Russ Cox|M|src/cmd/link/internal/sym/symkind.go
1730386428|Russ Cox|M|src/cmd/link/internal/sym/symkind_string.go
1711481010|Felix Geisendörfer|M|src/runtime/pprof/label_test.go
1729869372|changwang ma|M|src/cmd/go/internal/lockedfile/internal/filelock/filelock_test.go
1726746623|Guoqi Chen|M|src/cmd/compile/internal/loong64/ssa.go
1726746623|Guoqi Chen|M|src/cmd/compile/internal/ssa/_gen/LOONG64.rules
1726746623|Guoqi Chen|M|src/cmd/compile/internal/ssa/_gen/LOONG64Ops.go
1726746623|Guoqi Chen|M|src/cmd/compile/internal/ssa/opGen.go
1726746623|Guoqi Chen|M|src/cmd/compile/internal/ssa/rewriteLOONG64.go
1726746623|Guoqi Chen|M|src/cmd/compile/internal/ssagen/intrinsics.go
1726746623|Guoqi Chen|M|src/cmd/compile/internal/ssagen/intrinsics_test.go
1726746623|Guoqi Chen|M|src/runtime/atomic_loong64.s
1730791845|Xiaolin Zhao|M|src/cmd/compile/internal/loong64/ssa.go
1730791845|Xiaolin Zhao|M|src/cmd/compile/internal/ssa/_gen/LOONG64.rules
1730791845|Xiaolin Zhao|M|src/cmd/compile/internal/ssa/_gen/LOONG64Ops.go
1730791845|Xiaolin Zhao|M|src/cmd/compile/internal/ssa/opGen.go
1730791845|Xiaolin Zhao|M|src/cmd/compile/internal/ssa/rewriteLOONG64.go
1730791845|Xiaolin Zhao|M|src/cmd/compile/internal/ssagen/intrinsics.go
1730791845|Xiaolin Zhao|M|src/cmd/compile/internal/ssagen/intrinsics_test.go
1730791845|Xiaolin Zhao|M|test/codegen/floats.go
1730791845|Xiaolin Zhao|M|test/codegen/math.go
1731030008|Emmanuel T Odeke|M|src/encoding/json/decode.go
1731030008|Emmanuel T Odeke|M|src/text/template/exec.go
1731099088|Ian Lance Taylor|M|src/cmd/internal/goobj/builtinlist.go
1731099088|Ian Lance Taylor|M|src/cmd/internal/goobj/mkbuiltin.go
1731099088|Ian Lance Taylor|M|src/runtime/rand.go
1730677423|Youlin Feng|M|src/cmd/compile/internal/ssa/prove.go
1727062716|Guoqi Chen|M|src/cmd/compile/internal/loong64/ssa.go
1727062716|Guoqi Chen|M|src/cmd/compile/internal/ssa/_gen/LOONG64.rules
1727062716|Guoqi Chen|M|src/cmd/compile/internal/ssa/_gen/LOONG64Ops.go
1727062716|Guoqi Chen|M|src/cmd/compile/internal/ssa/opGen.go
1727062716|Guoqi Chen|M|src/cmd/compile/internal/ssa/rewriteLOONG64.go
1727062716|Guoqi Chen|M|src/cmd/compile/internal/ssagen/intrinsics.go
1727062716|Guoqi Chen|M|src/cmd/compile/internal/ssagen/intrinsics_test.go
1727062716|Guoqi Chen|M|src/internal/runtime/atomic/atomic_loong64.s
1730533213|Xiaolin Zhao|M|src/cmd/compile/internal/loong64/ssa.go
1730533213|Xiaolin Zhao|M|src/cmd/compile/internal/ssa/_gen/LOONG64.rules
1730533213|Xiaolin Zhao|M|src/cmd/compile/internal/ssa/_gen/LOONG64Ops.go
1730533213|Xiaolin Zhao|M|src/cmd/compile/internal/ssa/opGen.go
1730533213|Xiaolin Zhao|M|src/cmd/compile/internal/ssa/rewriteLOONG64.go
1730533213|Xiaolin Zhao|M|src/cmd/compile/internal/ssagen/intrinsics.go
1730533213|Xiaolin Zhao|M|src/cmd/compile/internal/ssagen/intrinsics_test.go
1730533213|Xiaolin Zhao|M|test/codegen/mathbits.go
1730832600|Russ Cox|M|src/crypto/internal/fips/sha256/sha256block.go
1730832600|Russ Cox|M|src/crypto/internal/fips/sha256/sha256block_arm64.s
1730832600|Russ Cox|M|src/crypto/internal/fips/sha256/sha256block_riscv64.s
1730832600|Russ Cox|M|src/crypto/internal/fips/sha512/_asm/sha512block_amd64_asm.go
1730832600|Russ Cox|M|src/crypto/internal/fips/sha512/sha512block.go
1730832600|Russ Cox|M|src/crypto/internal/fips/sha512/sha512block_amd64.s
1730832600|Russ Cox|M|src/crypto/internal/fips/sha512/sha512block_arm64.s
1730832600|Russ Cox|M|src/crypto/internal/fips/sha512/sha512block_riscv64.s
1725985675|sunnymilk|M|src/cmd/compile/internal/inline/interleaved/interleaved.go
1725985675|sunnymilk|A|test/inline_testingbloop.go
1731174789|Keith Randall|M|src/internal/runtime/maps/map.go
1731174789|Keith Randall|M|src/internal/runtime/maps/table.go
1731174789|Keith Randall|M|src/runtime/map_benchmark_test.go
1731270676|Emmanuel T Odeke|M|src/cmd/go.mod
1731270676|Emmanuel T Odeke|M|src/cmd/go.sum
1731270676|Emmanuel T Odeke|M|src/cmd/vendor/github.com/google/pprof/driver/driver.go
1731270676|Emmanuel T Odeke|M|src/cmd/vendor/github.com/google/pprof/internal/binutils/addr2liner_llvm.go
1731270676|Emmanuel T Odeke|M|src/cmd/vendor/github.com/google/pprof/internal/driver/config.go
1731270676|Emmanuel T Odeke|M|src/cmd/vendor/github.com/google/pprof/internal/driver/driver.go
1731270676|Emmanuel T Odeke|M|src/cmd/vendor/github.com/google/pprof/internal/driver/html/common.css
1731270676|Emmanuel T Odeke|M|src/cmd/vendor/github.com/google/pprof/internal/driver/html/header.html
1731270676|Emmanuel T Odeke|M|src/cmd/vendor/github.com/google/pprof/internal/driver/html/stacks.css
1731270676|Emmanuel T Odeke|M|src/cmd/vendor/github.com/google/pprof/internal/driver/html/stacks.html
1731270676|Emmanuel T Odeke|M|src/cmd/vendor/github.com/google/pprof/internal/driver/html/stacks.js
1731270676|Emmanuel T Odeke|M|src/cmd/vendor/github.com/google/pprof/internal/driver/interactive.go
1731270676|Emmanuel T Odeke|M|src/cmd/vendor/github.com/google/pprof/internal/driver/stacks.go
1731270676|Emmanuel T Odeke|M|src/cmd/vendor/github.com/google/pprof/internal/driver/webui.go
1731270676|Emmanuel T Odeke|M|src/cmd/vendor/github.com/google/pprof/internal/elfexec/elfexec.go
1731270676|Emmanuel T Odeke|M|src/cmd/vendor/github.com/google/pprof/internal/plugin/plugin.go
1731270676|Emmanuel T Odeke|M|src/cmd/vendor/github.com/google/pprof/internal/report/report.go
1731270676|Emmanuel T Odeke|M|src/cmd/vendor/github.com/google/pprof/internal/report/shortnames.go
1731270676|Emmanuel T Odeke|M|src/cmd/vendor/github.com/google/pprof/internal/report/stacks.go
1731270676|Emmanuel T Odeke|M|src/cmd/vendor/github.com/google/pprof/internal/symbolizer/symbolizer.go
1731270676|Emmanuel T Odeke|M|src/cmd/vendor/github.com/google/pprof/internal/symbolz/symbolz.go
1731270676|Emmanuel T Odeke|M|src/cmd/vendor/github.com/google/pprof/profile/encode.go
1731270676|Emmanuel T Odeke|M|src/cmd/vendor/github.com/google/pprof/profile/merge.go
1731270676|Emmanuel T Odeke|M|src/cmd/vendor/github.com/google/pprof/profile/profile.go
1731270676|Emmanuel T Odeke|M|src/cmd/vendor/github.com/ianlancetaylor/demangle/demangle.go
1731270676|Emmanuel T Odeke|M|src/cmd/vendor/modules.txt
1731270676|Emmanuel T Odeke|M|src/go.mod
1731270676|Emmanuel T Odeke|M|src/go.sum
1731270676|Emmanuel T Odeke|M|src/vendor/modules.txt
1731103678|Paul E. Murphy|M|src/cmd/compile/internal/ssa/_gen/PPC64.rules
1731103678|Paul E. Murphy|M|src/cmd/compile/internal/ssa/rewritePPC64.go
1731103678|Paul E. Murphy|M|test/codegen/bits.go
1731110632|Ian Lance Taylor|M|src/time/zoneinfo_abbrs_windows.go
1730798517|Youlin Feng|M|src/cmd/compile/internal/reflectdata/map_noswiss.go
1730798517|Youlin Feng|M|src/reflect/map_noswiss.go
1730798517|Youlin Feng|M|src/runtime/map_noswiss.go
1730798517|Youlin Feng|M|src/runtime/map_noswiss_test.go
1730798517|Youlin Feng|A|test/fixedbugs/issue70189.go
1730715240|Guoqi Chen|M|src/cmd/asm/internal/arch/loong64.go
1730715240|Guoqi Chen|M|src/cmd/asm/internal/asm/parse.go
1730715240|Guoqi Chen|M|src/cmd/asm/internal/asm/testdata/loong64enc1.s
1730715240|Guoqi Chen|M|src/cmd/internal/obj/link.go
1730715240|Guoqi Chen|M|src/cmd/internal/obj/loong64/a.out.go
1730715240|Guoqi Chen|M|src/cmd/internal/obj/loong64/asm.go
1730715240|Guoqi Chen|M|src/cmd/internal/obj/loong64/cnames.go
1730715240|Guoqi Chen|M|src/cmd/internal/obj/loong64/doc.go
1730715240|Guoqi Chen|M|src/cmd/internal/obj/loong64/list.go
1730715240|Guoqi Chen|M|src/cmd/internal/obj/util.go
1731450192|Russ Cox|M|src/runtime/stack.go
1729739760|chenguoqi|M|src/cmd/internal/obj/arm64/a.out.go
1729739760|chenguoqi|M|src/cmd/internal/obj/arm64/anames7.go
1729739760|chenguoqi|M|src/cmd/internal/obj/loong64/a.out.go
1729739760|chenguoqi|M|src/cmd/internal/obj/loong64/cnames.go
1729739760|chenguoqi|M|src/cmd/internal/obj/mips/a.out.go
1729739760|chenguoqi|M|src/cmd/internal/obj/mips/anames0.go
1729739760|chenguoqi|A|src/cmd/internal/obj/mkcnames.go
1729739760|chenguoqi|M|src/cmd/internal/obj/ppc64/a.out.go
1729739760|chenguoqi|M|src/cmd/internal/obj/ppc64/anames9.go
1729739760|chenguoqi|M|src/cmd/internal/obj/s390x/a.out.go
1729739760|chenguoqi|M|src/cmd/internal/obj/s390x/anamesz.go
1730832733|Russ Cox|A|src/crypto/internal/fips/check/check.go
1730832733|Russ Cox|A|src/crypto/internal/fips/check/check_test.go
1730832733|Russ Cox|A|src/crypto/internal/fips/check/checktest/asm.s
1730832733|Russ Cox|A|src/crypto/internal/fips/check/checktest/test.go
1730832733|Russ Cox|A|src/crypto/internal/fips/check/export_test.go
1730832733|Russ Cox|M|src/crypto/sha256/sha256.go
1730832733|Russ Cox|M|src/crypto/sha256/sha256_test.go
1730832733|Russ Cox|M|src/go/build/deps_test.go
1731359278|Michael Pratt|M|src/runtime/map_benchmark_test.go
1730756409|David Chase|M|src/cmd/compile/internal/rangefunc/rangefunc_test.go
1730756409|David Chase|M|src/cmd/compile/internal/rangefunc/rewrite.go
1730498047|Michael Anthony Knyszek|M|src/runtime/export_test.go
1730498047|Michael Anthony Knyszek|M|src/runtime/gc_test.go
1730498047|Michael Anthony Knyszek|M|src/runtime/lockrank.go
1730498047|Michael Anthony Knyszek|M|src/runtime/mgc.go
1730498047|Michael Anthony Knyszek|M|src/runtime/mheap.go
1730498047|Michael Anthony Knyszek|M|src/runtime/mklockrank.go
1730498047|Michael Anthony Knyszek|M|src/runtime/runtime2.go
1730498047|Michael Anthony Knyszek|M|src/runtime/traceruntime.go
1721430553|Sean Liao|M|src/testing/slogtest/slogtest.go
1731361245|Robert Griesemer|M|src/cmd/compile/internal/types2/infer.go
1731361245|Robert Griesemer|M|src/cmd/compile/internal/types2/instantiate.go
1731361245|Robert Griesemer|M|src/cmd/compile/internal/types2/lookup.go
1731361245|Robert Griesemer|M|src/go/types/infer.go
1731361245|Robert Griesemer|M|src/go/types/instantiate.go
1731361245|Robert Griesemer|M|src/go/types/lookup.go
1731361245|Robert Griesemer|A|src/internal/types/testdata/fixedbugs/issue53535.go
1730477089|Cherry Mui|M|lib/wasm/wasm_exec.js
1730477089|Cherry Mui|M|src/cmd/internal/obj/wasm/wasmobj.go
1730477089|Cherry Mui|M|src/syscall/js/js_test.go
1730398768|Robert Griesemer|M|src/cmd/compile/internal/syntax/parser.go
1730398768|Robert Griesemer|A|src/cmd/compile/internal/syntax/testdata/issue68589.go
1730398768|Robert Griesemer|M|test/fixedbugs/issue11610.go
1730398768|Robert Griesemer|M|test/switch2.go
1730398768|Robert Griesemer|M|test/syntax/semi7.go
1731452929|Russ Cox|M|src/cmd/go/internal/envcmd/env.go
1731452929|Russ Cox|M|src/cmd/go/internal/modload/load.go
1731452929|Russ Cox|M|src/cmd/go/internal/work/build.go
1731423230|Jes Cok|M|src/runtime/example_test.go
1731576292|lugen4ro|M|src/embed/embed.go
1720015109|qiulaidongfeng|M|src/cmd/dist/buildruntime.go
1720015109|qiulaidongfeng|M|src/cmd/go/internal/cfg/cfg.go
1720015109|qiulaidongfeng|M|src/cmd/go/testdata/script/env_changed.txt
1720015109|qiulaidongfeng|M|src/internal/buildcfg/cfg.go
1728428436|Jorropo|M|src/strconv/itoa.go
1731615572|Robert Griesemer|M|src/cmd/compile/internal/types2/example_test.go
1730143293|Rhys Hiltner|M|src/runtime/runtime_test.go
1731613437|Carlana Johnson|A|api/next/62005.txt
1731613437|Carlana Johnson|A|doc/next/6-stdlib/99-minor/log/slog/62005.md
1731613437|Carlana Johnson|A|src/log/slog/example_discard_test.go
1731613437|Carlana Johnson|M|src/log/slog/handler.go
1731613437|Carlana Johnson|M|src/log/slog/handler_test.go
1731613437|Carlana Johnson|M|src/log/slog/logger_test.go
1731618350|Filippo Valsorda|M|src/cmd/internal/obj/fips.go
1731618350|Filippo Valsorda|M|src/crypto/internal/fips/check/check.go
1731585406|Russ Cox|M|src/crypto/internal/fips/check/check.go
1731585406|Russ Cox|M|src/crypto/internal/fips/check/check_test.go
1731585406|Russ Cox|M|src/crypto/internal/fips/check/checktest/asm.s
1731585406|Russ Cox|M|src/crypto/internal/fips/check/checktest/test.go
1731681244|Russ Cox|M|src/cmd/compile/internal/staticinit/sched.go
1731527146|Cherry Mui|M|doc/next/7-ports.md
1723570846|Sam Thanawalla|M|src/cmd/go/alldocs.go
1723570846|Sam Thanawalla|M|src/cmd/go/internal/auth/auth.go
1723570846|Sam Thanawalla|M|src/cmd/go/internal/auth/auth_test.go
1723570846|Sam Thanawalla|M|src/cmd/go/internal/auth/gitauth.go
1723570846|Sam Thanawalla|A|src/cmd/go/internal/auth/userauth.go
1723570846|Sam Thanawalla|A|src/cmd/go/internal/auth/userauth_test.go
1723570846|Sam Thanawalla|M|src/cmd/go/internal/help/helpdoc.go
1723570846|Sam Thanawalla|M|src/cmd/go/internal/web/http.go
1723570846|Sam Thanawalla|M|src/cmd/go/main.go
1723570846|Sam Thanawalla|A|src/cmd/go/testdata/script/goauth_userauth.txt
1731627380|Cherry Mui|M|src/crypto/internal/bigmod/nat.go
1731627380|Cherry Mui|D|src/crypto/internal/bigmod/nat_generic.go
1731627380|Cherry Mui|M|src/crypto/internal/bigmod/nat_noasm.go
1731627380|Cherry Mui|M|src/crypto/internal/bigmod/nat_wasm.go
1731672509|Lin Lin|M|src/runtime/mgcsweep.go
1730149314|Rhys Hiltner|A|src/internal/goexperiment/exp_spinbitmutex_off.go
1730149314|Rhys Hiltner|A|src/internal/goexperiment/exp_spinbitmutex_on.go
1730149314|Rhys Hiltner|M|src/internal/goexperiment/flags.go
1730149314|Rhys Hiltner|M|src/runtime/lock_futex.go
1730149314|Rhys Hiltner|A|src/runtime/lock_futex_tristate.go
1730149314|Rhys Hiltner|M|src/runtime/lock_js.go
1730149314|Rhys Hiltner|M|src/runtime/lock_sema.go
1730149314|Rhys Hiltner|A|src/runtime/lock_sema_tristate.go
1730149314|Rhys Hiltner|M|src/runtime/lock_wasip1.go
1730149314|Rhys Hiltner|M|src/runtime/os_dragonfly.go
1730149314|Rhys Hiltner|M|src/runtime/os_freebsd.go
1730149314|Rhys Hiltner|M|src/runtime/os_linux.go
1730149314|Rhys Hiltner|M|src/runtime/runtime2.go
1715940311|Guoqi Chen|M|src/runtime/sys_linux_loong64.s
1706922747|Cosmos Nicolaou|M|src/runtime/pprof/vminfo_darwin_test.go
1731596209|Carlos Amedee|M|src/runtime/mcleanup.go
1731596209|Carlos Amedee|M|src/runtime/mcleanup_test.go
1731596209|Carlos Amedee|M|src/runtime/mheap.go
1731699693|Tobias Klauser|M|src/os/file_plan9.go
1731699693|Tobias Klauser|M|src/os/file_posix.go
1731699693|Tobias Klauser|M|src/os/file_unix.go
1731699693|Tobias Klauser|M|src/os/getwd.go
1731699693|Tobias Klauser|M|src/os/removeall_at.go
1723646399|Joel Sing|M|src/crypto/internal/fips/sha512/sha512block_riscv64.s
1697574636|Austin Clements|M|src/cmd/go/internal/clean/clean.go
1697574636|Austin Clements|M|src/cmd/go/internal/load/pkg.go
1697574636|Austin Clements|A|src/cmd/go/internal/load/printer.go
1697574636|Austin Clements|M|src/cmd/go/internal/work/build_test.go
1697574636|Austin Clements|M|src/cmd/go/internal/work/exec.go
1697574636|Austin Clements|M|src/cmd/go/internal/work/shell.go
1706298330|Austin Clements|M|src/cmd/go/internal/load/test.go
1706298330|Austin Clements|M|src/cmd/go/internal/test/test.go
1706298330|Austin Clements|M|src/cmd/go/testdata/script/test_flags.txt
1706298330|Austin Clements|A|src/cmd/go/testdata/script/test_setup_error.txt
1697578020|Austin Clements|M|doc/next/3-tools.md
1697578020|Austin Clements|M|src/cmd/go/alldocs.go
1697578020|Austin Clements|M|src/cmd/go/internal/help/helpdoc.go
1697578020|Austin Clements|M|src/cmd/go/internal/list/list.go
1697578020|Austin Clements|M|src/cmd/go/internal/load/test.go
1697578020|Austin Clements|M|src/cmd/go/internal/test/test.go
1697578020|Austin Clements|M|src/cmd/go/internal/test/testflag.go
1697578020|Austin Clements|M|src/cmd/go/internal/vet/vet.go
1697578020|Austin Clements|A|src/cmd/go/testdata/script/test_json_build.txt
1697578020|Austin Clements|M|src/cmd/internal/test2json/test2json.go
1697578020|Austin Clements|M|src/cmd/test2json/main.go
1731174580|Keith Randall|M|src/internal/runtime/maps/runtime_faststr_swiss.go
1731174580|Keith Randall|M|src/runtime/map_benchmark_test.go
1731634946|Keith Randall|M|src/internal/runtime/maps/runtime_fast32_swiss.go
1731634946|Keith Randall|M|src/internal/runtime/maps/runtime_fast64_swiss.go
1731634946|Keith Randall|M|src/runtime/map_benchmark_test.go
1731856818|Russ Cox|M|src/runtime/syscall_windows_test.go
1731901263|Austin Clements|M|src/cmd/go/internal/test/testflag.go
1731901263|Austin Clements|M|src/cmd/go/testdata/script/test_json_build.txt
1731665857|Tobias Klauser|M|src/internal/poll/copy_file_range_unix.go
1731899882|Austin Clements|M|src/cmd/go/testdata/script/build_json.txt
1731899882|Austin Clements|M|src/cmd/go/testdata/script/test_json_build.txt
1730637860|Filippo Valsorda|A|src/crypto/internal/fips/subtle/constant_time.go
1730637860|Filippo Valsorda|M|src/crypto/subtle/constant_time.go
1729964741|Filippo Valsorda|M|src/crypto/cipher/benchmark_test.go
1731609458|Russ Cox|M|src/cmd/internal/obj/fips.go
1729780064|Filippo Valsorda|M|src/crypto/internal/fips/subtle/xor.go
1729780064|Filippo Valsorda|D|src/crypto/internal/fips/subtle/xor_test.go
1729780064|Filippo Valsorda|M|src/crypto/subtle/xor.go
1729780064|Filippo Valsorda|A|src/crypto/subtle/xor_linux_test.go
1729780064|Filippo Valsorda|A|src/crypto/subtle/xor_test.go
1731115035|Keith Randall|M|src/internal/runtime/maps/map.go
1731115035|Keith Randall|M|src/internal/runtime/maps/table.go
1731698536|Michael Anthony Knyszek|M|src/sync/map.go
1731698536|Michael Anthony Knyszek|M|src/sync/mutex.go
1731698536|Michael Anthony Knyszek|M|src/sync/once.go
1731698536|Michael Anthony Knyszek|M|test/assign.go
1716350852|Ian Lance Taylor|M|src/cmd/api/api_test.go
1716350852|Ian Lance Taylor|M|src/cmd/api/main_test.go
1716350852|Ian Lance Taylor|M|src/cmd/compile/internal/reflectdata/reflect.go
1716350852|Ian Lance Taylor|M|src/cmd/compile/internal/typecheck/subr.go
1716350852|Ian Lance Taylor|M|src/cmd/compile/internal/types/size.go
1716350852|Ian Lance Taylor|D|src/cmd/compile/internal/types/sort.go
1716350852|Ian Lance Taylor|M|src/cmd/compile/internal/types/sym.go
1716350852|Ian Lance Taylor|M|src/cmd/compile/internal/types/sym_test.go
1716350852|Ian Lance Taylor|M|src/cmd/compile/internal/types/type.go
1718989283|Michael Anthony Knyszek|M|src/cmd/internal/objabi/pkgspecial.go
1718989283|Michael Anthony Knyszek|M|src/go/build/deps_test.go
1718989283|Michael Anthony Knyszek|A|src/internal/sync/mutex.go
1718989283|Michael Anthony Knyszek|A|src/internal/sync/runtime.go
1718989283|Michael Anthony Knyszek|M|src/runtime/mprof.go
1718989283|Michael Anthony Knyszek|M|src/runtime/panic.go
1718989283|Michael Anthony Knyszek|M|src/runtime/proc.go
1718989283|Michael Anthony Knyszek|M|src/runtime/sema.go
1718989283|Michael Anthony Knyszek|M|src/sync/mutex.go
1718989283|Michael Anthony Knyszek|M|src/sync/runtime.go
1718989283|Michael Anthony Knyszek|M|src/sync/rwmutex.go
1718990400|Michael Anthony Knyszek|M|src/go/build/deps_test.go
1718990400|Michael Anthony Knyszek|A|src/internal/sync/export_test.go
1718990400|Michael Anthony Knyszek|D|src/internal/concurrent/hashtriemap.go
1718990400|Michael Anthony Knyszek|A|src/internal/sync/hashtriemap.go
1718990400|Michael Anthony Knyszek|D|src/internal/concurrent/hashtriemap_bench_test.go
1718990400|Michael Anthony Knyszek|A|src/internal/sync/hashtriemap_bench_test.go
1718990400|Michael Anthony Knyszek|D|src/internal/concurrent/hashtriemap_test.go
1718990400|Michael Anthony Knyszek|A|src/internal/sync/hashtriemap_test.go
1718990400|Michael Anthony Knyszek|M|src/unique/handle.go
1719000196|Michael Anthony Knyszek|M|src/internal/sync/hashtriemap.go
1719001393|Michael Anthony Knyszek|M|src/internal/sync/export_test.go
1719001393|Michael Anthony Knyszek|M|src/internal/sync/hashtriemap.go
1719001393|Michael Anthony Knyszek|M|src/internal/sync/hashtriemap_bench_test.go
1719001393|Michael Anthony Knyszek|M|src/internal/sync/hashtriemap_test.go
1719001393|Michael Anthony Knyszek|M|src/unique/handle.go
1719003615|Michael Anthony Knyszek|M|src/internal/sync/hashtriemap.go
1719003615|Michael Anthony Knyszek|M|src/internal/sync/hashtriemap_test.go
1723566687|Michael Anthony Knyszek|M|src/internal/sync/hashtriemap.go
1723566687|Michael Anthony Knyszek|M|src/internal/sync/hashtriemap_test.go
1723566810|Michael Anthony Knyszek|M|src/internal/sync/hashtriemap.go
1723749763|Michael Anthony Knyszek|M|src/internal/sync/hashtriemap.go
1723821232|Michael Anthony Knyszek|M|src/internal/sync/hashtriemap.go
1701324202|khr@golang.org|M|src/cmd/link/internal/ld/data.go
1701324202|khr@golang.org|M|src/cmd/link/internal/ld/decodesym.go
1701324202|khr@golang.org|M|src/cmd/link/internal/ld/dwarf.go
1701324202|khr@golang.org|M|src/cmd/link/internal/ld/lib.go
1701324202|khr@golang.org|M|src/cmd/link/internal/ld/link.go
1731924427|qmuntal|M|src/os/user/user_windows_test.go
1731969560|Damien Neil|M|src/os/wait_wait6.go
1731969560|Damien Neil|M|src/os/wait_waitid.go
1707355636|Boris Nagaev|A|src/crypto/aes/_asm/ctr/ctr_amd64_asm.go
1707355636|Boris Nagaev|A|src/crypto/aes/_asm/ctr/go.mod
1707355636|Boris Nagaev|A|src/crypto/aes/_asm/ctr/go.sum
1707355636|Boris Nagaev|A|src/crypto/aes/ctr_amd64.s
1707355636|Boris Nagaev|A|src/crypto/aes/ctr_arm64.s
1707355636|Boris Nagaev|A|src/crypto/aes/ctr_arm64_gen.go
1707355636|Boris Nagaev|A|src/crypto/aes/ctr_asm.go
1707355636|Boris Nagaev|M|src/crypto/cipher/ctr_aes_test.go
1730721946|Filippo Valsorda|M|src/crypto/rand/rand_plan9.go
1730725378|Filippo Valsorda|M|src/crypto/internal/fips/aes/ctr.go
1730725378|Filippo Valsorda|A|src/crypto/internal/fips/drbg/ctrdrbg.go
1730725378|Filippo Valsorda|A|src/crypto/internal/fips/drbg/ctrdrbg_test.go
1730725378|Filippo Valsorda|M|src/go/build/deps_test.go
1730812041|Filippo Valsorda|M|src/crypto/internal/fips/cast.go
1730812041|Filippo Valsorda|M|src/crypto/internal/fips/cast_external_test.go
1730812041|Filippo Valsorda|A|src/crypto/internal/fips/drbg/cast.go
1730812041|Filippo Valsorda|M|src/crypto/internal/fips/drbg/ctrdrbg.go
1730624601|Filippo Valsorda|M|src/crypto/cipher/cipher.go
1730624601|Filippo Valsorda|M|src/crypto/cipher/gcm.go
1730624601|Filippo Valsorda|M|src/crypto/cipher/gcm_test.go
1730624601|Filippo Valsorda|M|src/crypto/internal/fips/aes/aes.go
1730624601|Filippo Valsorda|M|src/crypto/internal/fips/aes/aes_asm.go
1730624601|Filippo Valsorda|M|src/crypto/internal/fips/aes/aes_s390x.go
1730624601|Filippo Valsorda|M|src/crypto/internal/fips/aes/aes_s390x.s
1730624601|Filippo Valsorda|D|src/crypto/internal/fips/aes/_asm/gcm/gcm_amd64_asm.go
1730624601|Filippo Valsorda|A|src/crypto/internal/fips/aes/gcm/_asm/gcm/gcm_amd64_asm.go
1730624601|Filippo Valsorda|D|src/crypto/internal/fips/aes/_asm/gcm/go.mod
1730624601|Filippo Valsorda|A|src/crypto/internal/fips/aes/gcm/_asm/gcm/go.mod
1730624601|Filippo Valsorda|D|src/crypto/internal/fips/aes/_asm/gcm/go.sum
1730624601|Filippo Valsorda|A|src/crypto/internal/fips/aes/gcm/_asm/gcm/go.sum
1730624601|Filippo Valsorda|A|src/crypto/internal/fips/aes/gcm/gcm.go
1730624601|Filippo Valsorda|D|src/crypto/internal/fips/aes/gcm_amd64.s
1730624601|Filippo Valsorda|A|src/crypto/internal/fips/aes/gcm/gcm_amd64.s
1730624601|Filippo Valsorda|D|src/crypto/internal/fips/aes/gcm_arm64.s
1730624601|Filippo Valsorda|A|src/crypto/internal/fips/aes/gcm/gcm_arm64.s
1730624601|Filippo Valsorda|A|src/crypto/internal/fips/aes/gcm/gcm_asm.go
1730624601|Filippo Valsorda|A|src/crypto/internal/fips/aes/gcm/gcm_generic.go
1730624601|Filippo Valsorda|A|src/crypto/internal/fips/aes/gcm/gcm_noasm.go
1730624601|Filippo Valsorda|A|src/crypto/internal/fips/aes/gcm/gcm_ppc64x.go
1730624601|Filippo Valsorda|D|src/crypto/internal/fips/aes/gcm_ppc64x.s
1730624601|Filippo Valsorda|A|src/crypto/internal/fips/aes/gcm/gcm_ppc64x.s
1730624601|Filippo Valsorda|A|src/crypto/internal/fips/aes/gcm/gcm_s390x.go
1730624601|Filippo Valsorda|A|src/crypto/internal/fips/aes/gcm/gcm_s390x.s
1730624601|Filippo Valsorda|A|src/crypto/internal/fips/aes/gcm/ghash.go
1730624601|Filippo Valsorda|A|src/crypto/internal/fips/aes/gcm/interface_test.go
1730624601|Filippo Valsorda|D|src/crypto/internal/fips/aes/gcm_asm.go
1730624601|Filippo Valsorda|D|src/crypto/internal/fips/aes/gcm_noasm.go
1730624601|Filippo Valsorda|D|src/crypto/internal/fips/aes/gcm_ppc64x.go
1730624601|Filippo Valsorda|D|src/crypto/internal/fips/aes/gcm_s390x.go
1730624601|Filippo Valsorda|M|src/crypto/internal/fips/aes/interface_test.go
1730624601|Filippo Valsorda|M|src/crypto/tls/cipher_suites.go
1730624601|Filippo Valsorda|M|src/go/build/deps_test.go
1730898238|Filippo Valsorda|A|src/crypto/internal/fips/aes/gcm/cmac.go
1730898238|Filippo Valsorda|A|src/crypto/internal/fips/aes/gcm/cmac_test.go
1730669443|Filippo Valsorda|M|src/crypto/internal/fips/aes/gcm/ctrkdf_test.go
1730669443|Filippo Valsorda|A|src/crypto/internal/fips/aes/gcm/gcm_nonces.go
1731968623|Michael Anthony Knyszek|M|src/cmd/go/internal/test/test.go
1731959803|Austin Clements|M|doc/godebug.md
1731959803|Austin Clements|M|doc/next/3-tools.md
1731959803|Austin Clements|M|src/cmd/go/internal/test/testflag.go
1731959803|Austin Clements|M|src/cmd/go/testdata/script/test_json_build.txt
1731959803|Austin Clements|M|src/internal/godebugs/table.go
1731959803|Austin Clements|M|src/runtime/metrics/doc.go
1731986798|Ian Lance Taylor|M|doc/godebug.md
1731693130|Russ Cox|M|src/cmd/go/internal/fsys/fsys.go
1731693130|Russ Cox|A|src/cmd/go/internal/fsys/glob.go
1731693130|Russ Cox|A|src/cmd/go/internal/fsys/walk.go
1731696568|Russ Cox|M|src/cmd/go/internal/cfg/cfg.go
1731696568|Russ Cox|M|src/cmd/go/internal/fsys/fsys.go
1731696568|Russ Cox|M|src/cmd/go/internal/fsys/fsys_test.go
1731696568|Russ Cox|M|src/cmd/go/internal/fsys/walk.go
1731696568|Russ Cox|M|src/cmd/go/internal/imports/scan.go
1731696568|Russ Cox|M|src/cmd/go/internal/load/pkg.go
1731696568|Russ Cox|M|src/cmd/go/internal/modindex/read.go
1731696568|Russ Cox|M|src/cmd/go/internal/modindex/scan.go
1731696568|Russ Cox|M|src/cmd/go/internal/modload/search.go
1731696568|Russ Cox|M|src/cmd/go/internal/search/search.go
1731696568|Russ Cox|M|src/cmd/go/internal/workcmd/use.go
1731793740|Russ Cox|M|src/cmd/go/internal/fsys/fsys.go
1731793740|Russ Cox|M|src/cmd/go/internal/fsys/fsys_test.go
1731176173|Filippo Valsorda|M|src/cmd/compile/internal/amd64/versions_test.go
1731176173|Filippo Valsorda|M|src/crypto/internal/fips/sha256/sha256block_amd64.go
1731176173|Filippo Valsorda|M|src/crypto/internal/fips/sha512/sha512block_amd64.go
1731176173|Filippo Valsorda|M|src/crypto/sha1/sha1block_amd64.go
1731943152|Filippo Valsorda|A|api/next/69981.txt
1731943152|Filippo Valsorda|A|doc/next/6-stdlib/99-minor/crypto/cipher/69981.md
1731943152|Filippo Valsorda|M|src/crypto/cipher/gcm.go
1731943152|Filippo Valsorda|M|src/crypto/cipher/gcm_test.go
1731943152|Filippo Valsorda|M|src/crypto/internal/cryptotest/aead.go
1732023247|Russ Cox|M|src/cmd/go/internal/fsys/fsys.go
1732023247|Russ Cox|M|src/cmd/go/internal/fsys/fsys_test.go
1723339149|Roland Shoemaker|M|src/crypto/internal/hpke/hpke.go
1723339149|Roland Shoemaker|M|src/crypto/internal/hpke/hpke_test.go
1732010727|George Adams|M|src/os/export_windows_test.go
1732010727|George Adams|M|src/os/file.go
1732010727|George Adams|D|src/os/file_nonwindows.go
1732010727|George Adams|M|src/os/file_windows.go
1732010727|George Adams|M|src/os/os_windows_test.go
1732010727|George Adams|M|src/os/path_windows.go
1732010727|George Adams|M|src/os/path_windows_test.go
1731169302|Filippo Valsorda|M|src/crypto/internal/fips/cast_external_test.go
1731169302|Filippo Valsorda|A|src/crypto/internal/fips/tls12/cast.go
1731169302|Filippo Valsorda|A|src/crypto/internal/fips/tls12/tls12.go
1731169302|Filippo Valsorda|M|src/crypto/tls/prf.go
1731169302|Filippo Valsorda|M|src/go/build/deps_test.go
1731232964|Filippo Valsorda|M|src/crypto/internal/fips/hkdf/hkdf.go
1731232964|Filippo Valsorda|M|src/crypto/internal/fips/hkdf/hkdf_test.go
1731232964|Filippo Valsorda|M|src/crypto/internal/fips/hmac/hmac.go
1731232964|Filippo Valsorda|M|src/crypto/internal/fips/indicator.go
1731862312|Russ Cox|M|src/cmd/internal/obj/arm64/asm7.go
1731862312|Russ Cox|M|src/crypto/internal/fips/check/checktest/test.go
1732037329|Paul E. Murphy|M|src/crypto/internal/fips/aes/gcm/gcm_ppc64x.go
1731569506|Russ Cox|M|src/cmd/dist/build.go
1731569506|Russ Cox|M|src/cmd/dist/buildruntime.go
1731569506|Russ Cox|M|src/internal/buildcfg/cfg.go
1731569506|Russ Cox|M|src/internal/buildcfg/cfg_test.go
1731569506|Russ Cox|M|src/internal/cfg/cfg.go
1728757364|Filippo Valsorda|M|src/crypto/internal/mlkem768/mlkem768.go
1728757364|Filippo Valsorda|M|src/crypto/internal/mlkem768/mlkem768_test.go
1728757364|Filippo Valsorda|M|src/crypto/tls/key_schedule_test.go
1729081904|Filippo Valsorda|M|src/crypto/internal/mlkem768/mlkem768.go
1729081904|Filippo Valsorda|M|src/crypto/internal/mlkem768/mlkem768_test.go
1729081904|Filippo Valsorda|M|src/crypto/tls/key_schedule.go
1729505333|Filippo Valsorda|M|src/crypto/internal/mlkem768/mlkem768.go
1729520963|Filippo Valsorda|M|src/crypto/internal/mlkem768/mlkem768.go
1729520963|Filippo Valsorda|M|src/crypto/internal/mlkem768/mlkem768_test.go
1729520963|Filippo Valsorda|M|src/crypto/tls/handshake_client.go
1729520963|Filippo Valsorda|M|src/crypto/tls/handshake_client_tls13.go
1729520963|Filippo Valsorda|M|src/crypto/tls/handshake_server_tls13.go
1729520963|Filippo Valsorda|M|src/crypto/tls/key_schedule.go
1729520963|Filippo Valsorda|M|src/crypto/tls/key_schedule_test.go
1732035851|Damien Neil|M|src/runtime/signal_unix.go
1731880345|Russ Cox|M|src/cmd/go/internal/work/exec.go
1731880345|Russ Cox|M|src/cmd/go/testdata/script/build_overlay.txt
1732019922|Tobias Klauser|A|src/internal/syscall/unix/waitid_linux.go
1732019922|Tobias Klauser|M|src/os/pidfd_linux.go
1732019922|Tobias Klauser|M|src/os/wait_waitid.go
1731247488|Filippo Valsorda|M|src/crypto/internal/fips/cast.go
1731247488|Filippo Valsorda|M|src/crypto/internal/fips/cast_external_test.go
1731247488|Filippo Valsorda|M|src/crypto/internal/fips/fips.go
1732041068|Paul E. Murphy|M|src/crypto/internal/fips/aes/gcm/ctrkdf_test.go
1731975823|Keith Randall|M|src/cmd/compile/internal/reflectdata/map_swiss.go
1731975823|Keith Randall|M|src/internal/runtime/maps/runtime_fast64_swiss.go
1731975823|Keith Randall|M|src/internal/runtime/maps/runtime_faststr_swiss.go
1731611394|Russ Cox|M|src/cmd/go/internal/cfg/cfg.go
1731611394|Russ Cox|M|src/cmd/go/internal/envcmd/env.go
1731611394|Russ Cox|A|src/cmd/go/internal/fips/fips.go
1731611394|Russ Cox|M|src/cmd/go/internal/load/godebug.go
1731611394|Russ Cox|M|src/cmd/go/internal/load/pkg.go
1731611394|Russ Cox|M|src/cmd/go/internal/modload/init.go
1731611394|Russ Cox|M|src/cmd/go/internal/work/buildid.go
1731611394|Russ Cox|M|src/cmd/go/internal/work/gc.go
1731611394|Russ Cox|A|src/cmd/go/testdata/script/fips.txt
1730836246|Paul E. Murphy|M|src/crypto/internal/fips/aes/aes_ppc64x.s
1730836246|Paul E. Murphy|M|src/crypto/internal/fips/aes/ctr_asm.go
1730836246|Paul E. Murphy|M|src/crypto/internal/fips/aes/ctr_noasm.go
1731592075|Filippo Valsorda|M|src/crypto/internal/fips/aes/aes_asm.go
1731592075|Filippo Valsorda|M|src/crypto/internal/fips/aes/aes_generic.go
1731592075|Filippo Valsorda|M|src/crypto/internal/fips/aes/aes_s390x.go
1731592075|Filippo Valsorda|M|src/crypto/internal/fips/aes/ctr.go
1731592075|Filippo Valsorda|M|src/crypto/internal/fips/aes/ctr_s390x.go
1731592075|Filippo Valsorda|M|src/crypto/internal/fips/aes/gcm/gcm_asm.go
1731592075|Filippo Valsorda|M|src/crypto/internal/fips/aes/gcm/gcm_generic.go
1731592075|Filippo Valsorda|M|src/crypto/internal/fips/aes/gcm/gcm_nonces.go
1731592075|Filippo Valsorda|M|src/crypto/internal/fips/aes/gcm/gcm_ppc64x.go
1731592075|Filippo Valsorda|M|src/crypto/internal/fips/aes/gcm/gcm_s390x.go
1731592075|Filippo Valsorda|M|src/crypto/internal/fips/aes/gcm/ghash.go
1731592075|Filippo Valsorda|M|src/crypto/internal/fips/cast.go
1731592075|Filippo Valsorda|A|src/crypto/internal/fips/check/asan.go
1731592075|Filippo Valsorda|M|src/crypto/internal/fips/check/check.go
1731592075|Filippo Valsorda|A|src/crypto/internal/fips/check/noasan.go
1731592075|Filippo Valsorda|M|src/crypto/internal/fips/drbg/ctrdrbg.go
1731592075|Filippo Valsorda|M|src/crypto/internal/fips/fips.go
1731592075|Filippo Valsorda|M|src/crypto/internal/fips/mlkem/field.go
1731592075|Filippo Valsorda|M|src/crypto/internal/fips/sha256/sha256.go
1731592075|Filippo Valsorda|M|src/crypto/internal/fips/sha256/sha256block_amd64.go
1731592075|Filippo Valsorda|M|src/crypto/internal/fips/sha256/sha256block_arm64.go
1731592075|Filippo Valsorda|M|src/crypto/internal/fips/sha256/sha256block_ppc64x.go
1731592075|Filippo Valsorda|M|src/crypto/internal/fips/sha256/sha256block_s390x.go
1731592075|Filippo Valsorda|M|src/crypto/internal/fips/sha3/keccakf.go
1731592075|Filippo Valsorda|M|src/crypto/internal/fips/sha3/sha3_s390x.go
1731592075|Filippo Valsorda|M|src/crypto/internal/fips/sha3/shake.go
1731592075|Filippo Valsorda|M|src/crypto/internal/fips/sha512/sha512.go
1731592075|Filippo Valsorda|M|src/crypto/internal/fips/sha512/sha512block_amd64.go
1731592075|Filippo Valsorda|M|src/crypto/internal/fips/sha512/sha512block_arm64.go
1731592075|Filippo Valsorda|M|src/crypto/internal/fips/sha512/sha512block_ppc64x.go
1731592075|Filippo Valsorda|M|src/crypto/internal/fips/sha512/sha512block_s390x.go
1731592075|Filippo Valsorda|M|src/crypto/internal/fips/tls13/tls13.go
1731592075|Filippo Valsorda|A|src/crypto/internal/fipsdeps/byteorder/byteorder.go
1731592075|Filippo Valsorda|A|src/crypto/internal/fipsdeps/cpu/cpu.go
1731592075|Filippo Valsorda|A|src/crypto/internal/fipsdeps/fipsdeps.go
1731592075|Filippo Valsorda|A|src/crypto/internal/fipsdeps/fipsdeps_test.go
1731592075|Filippo Valsorda|A|src/crypto/internal/fipsdeps/godebug/godebug.go
1731592075|Filippo Valsorda|M|src/go/build/deps_test.go
1722029652|Filippo Valsorda|M|src/crypto/internal/nistec/p256.go
1722087227|Filippo Valsorda|M|src/crypto/internal/nistec/p256.go
1722116415|Filippo Valsorda|M|src/crypto/internal/nistec/p256.go
1731594448|Filippo Valsorda|M|src/cmd/compile/internal/ssa/stmtlines_test.go
1731594448|Filippo Valsorda|M|src/crypto/ecdh/nist.go
1731594448|Filippo Valsorda|M|src/crypto/ecdsa/ecdsa.go
1731594448|Filippo Valsorda|M|src/crypto/elliptic/nistec.go
1731594448|Filippo Valsorda|M|src/crypto/elliptic/nistec_p256.go
1731594448|Filippo Valsorda|D|src/crypto/internal/nistec/_asm/go.mod
1731594448|Filippo Valsorda|A|src/crypto/internal/fips/nistec/_asm/go.mod
1731594448|Filippo Valsorda|D|src/crypto/internal/nistec/_asm/go.sum
1731594448|Filippo Valsorda|A|src/crypto/internal/fips/nistec/_asm/go.sum
1731594448|Filippo Valsorda|D|src/crypto/internal/nistec/_asm/p256_asm.go
1731594448|Filippo Valsorda|A|src/crypto/internal/fips/nistec/_asm/p256_asm.go
1731594448|Filippo Valsorda|A|src/crypto/internal/fips/nistec/benchmark_test.go
1731594448|Filippo Valsorda|D|src/crypto/internal/nistec/fiat/Dockerfile
1731594448|Filippo Valsorda|A|src/crypto/internal/fips/nistec/fiat/Dockerfile
1731594448|Filippo Valsorda|D|src/crypto/internal/nistec/fiat/README
1731594448|Filippo Valsorda|A|src/crypto/internal/fips/nistec/fiat/README
1731594448|Filippo Valsorda|D|src/crypto/internal/nistec/fiat/fiat_test.go
1731594448|Filippo Valsorda|A|src/crypto/internal/fips/nistec/fiat/benchmark_test.go
1731594448|Filippo Valsorda|D|src/crypto/internal/nistec/fiat/generate.go
1731594448|Filippo Valsorda|A|src/crypto/internal/fips/nistec/fiat/generate.go
1731594448|Filippo Valsorda|D|src/crypto/internal/nistec/fiat/p224.go
1731594448|Filippo Valsorda|A|src/crypto/internal/fips/nistec/fiat/p224.go
1731594448|Filippo Valsorda|D|src/crypto/internal/nistec/fiat/p224_fiat64.go
1731594448|Filippo Valsorda|A|src/crypto/internal/fips/nistec/fiat/p224_fiat64.go
1731594448|Filippo Valsorda|D|src/crypto/internal/nistec/fiat/p224_invert.go
1731594448|Filippo Valsorda|A|src/crypto/internal/fips/nistec/fiat/p224_invert.go
1731594448|Filippo Valsorda|D|src/crypto/internal/nistec/fiat/p256.go
1731594448|Filippo Valsorda|A|src/crypto/internal/fips/nistec/fiat/p256.go
1731594448|Filippo Valsorda|D|src/crypto/internal/nistec/fiat/p256_fiat64.go
1731594448|Filippo Valsorda|A|src/crypto/internal/fips/nistec/fiat/p256_fiat64.go
1731594448|Filippo Valsorda|D|src/crypto/internal/nistec/fiat/p256_invert.go
1731594448|Filippo Valsorda|A|src/crypto/internal/fips/nistec/fiat/p256_invert.go
1731594448|Filippo Valsorda|D|src/crypto/internal/nistec/fiat/p384.go
1731594448|Filippo Valsorda|A|src/crypto/internal/fips/nistec/fiat/p384.go
1731594448|Filippo Valsorda|D|src/crypto/internal/nistec/fiat/p384_fiat64.go
1731594448|Filippo Valsorda|A|src/crypto/internal/fips/nistec/fiat/p384_fiat64.go
1731594448|Filippo Valsorda|D|src/crypto/internal/nistec/fiat/p384_invert.go
1731594448|Filippo Valsorda|A|src/crypto/internal/fips/nistec/fiat/p384_invert.go
1731594448|Filippo Valsorda|D|src/crypto/internal/nistec/fiat/p521.go
1731594448|Filippo Valsorda|A|src/crypto/internal/fips/nistec/fiat/p521.go
1731594448|Filippo Valsorda|D|src/crypto/internal/nistec/fiat/p521_fiat64.go
1731594448|Filippo Valsorda|A|src/crypto/internal/fips/nistec/fiat/p521_fiat64.go
1731594448|Filippo Valsorda|D|src/crypto/internal/nistec/fiat/p521_invert.go
1731594448|Filippo Valsorda|A|src/crypto/internal/fips/nistec/fiat/p521_invert.go
1731594448|Filippo Valsorda|D|src/crypto/internal/nistec/generate.go
1731594448|Filippo Valsorda|A|src/crypto/internal/fips/nistec/generate.go
1731594448|Filippo Valsorda|D|src/crypto/internal/nistec/nistec.go
1731594448|Filippo Valsorda|A|src/crypto/internal/fips/nistec/nistec.go
1731594448|Filippo Valsorda|D|src/crypto/internal/nistec/p224.go
1731594448|Filippo Valsorda|A|src/crypto/internal/fips/nistec/p224.go
1731594448|Filippo Valsorda|D|src/crypto/internal/nistec/p224_sqrt.go
1731594448|Filippo Valsorda|A|src/crypto/internal/fips/nistec/p224_sqrt.go
1731594448|Filippo Valsorda|D|src/crypto/internal/nistec/p256.go
1731594448|Filippo Valsorda|A|src/crypto/internal/fips/nistec/p256.go
1731594448|Filippo Valsorda|D|src/crypto/internal/nistec/p256_asm.go
1731594448|Filippo Valsorda|A|src/crypto/internal/fips/nistec/p256_asm.go
1731594448|Filippo Valsorda|D|src/crypto/internal/nistec/p256_asm_amd64.s
1731594448|Filippo Valsorda|A|src/crypto/internal/fips/nistec/p256_asm_amd64.s
1731594448|Filippo Valsorda|D|src/crypto/internal/nistec/p256_asm_arm64.s
1731594448|Filippo Valsorda|A|src/crypto/internal/fips/nistec/p256_asm_arm64.s
1731594448|Filippo Valsorda|D|src/crypto/internal/nistec/p256_asm_ppc64le.s
1731594448|Filippo Valsorda|A|src/crypto/internal/fips/nistec/p256_asm_ppc64le.s
1731594448|Filippo Valsorda|D|src/crypto/internal/nistec/p256_asm_s390x.s
1731594448|Filippo Valsorda|A|src/crypto/internal/fips/nistec/p256_asm_s390x.s
1731594448|Filippo Valsorda|D|src/crypto/internal/nistec/p256_asm_test.go
1731594448|Filippo Valsorda|A|src/crypto/internal/fips/nistec/p256_asm_test.go
1731594448|Filippo Valsorda|D|src/crypto/internal/nistec/p256_ordinv.go
1731594448|Filippo Valsorda|A|src/crypto/internal/fips/nistec/p256_ordinv.go
1731594448|Filippo Valsorda|D|src/crypto/internal/nistec/p256_ordinv_noasm.go
1731594448|Filippo Valsorda|A|src/crypto/internal/fips/nistec/p256_ordinv_noasm.go
1731594448|Filippo Valsorda|D|src/crypto/internal/nistec/p256_table.go
1731594448|Filippo Valsorda|A|src/crypto/internal/fips/nistec/p256_table.go
1731594448|Filippo Valsorda|D|src/crypto/internal/nistec/p256_test.go
1731594448|Filippo Valsorda|A|src/crypto/internal/fips/nistec/p256_table_test.go
1731594448|Filippo Valsorda|D|src/crypto/internal/nistec/p384.go
1731594448|Filippo Valsorda|A|src/crypto/internal/fips/nistec/p384.go
1731594448|Filippo Valsorda|D|src/crypto/internal/nistec/p521.go
1731594448|Filippo Valsorda|A|src/crypto/internal/fips/nistec/p521.go
1731594448|Filippo Valsorda|D|src/crypto/internal/nistec/p256_ordinv_test.go
1731594448|Filippo Valsorda|A|src/crypto/internal/fipstest/nistec_ordinv_test.go
1731594448|Filippo Valsorda|D|src/crypto/internal/nistec/nistec_test.go
1731594448|Filippo Valsorda|A|src/crypto/internal/fipstest/nistec_test.go
1731594448|Filippo Valsorda|M|src/go/build/deps_test.go
1731762602|Filippo Valsorda|M|src/crypto/ecdsa/ecdsa.go
1731762602|Filippo Valsorda|M|src/crypto/internal/bigmod/nat.go
1731762602|Filippo Valsorda|M|src/crypto/internal/bigmod/nat_test.go
1731762602|Filippo Valsorda|M|src/crypto/rsa/rsa.go
1731771487|Filippo Valsorda|M|src/crypto/ecdsa/ecdsa.go
1731771487|Filippo Valsorda|M|src/crypto/ecdsa/ecdsa_test.go
1731771487|Filippo Valsorda|A|src/crypto/internal/fips/ecdsa/ecdsa.go
1731771487|Filippo Valsorda|A|src/crypto/internal/fips/ecdsa/ecdsa_test.go
1731771487|Filippo Valsorda|M|src/go/build/deps_test.go
1731775457|Filippo Valsorda|M|src/crypto/ecdsa/ecdsa.go
1731775457|Filippo Valsorda|A|src/crypto/internal/fips/ecdsa/cast.go
1731775457|Filippo Valsorda|M|src/crypto/internal/fips/ecdsa/ecdsa.go
1731775457|Filippo Valsorda|M|src/crypto/internal/fipstest/cast_test.go
1731797105|Filippo Valsorda|M|src/crypto/ecdsa/ecdsa.go
1731797105|Filippo Valsorda|M|src/crypto/ecdsa/ecdsa_legacy.go
1731797105|Filippo Valsorda|M|src/crypto/ecdsa/ecdsa_test.go
1731797105|Filippo Valsorda|M|src/crypto/internal/fips/ecdsa/cast.go
1731797105|Filippo Valsorda|M|src/crypto/internal/fips/ecdsa/ecdsa.go
1731797105|Filippo Valsorda|M|src/crypto/internal/fips/ecdsa/ecdsa_noasm.go
1731797105|Filippo Valsorda|M|src/crypto/internal/fips/ecdsa/ecdsa_s390x.go
1731797105|Filippo Valsorda|M|src/crypto/internal/fips/ecdsa/ecdsa_test.go
1731797105|Filippo Valsorda|M|src/crypto/internal/fips/ecdsa/hmacdrbg.go
1731797105|Filippo Valsorda|M|src/crypto/internal/fipstest/cast_test.go
1731797105|Filippo Valsorda|M|src/crypto/tls/testdata/Client-TLSv10-ClientCert-ECDSA-ECDSA
1731797105|Filippo Valsorda|M|src/crypto/tls/testdata/Client-TLSv10-ClientCert-ECDSA-RSA
1731797105|Filippo Valsorda|M|src/crypto/tls/testdata/Client-TLSv12-ClientCert-ECDSA-ECDSA
1731797105|Filippo Valsorda|M|src/crypto/tls/testdata/Client-TLSv12-ClientCert-ECDSA-RSA
1731797105|Filippo Valsorda|M|src/crypto/tls/testdata/Client-TLSv13-ClientCert-ECDSA-RSA
1731797105|Filippo Valsorda|M|src/crypto/tls/testdata/Server-TLSv10-ECDHE-ECDSA-AES
1731797105|Filippo Valsorda|M|src/crypto/tls/testdata/Server-TLSv12-ECDHE-ECDSA-AES
1731797105|Filippo Valsorda|M|src/crypto/tls/testdata/Server-TLSv13-ECDHE-ECDSA-AES
1731865109|Filippo Valsorda|M|src/crypto/internal/fips/cast.go
1731865109|Filippo Valsorda|M|src/crypto/internal/fips/ecdh/ecdh.go
1731865109|Filippo Valsorda|M|src/crypto/internal/fips/ecdsa/cast.go
1731865109|Filippo Valsorda|M|src/crypto/internal/fips/ecdsa/ecdsa.go
1731865109|Filippo Valsorda|M|src/crypto/internal/fips/mlkem/mlkem1024.go
1731865109|Filippo Valsorda|M|src/crypto/internal/fips/mlkem/mlkem768.go
1731865109|Filippo Valsorda|M|src/crypto/internal/fipstest/cast_test.go
1731867412|Filippo Valsorda|M|src/crypto/ed25519/ed25519.go
1731867412|Filippo Valsorda|A|src/crypto/internal/fips/ed25519/cast.go
1731867412|Filippo Valsorda|A|src/crypto/internal/fips/ed25519/ed25519.go
1731867412|Filippo Valsorda|M|src/crypto/internal/fipstest/cast_test.go
1731867412|Filippo Valsorda|M|src/go/build/deps_test.go
1731936499|Filippo Valsorda|M|src/crypto/internal/hpke/hpke.go
1731936499|Filippo Valsorda|M|src/go/build/deps_test.go
1731936499|Filippo Valsorda|D|src/vendor/golang.org/x/crypto/hkdf/hkdf.go
1731936499|Filippo Valsorda|M|src/vendor/modules.txt
1732047544|Filippo Valsorda|M|src/crypto/internal/fips/aes/_asm/ctr/go.mod
1732047544|Filippo Valsorda|M|src/crypto/internal/fips/aes/_asm/standard/go.mod
1732047544|Filippo Valsorda|M|src/crypto/internal/fips/aes/gcm/_asm/gcm/go.mod
1732047544|Filippo Valsorda|M|src/crypto/internal/fips/bigmod/_asm/go.mod
1732047544|Filippo Valsorda|M|src/crypto/internal/fips/edwards25519/field/_asm/go.mod
1732047544|Filippo Valsorda|M|src/crypto/internal/fips/nistec/_asm/go.mod
1732047544|Filippo Valsorda|M|src/crypto/internal/fips/sha256/_asm/go.mod
1732047544|Filippo Valsorda|M|src/crypto/internal/fips/sha512/_asm/go.mod
1732047544|Filippo Valsorda|M|src/crypto/md5/_asm/go.mod
1732047544|Filippo Valsorda|M|src/crypto/sha1/_asm/go.mod
1706882525|Mark Ryan|M|src/internal/bytealg/indexbyte_riscv64.s
1732049197|Russ Cox|M|src/cmd/go/alldocs.go
1732049197|Russ Cox|M|src/cmd/go/internal/help/helpdoc.go
1687372923|thepudds|M|src/cmd/internal/testdir/testdir_test.go
1732117996|Russ Cox|M|src/syscall/syscall_windows_test.go
1731471271|Keith Randall|M|src/cmd/compile/internal/ssa/_gen/generic.rules
1731471271|Keith Randall|M|src/cmd/compile/internal/ssa/rewritegeneric.go
1731471271|Keith Randall|M|src/cmd/compile/internal/ssa/schedule.go
1732107046|Joel Sing|M|src/crypto/subtle/dit_test.go
1732119920|Damien Neil|M|src/runtime/proc.go
1732102032|Filippo Valsorda|M|src/crypto/internal/boring/rsa.go
1732102032|Filippo Valsorda|A|src/crypto/internal/fips/rsa/cast.go
1732102032|Filippo Valsorda|A|src/crypto/internal/fips/rsa/pkcs1v15.go
1732102032|Filippo Valsorda|D|src/crypto/rsa/pkcs1v22.go
1732102032|Filippo Valsorda|A|src/crypto/internal/fips/rsa/pkcs1v22.go
1732102032|Filippo Valsorda|A|src/crypto/internal/fips/rsa/pkcs1v22_test.go
1732102032|Filippo Valsorda|A|src/crypto/internal/fips/rsa/rsa.go
1732102032|Filippo Valsorda|M|src/crypto/internal/fipstest/cast_test.go
1732102032|Filippo Valsorda|A|src/crypto/rsa/fips.go
1732102032|Filippo Valsorda|M|src/crypto/rsa/pkcs1v15.go
1732102032|Filippo Valsorda|M|src/crypto/rsa/pss_test.go
1732102032|Filippo Valsorda|M|src/crypto/rsa/rsa.go
1732102032|Filippo Valsorda|M|src/crypto/rsa/rsa_export_test.go
1732102032|Filippo Valsorda|M|src/crypto/rsa/rsa_test.go
1732102032|Filippo Valsorda|M|src/go/build/deps_test.go
1732111360|Filippo Valsorda|M|src/crypto/internal/fips/rsa/pkcs1v15.go
1732111360|Filippo Valsorda|A|src/crypto/internal/fips/rsa/pkcs1v15_test.go
1732115298|Russ Cox|M|src/crypto/internal/fipstest/acvp_test.go
1732044859|Roland Shoemaker|M|doc/godebug.md
1732044859|Roland Shoemaker|M|src/crypto/x509/root_unix_test.go
1732044859|Roland Shoemaker|M|src/crypto/x509/verify_test.go
1732044859|Roland Shoemaker|M|src/crypto/x509/x509.go
1732044859|Roland Shoemaker|M|src/crypto/x509/x509_test.go
1732044859|Roland Shoemaker|M|src/internal/godebugs/table.go
1732044859|Roland Shoemaker|M|src/runtime/metrics/doc.go
1732127137|Filippo Valsorda|M|src/crypto/ed25519/ed25519.go
1732127137|Filippo Valsorda|M|src/crypto/ed25519/ed25519_test.go
1731989173|Robert Griesemer|M|doc/go_spec.html
1732130696|Michael Anthony Knyszek|M|src/runtime/mheap.go
1732040925|Robert Griesemer|M|src/cmd/compile/internal/types2/issues_test.go
1732040925|Robert Griesemer|M|src/cmd/compile/internal/types2/signature.go
1732040925|Robert Griesemer|A|src/cmd/go/testdata/script/cgo_badmethod_issue60725.txt
1732040925|Robert Griesemer|M|src/go/types/issues_test.go
1732040925|Robert Griesemer|M|src/go/types/signature.go
1732111415|Russ Cox|M|lib/fips140/Makefile
1732111415|Russ Cox|M|lib/fips140/README.md
1732111415|Russ Cox|M|lib/fips140/fips140.sum
1732111415|Russ Cox|M|src/cmd/compile/internal/ssa/stmtlines_test.go
1732111415|Russ Cox|M|src/cmd/dist/test.go
1732111415|Russ Cox|D|src/cmd/go/internal/fips/fips.go
1732111415|Russ Cox|A|src/cmd/go/internal/fips140/fips140.go
1732111415|Russ Cox|D|src/cmd/go/internal/fips/fips_test.go
1732111415|Russ Cox|A|src/cmd/go/internal/fips140/fips_test.go
1732111415|Russ Cox|D|src/cmd/go/internal/fips/mkzip.go
1732111415|Russ Cox|A|src/cmd/go/internal/fips140/mkzip.go
1732111415|Russ Cox|M|src/cmd/go/internal/load/godebug.go
1732111415|Russ Cox|M|src/cmd/go/internal/load/pkg.go
1732111415|Russ Cox|M|src/cmd/go/internal/modload/init.go
1732111415|Russ Cox|M|src/cmd/go/internal/modload/load.go
1732111415|Russ Cox|M|src/cmd/go/internal/work/buildid.go
1732111415|Russ Cox|M|src/cmd/go/internal/work/gc.go
1732111415|Russ Cox|M|src/cmd/go/testdata/script/fipssnap.txt
1732111415|Russ Cox|D|src/cmd/internal/obj/fips.go
1732111415|Russ Cox|A|src/cmd/internal/obj/fips140.go
1732111415|Russ Cox|D|src/cmd/link/internal/ld/fips.go
1732111415|Russ Cox|A|src/cmd/link/internal/ld/fips140.go
1732111415|Russ Cox|M|src/cmd/link/internal/loader/loader.go
1732111415|Russ Cox|M|src/crypto/aes/aes.go
1732111415|Russ Cox|M|src/crypto/cipher/cbc.go
1732111415|Russ Cox|M|src/crypto/cipher/cfb.go
1732111415|Russ Cox|M|src/crypto/cipher/ctr.go
1732111415|Russ Cox|M|src/crypto/cipher/ctr_aes_test.go
1732111415|Russ Cox|M|src/crypto/cipher/gcm.go
1732111415|Russ Cox|M|src/crypto/cipher/gcm_test.go
1732111415|Russ Cox|M|src/crypto/cipher/ofb.go
1732111415|Russ Cox|M|src/crypto/des/cipher.go
1732111415|Russ Cox|M|src/crypto/ecdh/nist.go
1732111415|Russ Cox|M|src/crypto/ecdh/x25519.go
1732111415|Russ Cox|M|src/crypto/ecdsa/ecdsa.go
1732111415|Russ Cox|M|src/crypto/ed25519/ed25519.go
1732111415|Russ Cox|M|src/crypto/elliptic/nistec.go
1732111415|Russ Cox|M|src/crypto/elliptic/nistec_p256.go
1732111415|Russ Cox|M|src/crypto/hmac/hmac.go
1732111415|Russ Cox|M|src/crypto/internal/entropy/entropy.go
1732111415|Russ Cox|D|src/crypto/internal/fips/check/checktest/asm.s
1732111415|Russ Cox|D|src/crypto/internal/fips/aes/_asm/ctr/ctr_amd64_asm.go
1732111415|Russ Cox|A|src/crypto/internal/fips140/aes/_asm/ctr/ctr_amd64_asm.go
1732111415|Russ Cox|D|src/crypto/internal/fips/aes/_asm/ctr/go.mod
1732111415|Russ Cox|A|src/crypto/internal/fips140/aes/_asm/ctr/go.mod
1732111415|Russ Cox|D|src/crypto/internal/fips/aes/_asm/ctr/go.sum
1732111415|Russ Cox|A|src/crypto/internal/fips140/aes/_asm/ctr/go.sum
1732111415|Russ Cox|D|src/crypto/internal/fips/aes/_asm/standard/aes_amd64.go
1732111415|Russ Cox|A|src/crypto/internal/fips140/aes/_asm/standard/aes_amd64.go
1732111415|Russ Cox|D|src/crypto/internal/fips/aes/_asm/standard/go.mod
1732111415|Russ Cox|A|src/crypto/internal/fips140/aes/_asm/standard/go.mod
1732111415|Russ Cox|D|src/crypto/internal/fips/aes/_asm/standard/go.sum
1732111415|Russ Cox|A|src/crypto/internal/fips140/aes/_asm/standard/go.sum
1732111415|Russ Cox|D|src/crypto/internal/fips/aes/aes.go
1732111415|Russ Cox|A|src/crypto/internal/fips140/aes/aes.go
1732111415|Russ Cox|D|src/crypto/internal/fips/aes/aes_amd64.s
1732111415|Russ Cox|A|src/crypto/internal/fips140/aes/aes_amd64.s
1732111415|Russ Cox|D|src/crypto/internal/fips/aes/aes_arm64.s
1732111415|Russ Cox|A|src/crypto/internal/fips140/aes/aes_arm64.s
1732111415|Russ Cox|D|src/crypto/internal/fips/aes/aes_asm.go
1732111415|Russ Cox|A|src/crypto/internal/fips140/aes/aes_asm.go
1732111415|Russ Cox|D|src/crypto/internal/fips/aes/aes_generic.go
1732111415|Russ Cox|A|src/crypto/internal/fips140/aes/aes_generic.go
1732111415|Russ Cox|D|src/crypto/internal/fips/aes/aes_noasm.go
1732111415|Russ Cox|A|src/crypto/internal/fips140/aes/aes_noasm.go
1732111415|Russ Cox|D|src/crypto/internal/fips/aes/aes_ppc64x.s
1732111415|Russ Cox|A|src/crypto/internal/fips140/aes/aes_ppc64x.s
1732111415|Russ Cox|D|src/crypto/internal/fips/aes/aes_s390x.go
1732111415|Russ Cox|A|src/crypto/internal/fips140/aes/aes_s390x.go
1732111415|Russ Cox|D|src/crypto/internal/fips/aes/aes_s390x.s
1732111415|Russ Cox|A|src/crypto/internal/fips140/aes/aes_s390x.s
1732111415|Russ Cox|D|src/crypto/internal/fips/aes/aes_test.go
1732111415|Russ Cox|A|src/crypto/internal/fips140/aes/aes_test.go
1732111415|Russ Cox|D|src/crypto/internal/fips/aes/cast.go
1732111415|Russ Cox|A|src/crypto/internal/fips140/aes/cast.go
1732111415|Russ Cox|D|src/crypto/internal/fips/aes/cbc.go
1732111415|Russ Cox|A|src/crypto/internal/fips140/aes/cbc.go
1732111415|Russ Cox|D|src/crypto/internal/fips/aes/cbc_noasm.go
1732111415|Russ Cox|A|src/crypto/internal/fips140/aes/cbc_noasm.go
1732111415|Russ Cox|D|src/crypto/internal/fips/aes/cbc_ppc64x.go
1732111415|Russ Cox|A|src/crypto/internal/fips140/aes/cbc_ppc64x.go
1732111415|Russ Cox|D|src/crypto/internal/fips/aes/cbc_s390x.go
1732111415|Russ Cox|A|src/crypto/internal/fips140/aes/cbc_s390x.go
1732111415|Russ Cox|D|src/crypto/internal/fips/aes/const.go
1732111415|Russ Cox|A|src/crypto/internal/fips140/aes/const.go
1732111415|Russ Cox|D|src/crypto/internal/fips/aes/ctr.go
1732111415|Russ Cox|A|src/crypto/internal/fips140/aes/ctr.go
1732111415|Russ Cox|D|src/crypto/internal/fips/aes/ctr_amd64.s
1732111415|Russ Cox|A|src/crypto/internal/fips140/aes/ctr_amd64.s
1732111415|Russ Cox|D|src/crypto/internal/fips/aes/ctr_arm64.s
1732111415|Russ Cox|A|src/crypto/internal/fips140/aes/ctr_arm64.s
1732111415|Russ Cox|D|src/crypto/internal/fips/aes/ctr_arm64_gen.go
1732111415|Russ Cox|A|src/crypto/internal/fips140/aes/ctr_arm64_gen.go
1732111415|Russ Cox|D|src/crypto/internal/fips/aes/ctr_asm.go
1732111415|Russ Cox|A|src/crypto/internal/fips140/aes/ctr_asm.go
1732111415|Russ Cox|D|src/crypto/internal/fips/aes/ctr_noasm.go
1732111415|Russ Cox|A|src/crypto/internal/fips140/aes/ctr_noasm.go
1732111415|Russ Cox|D|src/crypto/internal/fips/aes/ctr_s390x.go
1732111415|Russ Cox|A|src/crypto/internal/fips140/aes/ctr_s390x.go
1732111415|Russ Cox|D|src/crypto/internal/fips/aes/gcm/_asm/gcm/gcm_amd64_asm.go
1732111415|Russ Cox|A|src/crypto/internal/fips140/aes/gcm/_asm/gcm/gcm_amd64_asm.go
1732111415|Russ Cox|D|src/crypto/internal/fips/aes/gcm/_asm/gcm/go.mod
1732111415|Russ Cox|A|src/crypto/internal/fips140/aes/gcm/_asm/gcm/go.mod
1732111415|Russ Cox|D|src/crypto/internal/fips/aes/gcm/_asm/gcm/go.sum
1732111415|Russ Cox|A|src/crypto/internal/fips140/aes/gcm/_asm/gcm/go.sum
1732111415|Russ Cox|D|src/crypto/internal/fips/aes/gcm/cast.go
1732111415|Russ Cox|A|src/crypto/internal/fips140/aes/gcm/cast.go
1732111415|Russ Cox|D|src/crypto/internal/fips/aes/gcm/cmac.go
1732111415|Russ Cox|A|src/crypto/internal/fips140/aes/gcm/cmac.go
1732111415|Russ Cox|D|src/crypto/internal/fips/aes/gcm/ctrkdf.go
1732111415|Russ Cox|A|src/crypto/internal/fips140/aes/gcm/ctrkdf.go
1732111415|Russ Cox|D|src/crypto/internal/fips/aes/gcm/gcm.go
1732111415|Russ Cox|A|src/crypto/internal/fips140/aes/gcm/gcm.go
1732111415|Russ Cox|D|src/crypto/internal/fips/aes/gcm/gcm_amd64.s
1732111415|Russ Cox|A|src/crypto/internal/fips140/aes/gcm/gcm_amd64.s
1732111415|Russ Cox|D|src/crypto/internal/fips/aes/gcm/gcm_arm64.s
1732111415|Russ Cox|A|src/crypto/internal/fips140/aes/gcm/gcm_arm64.s
1732111415|Russ Cox|D|src/crypto/internal/fips/aes/gcm/gcm_asm.go
1732111415|Russ Cox|A|src/crypto/internal/fips140/aes/gcm/gcm_asm.go
1732111415|Russ Cox|D|src/crypto/internal/fips/aes/gcm/gcm_generic.go
1732111415|Russ Cox|A|src/crypto/internal/fips140/aes/gcm/gcm_generic.go
1732111415|Russ Cox|D|src/crypto/internal/fips/aes/gcm/gcm_noasm.go
1732111415|Russ Cox|A|src/crypto/internal/fips140/aes/gcm/gcm_noasm.go
1732111415|Russ Cox|D|src/crypto/internal/fips/aes/gcm/gcm_nonces.go
1732111415|Russ Cox|A|src/crypto/internal/fips140/aes/gcm/gcm_nonces.go
1732111415|Russ Cox|D|src/crypto/internal/fips/aes/gcm/gcm_ppc64x.go
1732111415|Russ Cox|A|src/crypto/internal/fips140/aes/gcm/gcm_ppc64x.go
1732111415|Russ Cox|D|src/crypto/internal/fips/aes/gcm/gcm_ppc64x.s
1732111415|Russ Cox|A|src/crypto/internal/fips140/aes/gcm/gcm_ppc64x.s
1732111415|Russ Cox|D|src/crypto/internal/fips/aes/gcm/gcm_s390x.go
1732111415|Russ Cox|A|src/crypto/internal/fips140/aes/gcm/gcm_s390x.go
1732111415|Russ Cox|D|src/crypto/internal/fips/aes/gcm/gcm_s390x.s
1732111415|Russ Cox|A|src/crypto/internal/fips140/aes/gcm/gcm_s390x.s
1732111415|Russ Cox|D|src/crypto/internal/fips/aes/gcm/ghash.go
1732111415|Russ Cox|A|src/crypto/internal/fips140/aes/gcm/ghash.go
1732111415|Russ Cox|D|src/crypto/internal/fips/aes/gcm/interface_test.go
1732111415|Russ Cox|A|src/crypto/internal/fips140/aes/gcm/interface_test.go
1732111415|Russ Cox|D|src/crypto/internal/fips/aes/interface_test.go
1732111415|Russ Cox|A|src/crypto/internal/fips140/aes/interface_test.go
1732111415|Russ Cox|D|src/crypto/internal/fips/alias/alias.go
1732111415|Russ Cox|A|src/crypto/internal/fips140/alias/alias.go
1732111415|Russ Cox|D|src/crypto/internal/fips/bigmod/_asm/go.mod
1732111415|Russ Cox|A|src/crypto/internal/fips140/bigmod/_asm/go.mod
1732111415|Russ Cox|D|src/crypto/internal/fips/bigmod/_asm/go.sum
1732111415|Russ Cox|A|src/crypto/internal/fips140/bigmod/_asm/go.sum
1732111415|Russ Cox|D|src/crypto/internal/fips/bigmod/_asm/nat_amd64_asm.go
1732111415|Russ Cox|A|src/crypto/internal/fips140/bigmod/_asm/nat_amd64_asm.go
1732111415|Russ Cox|D|src/crypto/internal/fips/bigmod/nat.go
1732111415|Russ Cox|A|src/crypto/internal/fips140/bigmod/nat.go
1732111415|Russ Cox|D|src/crypto/internal/fips/bigmod/nat_386.s
1732111415|Russ Cox|A|src/crypto/internal/fips140/bigmod/nat_386.s
1732111415|Russ Cox|D|src/crypto/internal/fips/bigmod/nat_amd64.s
1732111415|Russ Cox|A|src/crypto/internal/fips140/bigmod/nat_amd64.s
1732111415|Russ Cox|D|src/crypto/internal/fips/bigmod/nat_arm.s
1732111415|Russ Cox|A|src/crypto/internal/fips140/bigmod/nat_arm.s
1732111415|Russ Cox|D|src/crypto/internal/fips/bigmod/nat_arm64.s
1732111415|Russ Cox|A|src/crypto/internal/fips140/bigmod/nat_arm64.s
1732111415|Russ Cox|D|src/crypto/internal/fips/bigmod/nat_asm.go
1732111415|Russ Cox|A|src/crypto/internal/fips140/bigmod/nat_asm.go
1732111415|Russ Cox|D|src/crypto/internal/fips/bigmod/nat_loong64.s
1732111415|Russ Cox|A|src/crypto/internal/fips140/bigmod/nat_loong64.s
1732111415|Russ Cox|D|src/crypto/internal/fips/bigmod/nat_noasm.go
1732111415|Russ Cox|A|src/crypto/internal/fips140/bigmod/nat_noasm.go
1732111415|Russ Cox|D|src/crypto/internal/fips/bigmod/nat_ppc64x.s
1732111415|Russ Cox|A|src/crypto/internal/fips140/bigmod/nat_ppc64x.s
1732111415|Russ Cox|D|src/crypto/internal/fips/bigmod/nat_riscv64.s
1732111415|Russ Cox|A|src/crypto/internal/fips140/bigmod/nat_riscv64.s
1732111415|Russ Cox|D|src/crypto/internal/fips/bigmod/nat_s390x.s
1732111415|Russ Cox|A|src/crypto/internal/fips140/bigmod/nat_s390x.s
1732111415|Russ Cox|D|src/crypto/internal/fips/bigmod/nat_test.go
1732111415|Russ Cox|A|src/crypto/internal/fips140/bigmod/nat_test.go
1732111415|Russ Cox|D|src/crypto/internal/fips/bigmod/nat_wasm.go
1732111415|Russ Cox|A|src/crypto/internal/fips140/bigmod/nat_wasm.go
1732111415|Russ Cox|D|src/crypto/internal/fips/cast.go
1732111415|Russ Cox|A|src/crypto/internal/fips140/cast.go
1732111415|Russ Cox|D|src/crypto/internal/fips/check/asan.go
1732111415|Russ Cox|A|src/crypto/internal/fips140/check/asan.go
1732111415|Russ Cox|D|src/crypto/internal/fips/check/check.go
1732111415|Russ Cox|A|src/crypto/internal/fips140/check/check.go
1732111415|Russ Cox|A|src/crypto/internal/fips140/check/checktest/asm.s
1732111415|Russ Cox|D|src/crypto/internal/fips/check/checktest/test.go
1732111415|Russ Cox|A|src/crypto/internal/fips140/check/checktest/test.go
1732111415|Russ Cox|D|src/crypto/internal/fips/check/noasan.go
1732111415|Russ Cox|A|src/crypto/internal/fips140/check/noasan.go
1732111415|Russ Cox|D|src/crypto/internal/fips/drbg/cast.go
1732111415|Russ Cox|A|src/crypto/internal/fips140/drbg/cast.go
1732111415|Russ Cox|D|src/crypto/internal/fips/drbg/ctrdrbg.go
1732111415|Russ Cox|A|src/crypto/internal/fips140/drbg/ctrdrbg.go
1732111415|Russ Cox|D|src/crypto/internal/fips/drbg/rand.go
1732111415|Russ Cox|A|src/crypto/internal/fips140/drbg/rand.go
1732111415|Russ Cox|D|src/crypto/internal/fips/ecdh/cast.go
1732111415|Russ Cox|A|src/crypto/internal/fips140/ecdh/cast.go
1732111415|Russ Cox|D|src/crypto/internal/fips/ecdh/ecdh.go
1732111415|Russ Cox|A|src/crypto/internal/fips140/ecdh/ecdh.go
1732111415|Russ Cox|D|src/crypto/internal/fips/ecdh/order_test.go
1732111415|Russ Cox|A|src/crypto/internal/fips140/ecdh/order_test.go
1732111415|Russ Cox|D|src/crypto/internal/fips/ecdsa/cast.go
1732111415|Russ Cox|A|src/crypto/internal/fips140/ecdsa/cast.go
1732111415|Russ Cox|D|src/crypto/internal/fips/ecdsa/ecdsa.go
1732111415|Russ Cox|A|src/crypto/internal/fips140/ecdsa/ecdsa.go
1732111415|Russ Cox|D|src/crypto/internal/fips/ecdsa/ecdsa_noasm.go
1732111415|Russ Cox|A|src/crypto/internal/fips140/ecdsa/ecdsa_noasm.go
1732111415|Russ Cox|D|src/crypto/internal/fips/ecdsa/ecdsa_s390x.go
1732111415|Russ Cox|A|src/crypto/internal/fips140/ecdsa/ecdsa_s390x.go
1732111415|Russ Cox|D|src/crypto/internal/fips/ecdsa/ecdsa_s390x.s
1732111415|Russ Cox|A|src/crypto/internal/fips140/ecdsa/ecdsa_s390x.s
1732111415|Russ Cox|D|src/crypto/internal/fips/ecdsa/ecdsa_test.go
1732111415|Russ Cox|A|src/crypto/internal/fips140/ecdsa/ecdsa_test.go
1732111415|Russ Cox|D|src/crypto/internal/fips/ecdsa/hmacdrbg.go
1732111415|Russ Cox|A|src/crypto/internal/fips140/ecdsa/hmacdrbg.go
1732111415|Russ Cox|D|src/crypto/internal/fips/ed25519/cast.go
1732111415|Russ Cox|A|src/crypto/internal/fips140/ed25519/cast.go
1732111415|Russ Cox|D|src/crypto/internal/fips/ed25519/ed25519.go
1732111415|Russ Cox|A|src/crypto/internal/fips140/ed25519/ed25519.go
1732111415|Russ Cox|D|src/crypto/internal/fips/edwards25519/doc.go
1732111415|Russ Cox|A|src/crypto/internal/fips140/edwards25519/doc.go
1732111415|Russ Cox|D|src/crypto/internal/fips/edwards25519/edwards25519.go
1732111415|Russ Cox|A|src/crypto/internal/fips140/edwards25519/edwards25519.go
1732111415|Russ Cox|D|src/crypto/internal/fips/edwards25519/edwards25519_test.go
1732111415|Russ Cox|A|src/crypto/internal/fips140/edwards25519/edwards25519_test.go
1732111415|Russ Cox|D|src/crypto/internal/fips/edwards25519/field/_asm/fe_amd64_asm.go
1732111415|Russ Cox|A|src/crypto/internal/fips140/edwards25519/field/_asm/fe_amd64_asm.go
1732111415|Russ Cox|D|src/crypto/internal/fips/edwards25519/field/_asm/go.mod
1732111415|Russ Cox|A|src/crypto/internal/fips140/edwards25519/field/_asm/go.mod
1732111415|Russ Cox|D|src/crypto/internal/fips/edwards25519/field/_asm/go.sum
1732111415|Russ Cox|A|src/crypto/internal/fips140/edwards25519/field/_asm/go.sum
1732111415|Russ Cox|D|src/crypto/internal/fips/edwards25519/field/fe.go
1732111415|Russ Cox|A|src/crypto/internal/fips140/edwards25519/field/fe.go
1732111415|Russ Cox|D|src/crypto/internal/fips/edwards25519/field/fe_alias_test.go
1732111415|Russ Cox|A|src/crypto/internal/fips140/edwards25519/field/fe_alias_test.go
1732111415|Russ Cox|D|src/crypto/internal/fips/edwards25519/field/fe_amd64.go
1732111415|Russ Cox|A|src/crypto/internal/fips140/edwards25519/field/fe_amd64.go
1732111415|Russ Cox|D|src/crypto/internal/fips/edwards25519/field/fe_amd64.s
1732111415|Russ Cox|A|src/crypto/internal/fips140/edwards25519/field/fe_amd64.s
1732111415|Russ Cox|D|src/crypto/internal/fips/edwards25519/field/fe_amd64_noasm.go
1732111415|Russ Cox|A|src/crypto/internal/fips140/edwards25519/field/fe_amd64_noasm.go
1732111415|Russ Cox|D|src/crypto/internal/fips/edwards25519/field/fe_arm64.go
1732111415|Russ Cox|A|src/crypto/internal/fips140/edwards25519/field/fe_arm64.go
1732111415|Russ Cox|D|src/crypto/internal/fips/edwards25519/field/fe_arm64.s
1732111415|Russ Cox|A|src/crypto/internal/fips140/edwards25519/field/fe_arm64.s
1732111415|Russ Cox|D|src/crypto/internal/fips/edwards25519/field/fe_arm64_noasm.go
1732111415|Russ Cox|A|src/crypto/internal/fips140/edwards25519/field/fe_arm64_noasm.go
1732111415|Russ Cox|D|src/crypto/internal/fips/edwards25519/field/fe_bench_test.go
1732111415|Russ Cox|A|src/crypto/internal/fips140/edwards25519/field/fe_bench_test.go
1732111415|Russ Cox|D|src/crypto/internal/fips/edwards25519/field/fe_generic.go
1732111415|Russ Cox|A|src/crypto/internal/fips140/edwards25519/field/fe_generic.go
1732111415|Russ Cox|D|src/crypto/internal/fips/edwards25519/field/fe_test.go
1732111415|Russ Cox|A|src/crypto/internal/fips140/edwards25519/field/fe_test.go
1732111415|Russ Cox|D|src/crypto/internal/fips/edwards25519/scalar.go
1732111415|Russ Cox|A|src/crypto/internal/fips140/edwards25519/scalar.go
1732111415|Russ Cox|D|src/crypto/internal/fips/edwards25519/scalar_alias_test.go
1732111415|Russ Cox|A|src/crypto/internal/fips140/edwards25519/scalar_alias_test.go
1732111415|Russ Cox|D|src/crypto/internal/fips/edwards25519/scalar_fiat.go
1732111415|Russ Cox|A|src/crypto/internal/fips140/edwards25519/scalar_fiat.go
1732111415|Russ Cox|D|src/crypto/internal/fips/edwards25519/scalar_test.go
1732111415|Russ Cox|A|src/crypto/internal/fips140/edwards25519/scalar_test.go
1732111415|Russ Cox|D|src/crypto/internal/fips/edwards25519/scalarmult.go
1732111415|Russ Cox|A|src/crypto/internal/fips140/edwards25519/scalarmult.go
1732111415|Russ Cox|D|src/crypto/internal/fips/edwards25519/scalarmult_test.go
1732111415|Russ Cox|A|src/crypto/internal/fips140/edwards25519/scalarmult_test.go
1732111415|Russ Cox|D|src/crypto/internal/fips/edwards25519/tables.go
1732111415|Russ Cox|A|src/crypto/internal/fips140/edwards25519/tables.go
1732111415|Russ Cox|D|src/crypto/internal/fips/edwards25519/tables_test.go
1732111415|Russ Cox|A|src/crypto/internal/fips140/edwards25519/tables_test.go
1732111415|Russ Cox|D|src/crypto/internal/fips/fips.go
1732111415|Russ Cox|A|src/crypto/internal/fips140/fips140.go
1732111415|Russ Cox|D|src/crypto/internal/fips/hash.go
1732111415|Russ Cox|A|src/crypto/internal/fips140/hash.go
1732111415|Russ Cox|D|src/crypto/internal/fips/hkdf/cast.go
1732111415|Russ Cox|A|src/crypto/internal/fips140/hkdf/cast.go
1732111415|Russ Cox|D|src/crypto/internal/fips/hkdf/hkdf.go
1732111415|Russ Cox|A|src/crypto/internal/fips140/hkdf/hkdf.go
1732111415|Russ Cox|D|src/crypto/internal/fips/hmac/cast.go
1732111415|Russ Cox|A|src/crypto/internal/fips140/hmac/cast.go
1732111415|Russ Cox|D|src/crypto/internal/fips/hmac/hmac.go
1732111415|Russ Cox|A|src/crypto/internal/fips140/hmac/hmac.go
1732111415|Russ Cox|D|src/crypto/internal/fips/indicator.go
1732111415|Russ Cox|A|src/crypto/internal/fips140/indicator.go
1732111415|Russ Cox|D|src/crypto/internal/fips/mlkem/cast.go
1732111415|Russ Cox|A|src/crypto/internal/fips140/mlkem/cast.go
1732111415|Russ Cox|D|src/crypto/internal/fips/mlkem/field.go
1732111415|Russ Cox|A|src/crypto/internal/fips140/mlkem/field.go
1732111415|Russ Cox|D|src/crypto/internal/fips/mlkem/field_test.go
1732111415|Russ Cox|A|src/crypto/internal/fips140/mlkem/field_test.go
1732111415|Russ Cox|D|src/crypto/internal/fips/mlkem/generate1024.go
1732111415|Russ Cox|A|src/crypto/internal/fips140/mlkem/generate1024.go
1732111415|Russ Cox|D|src/crypto/internal/fips/mlkem/mlkem1024.go
1732111415|Russ Cox|A|src/crypto/internal/fips140/mlkem/mlkem1024.go
1732111415|Russ Cox|D|src/crypto/internal/fips/mlkem/mlkem768.go
1732111415|Russ Cox|A|src/crypto/internal/fips140/mlkem/mlkem768.go
1732111415|Russ Cox|D|src/crypto/internal/fips/nistec/_asm/go.mod
1732111415|Russ Cox|A|src/crypto/internal/fips140/nistec/_asm/go.mod
1732111415|Russ Cox|D|src/crypto/internal/fips/nistec/_asm/go.sum
1732111415|Russ Cox|A|src/crypto/internal/fips140/nistec/_asm/go.sum
1732111415|Russ Cox|D|src/crypto/internal/fips/nistec/_asm/p256_asm.go
1732111415|Russ Cox|A|src/crypto/internal/fips140/nistec/_asm/p256_asm.go
1732111415|Russ Cox|D|src/crypto/internal/fips/nistec/benchmark_test.go
1732111415|Russ Cox|A|src/crypto/internal/fips140/nistec/benchmark_test.go
1732111415|Russ Cox|D|src/crypto/internal/fips/nistec/fiat/Dockerfile
1732111415|Russ Cox|A|src/crypto/internal/fips140/nistec/fiat/Dockerfile
1732111415|Russ Cox|D|src/crypto/internal/fips/nistec/fiat/README
1732111415|Russ Cox|A|src/crypto/internal/fips140/nistec/fiat/README
1732111415|Russ Cox|D|src/crypto/internal/fips/nistec/fiat/benchmark_test.go
1732111415|Russ Cox|A|src/crypto/internal/fips140/nistec/fiat/benchmark_test.go
1732111415|Russ Cox|D|src/crypto/internal/fips/nistec/fiat/cast.go
1732111415|Russ Cox|A|src/crypto/internal/fips140/nistec/fiat/cast.go
1732111415|Russ Cox|D|src/crypto/internal/fips/nistec/fiat/generate.go
1732111415|Russ Cox|A|src/crypto/internal/fips140/nistec/fiat/generate.go
1732111415|Russ Cox|D|src/crypto/internal/fips/nistec/fiat/p224.go
1732111415|Russ Cox|A|src/crypto/internal/fips140/nistec/fiat/p224.go
1732111415|Russ Cox|D|src/crypto/internal/fips/nistec/fiat/p224_fiat64.go
1732111415|Russ Cox|A|src/crypto/internal/fips140/nistec/fiat/p224_fiat64.go
1732111415|Russ Cox|D|src/crypto/internal/fips/nistec/fiat/p224_invert.go
1732111415|Russ Cox|A|src/crypto/internal/fips140/nistec/fiat/p224_invert.go
1732111415|Russ Cox|D|src/crypto/internal/fips/nistec/fiat/p256.go
1732111415|Russ Cox|A|src/crypto/internal/fips140/nistec/fiat/p256.go
1732111415|Russ Cox|D|src/crypto/internal/fips/nistec/fiat/p256_fiat64.go
1732111415|Russ Cox|A|src/crypto/internal/fips140/nistec/fiat/p256_fiat64.go
1732111415|Russ Cox|D|src/crypto/internal/fips/nistec/fiat/p256_invert.go
1732111415|Russ Cox|A|src/crypto/internal/fips140/nistec/fiat/p256_invert.go
1732111415|Russ Cox|D|src/crypto/internal/fips/nistec/fiat/p384.go
1732111415|Russ Cox|A|src/crypto/internal/fips140/nistec/fiat/p384.go
1732111415|Russ Cox|D|src/crypto/internal/fips/nistec/fiat/p384_fiat64.go
1732111415|Russ Cox|A|src/crypto/internal/fips140/nistec/fiat/p384_fiat64.go
1732111415|Russ Cox|D|src/crypto/internal/fips/nistec/fiat/p384_invert.go
1732111415|Russ Cox|A|src/crypto/internal/fips140/nistec/fiat/p384_invert.go
1732111415|Russ Cox|D|src/crypto/internal/fips/nistec/fiat/p521.go
1732111415|Russ Cox|A|src/crypto/internal/fips140/nistec/fiat/p521.go
1732111415|Russ Cox|D|src/crypto/internal/fips/nistec/fiat/p521_fiat64.go
1732111415|Russ Cox|A|src/crypto/internal/fips140/nistec/fiat/p521_fiat64.go
1732111415|Russ Cox|D|src/crypto/internal/fips/nistec/fiat/p521_invert.go
1732111415|Russ Cox|A|src/crypto/internal/fips140/nistec/fiat/p521_invert.go
1732111415|Russ Cox|D|src/crypto/internal/fips/nistec/generate.go
1732111415|Russ Cox|A|src/crypto/internal/fips140/nistec/generate.go
1732111415|Russ Cox|D|src/crypto/internal/fips/nistec/nistec.go
1732111415|Russ Cox|A|src/crypto/internal/fips140/nistec/nistec.go
1732111415|Russ Cox|D|src/crypto/internal/fips/nistec/p224.go
1732111415|Russ Cox|A|src/crypto/internal/fips140/nistec/p224.go
1732111415|Russ Cox|D|src/crypto/internal/fips/nistec/p224_sqrt.go
1732111415|Russ Cox|A|src/crypto/internal/fips140/nistec/p224_sqrt.go
1732111415|Russ Cox|D|src/crypto/internal/fips/nistec/p256.go
1732111415|Russ Cox|A|src/crypto/internal/fips140/nistec/p256.go
1732111415|Russ Cox|D|src/crypto/internal/fips/nistec/p256_asm.go
1732111415|Russ Cox|A|src/crypto/internal/fips140/nistec/p256_asm.go
1732111415|Russ Cox|D|src/crypto/internal/fips/nistec/p256_asm_amd64.s
1732111415|Russ Cox|A|src/crypto/internal/fips140/nistec/p256_asm_amd64.s
1732111415|Russ Cox|D|src/crypto/internal/fips/nistec/p256_asm_arm64.s
1732111415|Russ Cox|A|src/crypto/internal/fips140/nistec/p256_asm_arm64.s
1732111415|Russ Cox|D|src/crypto/internal/fips/nistec/p256_asm_ppc64le.s
1732111415|Russ Cox|A|src/crypto/internal/fips140/nistec/p256_asm_ppc64le.s
1732111415|Russ Cox|D|src/crypto/internal/fips/nistec/p256_asm_s390x.s
1732111415|Russ Cox|A|src/crypto/internal/fips140/nistec/p256_asm_s390x.s
1732111415|Russ Cox|D|src/crypto/internal/fips/nistec/p256_asm_test.go
1732111415|Russ Cox|A|src/crypto/internal/fips140/nistec/p256_asm_test.go
1732111415|Russ Cox|D|src/crypto/internal/fips/nistec/p256_ordinv.go
1732111415|Russ Cox|A|src/crypto/internal/fips140/nistec/p256_ordinv.go
1732111415|Russ Cox|D|src/crypto/internal/fips/nistec/p256_ordinv_noasm.go
1732111415|Russ Cox|A|src/crypto/internal/fips140/nistec/p256_ordinv_noasm.go
1732111415|Russ Cox|D|src/crypto/internal/fips/nistec/p256_table.go
1732111415|Russ Cox|A|src/crypto/internal/fips140/nistec/p256_table.go
1732111415|Russ Cox|D|src/crypto/internal/fips/nistec/p256_table_test.go
1732111415|Russ Cox|A|src/crypto/internal/fips140/nistec/p256_table_test.go
1732111415|Russ Cox|D|src/crypto/internal/fips/nistec/p384.go
1732111415|Russ Cox|A|src/crypto/internal/fips140/nistec/p384.go
1732111415|Russ Cox|D|src/crypto/internal/fips/nistec/p521.go
1732111415|Russ Cox|A|src/crypto/internal/fips140/nistec/p521.go
1732111415|Russ Cox|D|src/crypto/internal/fips/rsa/cast.go
1732111415|Russ Cox|A|src/crypto/internal/fips140/rsa/cast.go
1732111415|Russ Cox|D|src/crypto/internal/fips/rsa/pkcs1v15.go
1732111415|Russ Cox|A|src/crypto/internal/fips140/rsa/pkcs1v15.go
1732111415|Russ Cox|D|src/crypto/internal/fips/rsa/pkcs1v15_test.go
1732111415|Russ Cox|A|src/crypto/internal/fips140/rsa/pkcs1v15_test.go
1732111415|Russ Cox|D|src/crypto/internal/fips/rsa/pkcs1v22.go
1732111415|Russ Cox|A|src/crypto/internal/fips140/rsa/pkcs1v22.go
1732111415|Russ Cox|D|src/crypto/internal/fips/rsa/pkcs1v22_test.go
1732111415|Russ Cox|A|src/crypto/internal/fips140/rsa/pkcs1v22_test.go
1732111415|Russ Cox|D|src/crypto/internal/fips/rsa/rsa.go
1732111415|Russ Cox|A|src/crypto/internal/fips140/rsa/rsa.go
1732111415|Russ Cox|D|src/crypto/internal/fips/sha256/_asm/go.mod
1732111415|Russ Cox|A|src/crypto/internal/fips140/sha256/_asm/go.mod
1732111415|Russ Cox|D|src/crypto/internal/fips/sha256/_asm/go.sum
1732111415|Russ Cox|A|src/crypto/internal/fips140/sha256/_asm/go.sum
1732111415|Russ Cox|D|src/crypto/internal/fips/sha256/_asm/sha256block_amd64_asm.go
1732111415|Russ Cox|A|src/crypto/internal/fips140/sha256/_asm/sha256block_amd64_asm.go
1732111415|Russ Cox|D|src/crypto/internal/fips/sha256/_asm/sha256block_amd64_avx2.go
1732111415|Russ Cox|A|src/crypto/internal/fips140/sha256/_asm/sha256block_amd64_avx2.go
1732111415|Russ Cox|D|src/crypto/internal/fips/sha256/_asm/sha256block_amd64_shani.go
1732111415|Russ Cox|A|src/crypto/internal/fips140/sha256/_asm/sha256block_amd64_shani.go
1732111415|Russ Cox|D|src/crypto/internal/fips/sha256/cast.go
1732111415|Russ Cox|A|src/crypto/internal/fips140/sha256/cast.go
1732111415|Russ Cox|D|src/crypto/internal/fips/sha256/sha256.go
1732111415|Russ Cox|A|src/crypto/internal/fips140/sha256/sha256.go
1732111415|Russ Cox|D|src/crypto/internal/fips/sha256/sha256block.go
1732111415|Russ Cox|A|src/crypto/internal/fips140/sha256/sha256block.go
1732111415|Russ Cox|D|src/crypto/internal/fips/sha256/sha256block_386.s
1732111415|Russ Cox|A|src/crypto/internal/fips140/sha256/sha256block_386.s
1732111415|Russ Cox|D|src/crypto/internal/fips/sha256/sha256block_amd64.go
1732111415|Russ Cox|A|src/crypto/internal/fips140/sha256/sha256block_amd64.go
1732111415|Russ Cox|D|src/crypto/internal/fips/sha256/sha256block_amd64.s
1732111415|Russ Cox|A|src/crypto/internal/fips140/sha256/sha256block_amd64.s
1732127954|Michael Matloob|M|src/cmd/go/internal/base/path.go
1732127954|Michael Matloob|M|src/cmd/go/internal/modload/init.go
1732127954|Michael Matloob|M|src/cmd/go/internal/modload/load.go
1732127954|Michael Matloob|M|src/cmd/go/internal/modload/modfile.go
1732127954|Michael Matloob|M|src/cmd/go/internal/workcmd/use.go
1728506657|Michael Pratt|M|src/cmd/compile/internal/types/type.go
1732139513|Ian Lance Taylor|M|src/cmd/cgo/gcc.go
1732097702|Tobias Klauser|M|src/os/exec_unix.go
1731540891|Junyang Shao|M|src/cmd/compile/internal/inline/interleaved/interleaved.go
1731540891|Junyang Shao|M|src/testing/benchmark.go
1731540891|Junyang Shao|M|src/testing/benchmark_test.go
1731540891|Junyang Shao|M|src/testing/testing_test.go
1731540891|Junyang Shao|M|test/inline_testingbloop.go
1731428170|Damien Neil|M|api/next/67002.txt
1731428170|Damien Neil|M|src/internal/syscall/unix/at_wasip1.go
1731428170|Damien Neil|M|src/internal/syscall/windows/at_windows.go
1731428170|Damien Neil|M|src/internal/syscall/windows/syscall_windows.go
1731428170|Damien Neil|M|src/internal/syscall/windows/types_windows.go
1731428170|Damien Neil|M|src/internal/syscall/windows/zsyscall_windows.go
1731428170|Damien Neil|M|src/os/os_test.go
1731428170|Damien Neil|M|src/os/root.go
1731428170|Damien Neil|M|src/os/root_js.go
1731428170|Damien Neil|M|src/os/root_noopenat.go
1731428170|Damien Neil|M|src/os/root_openat.go
1731428170|Damien Neil|M|src/os/root_plan9.go
1731428170|Damien Neil|M|src/os/root_test.go
1731428170|Damien Neil|M|src/os/root_unix.go
1731428170|Damien Neil|M|src/os/root_windows.go
1731428170|Damien Neil|M|src/os/root_windows_test.go
1731980954|Damien Neil|M|api/next/67002.txt
1731980954|Damien Neil|M|src/os/file.go
1731980954|Damien Neil|M|src/os/os_test.go
1731980954|Damien Neil|M|src/os/root.go
1731980954|Damien Neil|M|src/os/stat_wasip1.go
1731959308|Rhys Hiltner|M|src/runtime/lock_spinbit.go
1732141293|Ian Lance Taylor|M|src/cmd/cgo/internal/testsanitizers/cc_test.go
1732143463|Robert Griesemer|M|src/cmd/compile/internal/types2/issues_test.go
1732143463|Robert Griesemer|M|src/cmd/compile/internal/types2/resolver.go
1732143463|Robert Griesemer|M|src/go/types/issues_test.go
1732143463|Robert Griesemer|M|src/go/types/resolver.go
1726239966|Michael Matloob|M|src/cmd/go/internal/base/base.go
1726239966|Michael Matloob|D|src/cmd/go/internal/test/test_nonunix.go
1726239966|Michael Matloob|A|src/cmd/go/internal/base/error_notunix.go
1726239966|Michael Matloob|D|src/cmd/go/internal/test/test_unix.go
1726239966|Michael Matloob|A|src/cmd/go/internal/base/error_unix.go
1726239966|Michael Matloob|M|src/cmd/go/internal/cache/cache.go
1726239966|Michael Matloob|M|src/cmd/go/internal/cache/default.go
1726239966|Michael Matloob|M|src/cmd/go/internal/run/run.go
1726239966|Michael Matloob|M|src/cmd/go/internal/test/test.go
1726239966|Michael Matloob|M|src/cmd/go/internal/work/action.go
1726239966|Michael Matloob|M|src/cmd/go/internal/work/buildid.go
1726239966|Michael Matloob|M|src/cmd/go/internal/work/exec.go
1732150857|Damien Neil|A|src/os/eloop_netbsd.go
1732150857|Damien Neil|A|src/os/eloop_other.go
1732150857|Damien Neil|M|src/os/root_unix.go
1732200932|Michael Matloob|M|src/cmd/go/internal/base/path.go
1732200932|Michael Matloob|M|src/cmd/go/internal/modload/init.go
1732200932|Michael Matloob|M|src/cmd/go/internal/modload/load.go
1732200932|Michael Matloob|M|src/cmd/go/internal/modload/modfile.go
1732200932|Michael Matloob|M|src/cmd/go/internal/workcmd/use.go
1732112620|Russ Cox|M|src/cmd/dist/test.go
1732194006|Russ Cox|M|src/cmd/go/internal/test/test.go
1732194006|Russ Cox|A|src/cmd/go/testdata/script/test_print.txt
1732130860|Maksym Sobolyev|M|src/runtime/netpoll_kqueue.go
1732130860|Maksym Sobolyev|M|src/runtime/netpoll_kqueue_event.go
1732130860|Maksym Sobolyev|M|src/runtime/netpoll_kqueue_pipe.go
1732118496|qiulaidongfeng|M|src/cmd/dist/buildruntime.go
1732118496|qiulaidongfeng|M|src/cmd/go/internal/cfg/cfg.go
1732118496|qiulaidongfeng|M|src/cmd/go/testdata/script/env_changed.txt
1732118496|qiulaidongfeng|M|src/internal/buildcfg/cfg.go
1730236297|Jayanth Krishnamurthy jayanth.krishnamurthy@ibm.com|M|src/cmd/asm/internal/arch/ppc64.go
1730236297|Jayanth Krishnamurthy jayanth.krishnamurthy@ibm.com|M|src/cmd/asm/internal/asm/testdata/ppc64.s
1730236297|Jayanth Krishnamurthy jayanth.krishnamurthy@ibm.com|M|src/cmd/internal/obj/ppc64/a.out.go
1730236297|Jayanth Krishnamurthy jayanth.krishnamurthy@ibm.com|M|src/cmd/internal/obj/ppc64/anames.go
1730236297|Jayanth Krishnamurthy jayanth.krishnamurthy@ibm.com|M|src/cmd/internal/obj/ppc64/asm9.go
1732212667|Daniel McCarney|M|src/cmd/dist/test.go
1731609494|Daniel McCarney|A|api/next/69488.txt
1731609494|Daniel McCarney|A|doc/next/6-stdlib/2-pbkdf2.md
1731609494|Daniel McCarney|A|doc/next/6-stdlib/99-minor/crypto/pbkdf2/69488.md
1731609494|Daniel McCarney|A|src/crypto/pbkdf2/pbkdf2.go
1731609494|Daniel McCarney|A|src/crypto/pbkdf2/pbkdf2_test.go
1731609494|Daniel McCarney|M|src/go/build/deps_test.go
1732221768|Cherry Mui|M|src/hash/maphash/maphash_runtime.go
1732207403|Damien Neil|M|src/os/root_test.go
1732110987|cuishuang|M|src/cmd/compile/internal/ssa/_gen/PPC64Ops.go
1732110987|cuishuang|M|src/cmd/compile/internal/ssa/_gen/genericOps.go
1732110987|cuishuang|M|src/cmd/compile/internal/types2/README.md
1732110987|cuishuang|M|src/cmd/compile/internal/walk/order.go
1732110987|cuishuang|M|src/cmd/go/internal/generate/generate_test.go
1732110987|cuishuang|M|src/cmd/go/internal/modload/edit.go
1732110987|cuishuang|M|src/cmd/go/internal/mvs/mvs.go
1732110987|cuishuang|M|src/cmd/go/main.go
1732110987|cuishuang|M|src/cmd/internal/obj/ppc64/asm9.go
1732110987|cuishuang|M|src/cmd/internal/obj/util.go
1732110987|cuishuang|M|src/cmd/internal/objfile/disasm.go
1732110987|cuishuang|M|src/cmd/internal/script/scripttest/conditions.go
1732110987|cuishuang|M|src/cmd/link/link_test.go
1732110987|cuishuang|M|src/crypto/tls/common.go
1732110987|cuishuang|M|src/encoding/binary/binary.go
1732110987|cuishuang|M|src/internal/pkgbits/decoder.go
1732110987|cuishuang|M|src/internal/runtime/maps/table.go
1732110987|cuishuang|M|src/internal/syscall/windows/version_windows.go
1732110987|cuishuang|M|src/internal/trace/event/event.go
1732110987|cuishuang|M|src/internal/types/testdata/check/go1_20_19.go
1732110987|cuishuang|M|src/internal/types/testdata/check/go1_21_19.go
1732110987|cuishuang|M|src/maps/maps_test.go
1732110987|cuishuang|M|src/net/http/transport.go
1732110987|cuishuang|M|src/runtime/debug/stack.go
1732110987|cuishuang|M|src/runtime/export_test.go
1732110987|cuishuang|M|src/runtime/mbarrier.go
1732110987|cuishuang|M|src/runtime/panic.go
1732110987|cuishuang|M|src/runtime/pprof/pprof_test.go
1732110987|cuishuang|M|src/slices/slices_test.go
1732110987|cuishuang|M|src/sort/example_keys_test.go
1732110987|cuishuang|M|src/sort/example_multi_test.go
1723654089|Joel Sing|M|src/cmd/internal/obj/riscv/obj.go
1731609809|Sean Liao|A|api/next/67057.txt
1731609809|Sean Liao|A|doc/next/6-stdlib/99-minor/crypto/rand/67057.md
1731609809|Sean Liao|A|src/crypto/rand/text.go
1731609809|Sean Liao|A|src/crypto/rand/text_test.go
1732220478|Matthieu Baerts (NGI0)|M|src/net/tcpsock.go
1731973933|Keith Randall|M|src/cmd/compile/internal/ssa/_gen/generic.rules
1731973933|Keith Randall|M|src/cmd/compile/internal/ssa/rewritegeneric.go
1731973933|Keith Randall|A|test/codegen/unsafe.go
1731959712|David Chase|M|src/cmd/compile/internal/inline/inlheur/testdata/props/calls.go
1731959712|David Chase|M|src/cmd/compile/internal/inline/interleaved/interleaved.go
1730748064|Damien Neil|A|api/next/67816.txt
1730748064|Damien Neil|A|doc/next/6-stdlib/99-minor/net/http/67816.md
1730748064|Damien Neil|M|src/net/http/http.go
1730748064|Damien Neil|M|src/net/http/server.go
1730748064|Damien Neil|M|src/net/http/transport.go
1730748064|Damien Neil|M|src/net/http/transport_test.go
1731611353|Daniel McCarney|M|src/crypto/internal/fips140/hkdf/hkdf.go
1731611353|Daniel McCarney|M|src/crypto/internal/fips140/hmac/hmac.go
1731611353|Daniel McCarney|A|src/crypto/internal/fips140/pbkdf2/pbkdf2.go
1731611353|Daniel McCarney|M|src/crypto/pbkdf2/pbkdf2.go
1731611353|Daniel McCarney|M|src/crypto/pbkdf2/pbkdf2_test.go
1731611353|Daniel McCarney|M|src/go/build/deps_test.go
1731612344|Daniel McCarney|A|src/crypto/internal/fips140/pbkdf2/cast.go
1731612344|Daniel McCarney|M|src/crypto/internal/fips140/pbkdf2/pbkdf2.go
1731614679|Tim King|M|src/cmd/compile/internal/importer/gcimporter.go
1731614679|Tim King|M|src/cmd/compile/internal/noder/import.go
1731614679|Tim King|M|src/go/internal/gcimporter/gcimporter.go
1731614679|Tim King|M|src/internal/exportdata/exportdata.go
1732236261|Damien Neil|M|src/net/http/transport_test.go
1732018526|Richard Miller|M|src/os/os_test.go
1732236852|Dmitri Shuralyov|M|src/cmd/go.mod
1732236852|Dmitri Shuralyov|M|src/cmd/go.sum
1732236852|Dmitri Shuralyov|M|src/cmd/vendor/golang.org/x/term/README.md
1732236852|Dmitri Shuralyov|M|src/cmd/vendor/golang.org/x/term/term_windows.go
1732236852|Dmitri Shuralyov|M|src/cmd/vendor/modules.txt
1732236852|Dmitri Shuralyov|M|src/go.mod
1732236852|Dmitri Shuralyov|M|src/go.sum
1732236852|Dmitri Shuralyov|M|src/net/http/h2_bundle.go
1732236852|Dmitri Shuralyov|M|src/vendor/golang.org/x/crypto/chacha20/chacha_noasm.go
1732236852|Dmitri Shuralyov|D|src/vendor/golang.org/x/crypto/chacha20/chacha_ppc64le.go
1732236852|Dmitri Shuralyov|A|src/vendor/golang.org/x/crypto/chacha20/chacha_ppc64x.go
1732236852|Dmitri Shuralyov|D|src/vendor/golang.org/x/crypto/chacha20/chacha_ppc64le.s
1732236852|Dmitri Shuralyov|A|src/vendor/golang.org/x/crypto/chacha20/chacha_ppc64x.s
1732236852|Dmitri Shuralyov|M|src/vendor/golang.org/x/crypto/chacha20poly1305/chacha20poly1305_amd64.s
1732236852|Dmitri Shuralyov|M|src/vendor/golang.org/x/crypto/internal/poly1305/mac_noasm.go
1732236852|Dmitri Shuralyov|M|src/vendor/golang.org/x/crypto/internal/poly1305/sum_amd64.s
1732236852|Dmitri Shuralyov|D|src/vendor/golang.org/x/crypto/internal/poly1305/sum_ppc64le.go
1732236852|Dmitri Shuralyov|A|src/vendor/golang.org/x/crypto/internal/poly1305/sum_ppc64x.go
1732236852|Dmitri Shuralyov|D|src/vendor/golang.org/x/crypto/internal/poly1305/sum_ppc64le.s
1732236852|Dmitri Shuralyov|A|src/vendor/golang.org/x/crypto/internal/poly1305/sum_ppc64x.s
1732236852|Dmitri Shuralyov|M|src/vendor/golang.org/x/net/route/address.go
1732236852|Dmitri Shuralyov|M|src/vendor/modules.txt
1732017475|Filippo Valsorda|M|src/crypto/internal/fips140/bigmod/nat.go
1732017475|Filippo Valsorda|M|src/crypto/internal/fips140/bigmod/nat_test.go
1732193481|Filippo Valsorda|M|src/crypto/internal/fips140/bigmod/nat.go
1732193481|Filippo Valsorda|M|src/crypto/rsa/rsa.go
1732193481|Filippo Valsorda|M|src/crypto/rsa/rsa_test.go
1732054718|David Chase|M|src/cmd/compile/internal/inline/inl.go
1732054718|David Chase|M|src/cmd/compile/internal/inline/interleaved/interleaved.go
1732054718|David Chase|M|test/closure3.dir/main.go
1732053938|Roland Shoemaker|M|doc/godebug.md
1732053938|Roland Shoemaker|A|doc/next/6-stdlib/99-minor/crypto/x509/67620.md
1732053938|Roland Shoemaker|M|src/crypto/x509/x509.go
1732053938|Roland Shoemaker|M|src/crypto/x509/x509_test.go
1732053938|Roland Shoemaker|M|src/internal/godebugs/table.go
1732229570|Daniel McCarney|A|api/next/70122.txt
1732229570|Daniel McCarney|A|doc/next/6-stdlib/4-mlkem.md
1732229570|Daniel McCarney|A|doc/next/6-stdlib/99-minor/crypto/mlkem/70122.md
1732229570|Daniel McCarney|A|src/crypto/mlkem/mlkem1024.go
1732229570|Daniel McCarney|A|src/crypto/mlkem/mlkem768.go
1732229570|Daniel McCarney|D|src/crypto/internal/fips140test/mlkem_test.go
1732229570|Daniel McCarney|A|src/crypto/mlkem/mlkem_test.go
1732229570|Daniel McCarney|M|src/go/build/deps_test.go
1732245672|Filippo Valsorda|M|src/crypto/cipher/cfb.go
1732245672|Filippo Valsorda|M|src/crypto/cipher/gcm.go
1732245672|Filippo Valsorda|M|src/crypto/cipher/ofb.go
1732245672|Filippo Valsorda|M|src/crypto/des/cipher.go
1732245672|Filippo Valsorda|M|src/crypto/dsa/dsa.go
1732245672|Filippo Valsorda|M|src/crypto/ecdh/x25519.go
1732245672|Filippo Valsorda|M|src/crypto/ecdsa/ecdsa_legacy.go
1732245672|Filippo Valsorda|M|src/crypto/ed25519/ed25519.go
1732245672|Filippo Valsorda|M|src/crypto/hkdf/hkdf.go
1732245672|Filippo Valsorda|M|src/crypto/hmac/hmac.go
1732245672|Filippo Valsorda|A|src/crypto/internal/fips140only/fips140only.go
1732245672|Filippo Valsorda|M|src/crypto/md5/md5.go
1732245672|Filippo Valsorda|M|src/crypto/pbkdf2/pbkdf2.go
1732245672|Filippo Valsorda|M|src/crypto/rand/util.go
1732245672|Filippo Valsorda|M|src/crypto/rc4/rc4.go
1732245672|Filippo Valsorda|M|src/crypto/rsa/fips.go
1732245672|Filippo Valsorda|M|src/crypto/rsa/pkcs1v15.go
1732245672|Filippo Valsorda|M|src/crypto/sha1/sha1.go
1732245672|Filippo Valsorda|M|src/go/build/deps_test.go
1732220518|Filippo Valsorda|A|api/next/69985.txt
1732220518|Filippo Valsorda|M|doc/godebug.md
1732220518|Filippo Valsorda|A|doc/next/6-stdlib/99-minor/crypto/tls/69985.md
1732220518|Filippo Valsorda|M|src/crypto/tls/bogo_config.json
1732220518|Filippo Valsorda|M|src/crypto/tls/bogo_shim_test.go
1732220518|Filippo Valsorda|M|src/crypto/tls/common.go
1732220518|Filippo Valsorda|M|src/crypto/tls/common_string.go
1732220518|Filippo Valsorda|M|src/crypto/tls/defaults.go
1732220518|Filippo Valsorda|M|src/crypto/tls/fips_test.go
1732220518|Filippo Valsorda|M|src/crypto/tls/handshake_client.go
1732220518|Filippo Valsorda|M|src/crypto/tls/handshake_client_tls13.go
1732220518|Filippo Valsorda|M|src/crypto/tls/handshake_server.go
1732220518|Filippo Valsorda|M|src/crypto/tls/handshake_server_test.go
1732220518|Filippo Valsorda|M|src/crypto/tls/handshake_server_tls13.go
1732220518|Filippo Valsorda|M|src/crypto/tls/key_schedule.go
1732220518|Filippo Valsorda|M|src/crypto/tls/key_schedule_test.go
1732220518|Filippo Valsorda|M|src/crypto/tls/tls_test.go
1732220518|Filippo Valsorda|M|src/internal/godebugs/table.go
1732250387|Dmitri Shuralyov|M|src/cmd/dist/test.go
1732250387|Dmitri Shuralyov|M|src/crypto/internal/fips140/check/check.go
1732250387|Dmitri Shuralyov|M|src/crypto/internal/fips140test/check_test.go
1732239142|Damien Neil|M|src/go/build/deps_test.go
1732239142|Damien Neil|M|src/internal/synctest/synctest.go
1732239142|Damien Neil|M|src/runtime/synctest.go
1732239142|Damien Neil|M|src/syscall/js/func.go
1732141241|Carlos Amedee|M|src/runtime/mcleanup.go
1732141241|Carlos Amedee|M|src/runtime/mheap.go
1732309308|Dmitri Shuralyov|M|src/cmd/go.mod
1732309308|Dmitri Shuralyov|M|src/cmd/go.sum
1732309308|Dmitri Shuralyov|M|src/cmd/vendor/golang.org/x/sys/unix/zerrors_linux.go
1732309308|Dmitri Shuralyov|M|src/cmd/vendor/golang.org/x/sys/unix/zerrors_linux_386.go
1732309308|Dmitri Shuralyov|M|src/cmd/vendor/golang.org/x/sys/unix/zerrors_linux_amd64.go
1732309308|Dmitri Shuralyov|M|src/cmd/vendor/golang.org/x/sys/unix/zerrors_linux_arm.go
1732309308|Dmitri Shuralyov|M|src/cmd/vendor/golang.org/x/sys/unix/zerrors_linux_arm64.go
1732309308|Dmitri Shuralyov|M|src/cmd/vendor/golang.org/x/sys/unix/zerrors_linux_loong64.go
1732309308|Dmitri Shuralyov|M|src/cmd/vendor/golang.org/x/sys/unix/zerrors_linux_mips.go
1732309308|Dmitri Shuralyov|M|src/cmd/vendor/golang.org/x/sys/unix/zerrors_linux_mips64.go
1732309308|Dmitri Shuralyov|M|src/cmd/vendor/golang.org/x/sys/unix/zerrors_linux_mips64le.go
1732309308|Dmitri Shuralyov|M|src/cmd/vendor/golang.org/x/sys/unix/zerrors_linux_mipsle.go
1732309308|Dmitri Shuralyov|M|src/cmd/vendor/golang.org/x/sys/unix/zerrors_linux_ppc.go
1732309308|Dmitri Shuralyov|M|src/cmd/vendor/golang.org/x/sys/unix/zerrors_linux_ppc64.go
1732309308|Dmitri Shuralyov|M|src/cmd/vendor/golang.org/x/sys/unix/zerrors_linux_ppc64le.go
1732309308|Dmitri Shuralyov|M|src/cmd/vendor/golang.org/x/sys/unix/zerrors_linux_riscv64.go
1732309308|Dmitri Shuralyov|M|src/cmd/vendor/golang.org/x/sys/unix/zerrors_linux_s390x.go
1732309308|Dmitri Shuralyov|M|src/cmd/vendor/golang.org/x/sys/unix/zerrors_linux_sparc64.go
1732309308|Dmitri Shuralyov|M|src/cmd/vendor/golang.org/x/sys/unix/ztypes_linux.go
1732309308|Dmitri Shuralyov|M|src/cmd/vendor/golang.org/x/sys/windows/syscall_windows.go
1732309308|Dmitri Shuralyov|M|src/cmd/vendor/golang.org/x/sys/windows/types_windows.go
1732309308|Dmitri Shuralyov|M|src/cmd/vendor/golang.org/x/sys/windows/zsyscall_windows.go
1732309308|Dmitri Shuralyov|M|src/cmd/vendor/golang.org/x/telemetry/README.md
1732309308|Dmitri Shuralyov|M|src/cmd/vendor/golang.org/x/telemetry/internal/config/config.go
1732309308|Dmitri Shuralyov|M|src/cmd/vendor/golang.org/x/telemetry/internal/counter/counter.go
1732309308|Dmitri Shuralyov|M|src/cmd/vendor/golang.org/x/telemetry/internal/counter/file.go
1732309308|Dmitri Shuralyov|A|src/cmd/vendor/golang.org/x/telemetry/internal/telemetry/dateonly.go
1732309308|Dmitri Shuralyov|M|src/cmd/vendor/golang.org/x/telemetry/internal/telemetry/dir.go
1732309308|Dmitri Shuralyov|M|src/cmd/vendor/golang.org/x/telemetry/internal/telemetry/types.go
1732309308|Dmitri Shuralyov|M|src/cmd/vendor/golang.org/x/telemetry/internal/upload/date.go
1732309308|Dmitri Shuralyov|M|src/cmd/vendor/golang.org/x/telemetry/internal/upload/reports.go
1732309308|Dmitri Shuralyov|M|src/cmd/vendor/golang.org/x/telemetry/internal/upload/upload.go
1732309308|Dmitri Shuralyov|M|src/cmd/vendor/golang.org/x/telemetry/start.go
1732309308|Dmitri Shuralyov|M|src/cmd/vendor/golang.org/x/tools/go/analysis/analysis.go
1732309308|Dmitri Shuralyov|M|src/cmd/vendor/golang.org/x/tools/go/analysis/internal/analysisflags/flags.go
1732309308|Dmitri Shuralyov|M|src/cmd/vendor/golang.org/x/tools/go/analysis/unitchecker/unitchecker.go
1732309308|Dmitri Shuralyov|M|src/cmd/vendor/golang.org/x/tools/internal/analysisinternal/analysis.go
1732309308|Dmitri Shuralyov|M|src/cmd/vendor/golang.org/x/tools/internal/facts/imports.go
1732309308|Dmitri Shuralyov|A|src/cmd/vendor/golang.org/x/tools/internal/typesinternal/zerovalue.go
1732309308|Dmitri Shuralyov|M|src/cmd/vendor/modules.txt
1732309308|Dmitri Shuralyov|M|src/go.mod
1732309308|Dmitri Shuralyov|M|src/go.sum
1732309308|Dmitri Shuralyov|M|src/net/http/h2_bundle.go
1732309308|Dmitri Shuralyov|M|src/vendor/modules.txt
1732311446|Keith Randall|M|src/crypto/internal/fips140/aes/ctr_s390x.go
1729146320|Meng Zhuo|M|src/runtime/sys_linux_riscv64.s
1718138683|Damien Neil|A|src/net/http/async_test.go
1718138683|Damien Neil|M|src/net/http/clientserver_test.go
1718138683|Damien Neil|A|src/net/http/netconn_test.go
1718138683|Damien Neil|M|src/net/http/serve_test.go
1732645130|Roland Shoemaker|A|doc/next/6-stdlib/99-minor/crypto/x509/41682.md
1732654351|Ian Lance Taylor|M|doc/next/3-tools.md
1732672976|Robert Griesemer|M|doc/next/2-language.md
1732606984|Hiroaki Sano|M|src/crypto/tls/cipher_suites.go
1732665543|Dmitri Shuralyov|M|doc/next/3-tools.md
1732665543|Dmitri Shuralyov|M|doc/next/7-ports.md
1732665543|Dmitri Shuralyov|A|doc/next/9-todo.md
1732639228|Russ Cox|M|src/cmd/internal/obj/fips140.go
1732639228|Russ Cox|A|src/crypto/internal/fips140/check/checktest/asm_386.s
1732639228|Russ Cox|A|src/crypto/internal/fips140/check/checktest/asm_amd64.s
1732639228|Russ Cox|A|src/crypto/internal/fips140/check/checktest/asm_arm.s
1732639228|Russ Cox|A|src/crypto/internal/fips140/check/checktest/asm_arm64.s
1732639228|Russ Cox|A|src/crypto/internal/fips140/check/checktest/asm_none.go
1732639228|Russ Cox|A|src/crypto/internal/fips140/check/checktest/asm_stub.go
1732639228|Russ Cox|M|src/crypto/internal/fips140test/check_test.go
1732725349|zhangjian|M|src/cmd/preprofile/main.go
1732741987|Tim King|M|doc/next/3-tools.md
1732725249|Dmitri Shuralyov|M|doc/next/2-language.md
1732725249|Dmitri Shuralyov|M|doc/next/3-tools.md
1732725249|Dmitri Shuralyov|M|doc/next/6-stdlib/5-sha3.md
1732725249|Dmitri Shuralyov|M|doc/next/9-todo.md
1732785658|Filippo Valsorda|M|src/crypto/internal/fips140/bigmod/nat.go
1732785658|Filippo Valsorda|M|src/crypto/internal/fips140/bigmod/nat_test.go
1732785658|Filippo Valsorda|A|src/crypto/internal/fips140/bigmod/testdata/mod_inv_tests.txt
1732882511|Filippo Valsorda|A|doc/next/6-stdlib/99-minor/crypto/x509/69799.md
1732882511|Filippo Valsorda|M|src/crypto/internal/fips140/bigmod/nat.go
1732882511|Filippo Valsorda|M|src/crypto/internal/fips140/rsa/rsa.go
1732882511|Filippo Valsorda|M|src/crypto/rsa/rsa.go
1732882511|Filippo Valsorda|M|src/crypto/x509/pkcs1.go
1732882511|Filippo Valsorda|M|src/crypto/x509/pkcs8.go
1732882511|Filippo Valsorda|M|src/crypto/x509/x509_test.go
1732891128|Filippo Valsorda|M|doc/godebug.md
1732891128|Filippo Valsorda|M|doc/next/6-stdlib/99-minor/crypto/x509/69799.md
1732891128|Filippo Valsorda|M|src/crypto/internal/fips140/rsa/rsa.go
1732891128|Filippo Valsorda|M|src/crypto/rsa/rsa.go
1732891128|Filippo Valsorda|M|src/crypto/x509/pkcs1.go
1732891128|Filippo Valsorda|M|src/crypto/x509/pkcs8.go
1732891128|Filippo Valsorda|M|src/crypto/x509/x509_test.go
1732891128|Filippo Valsorda|M|src/internal/godebugs/table.go
1732891128|Filippo Valsorda|M|src/runtime/metrics/doc.go
1732930248|Russ Cox|M|src/crypto/rsa/fips.go
1732930248|Russ Cox|M|src/crypto/rsa/rsa_test.go
1733091739|Dmitri Shuralyov|M|src/testing/testing_test.go
1733115203|Cherry Mui|M|src/cmd/compile/internal/escape/call.go
1733115203|Cherry Mui|M|src/cmd/compile/internal/inline/inl.go
1733115203|Cherry Mui|M|src/cmd/compile/internal/walk/expr.go
1733115203|Cherry Mui|M|src/hash/maphash/maphash.go
1733115203|Cherry Mui|M|src/hash/maphash/maphash_purego.go
1733115203|Cherry Mui|M|src/hash/maphash/maphash_runtime.go
1733115203|Cherry Mui|M|src/hash/maphash/maphash_test.go
1732985560|Filippo Valsorda|M|src/crypto/internal/fips140/rsa/keygen.go
1732985560|Filippo Valsorda|M|src/crypto/internal/fips140/rsa/rsa.go
1732985560|Filippo Valsorda|M|src/crypto/rsa/fips.go
1732985560|Filippo Valsorda|M|src/crypto/rsa/rsa.go
1733166492|Filippo Valsorda|M|src/crypto/internal/fips140/rsa/rsa.go
1733166492|Filippo Valsorda|M|src/crypto/rsa/rsa_test.go
1732940107|Junyang Shao|M|src/cmd/compile/internal/ssa/loopreschedchecks.go
1733177629|Russ Cox|M|src/crypto/internal/fips140/bigmod/nat.go
1733260718|Damien Neil|M|src/runtime/synctest.go
1733265698|Sean Liao|M|src/sync/rwmutex.go
1733314028|Jorropo|M|src/math/rand/v2/rand.go
1733260764|Sean Liao|M|src/bufio/bufio.go
1733349030|Sean Liao|M|src/math/bits/bits.go
1733340806|Michael Anthony Knyszek|M|src/weak/doc.go
1733351094|Cherry Mui|M|doc/next/5-toolchain.md
1733351094|Cherry Mui|M|doc/next/9-todo.md
1732811033|Sean Liao|M|src/cmd/go/alldocs.go
1732811033|Sean Liao|M|src/cmd/go/internal/modget/get.go
1733368115|Russ Cox|M|src/crypto/internal/fips140/bigmod/nat.go
1733260998|Michael Matloob|M|src/cmd/go/testdata/script/build_trimpath_cgo.txt
1733343078|Junyang Shao|A|doc/next/6-stdlib/6-testing-bloop.md
1733343078|Junyang Shao|M|doc/next/6-stdlib/99-minor/testing/61515.md
1733343078|Junyang Shao|M|src/testing/benchmark.go
1733343078|Junyang Shao|M|src/testing/benchmark_test.go
1733433920|Gopher Robot|D|doc/next/1-intro.md
1733433920|Gopher Robot|D|doc/next/2-language.md
1733433920|Gopher Robot|D|doc/next/3-tools.md
1733433920|Gopher Robot|D|doc/next/4-runtime.md
1733433920|Gopher Robot|D|doc/next/5-toolchain.md
1733433920|Gopher Robot|D|doc/next/6-stdlib/0-heading.md
1733433920|Gopher Robot|D|doc/next/6-stdlib/1-os-root.md
1733433920|Gopher Robot|D|doc/next/6-stdlib/2-pbkdf2.md
1733433920|Gopher Robot|D|doc/next/6-stdlib/3-hkdf.md
1733433920|Gopher Robot|D|doc/next/6-stdlib/4-mlkem.md
1733433920|Gopher Robot|D|doc/next/6-stdlib/5-sha3.md
1733433920|Gopher Robot|D|doc/next/6-stdlib/6-testing-bloop.md
1733433920|Gopher Robot|D|doc/next/6-stdlib/6-weak.md
1733433920|Gopher Robot|D|doc/next/6-stdlib/99-minor/0-heading.md
1733433920|Gopher Robot|D|doc/next/6-stdlib/99-minor/README
1733433920|Gopher Robot|D|doc/next/6-stdlib/99-minor/archive/66831.md
1733433920|Gopher Robot|D|doc/next/6-stdlib/99-minor/bytes/61901.md
1733433920|Gopher Robot|D|doc/next/6-stdlib/99-minor/crypto/cipher/69445.md
1733433920|Gopher Robot|D|doc/next/6-stdlib/99-minor/crypto/cipher/69981.md
1733433920|Gopher Robot|D|doc/next/6-stdlib/99-minor/crypto/fips140/70123.md
1733433920|Gopher Robot|D|doc/next/6-stdlib/99-minor/crypto/hkdf/61477.md
1733433920|Gopher Robot|D|doc/next/6-stdlib/99-minor/crypto/md5/62384.md
1733433920|Gopher Robot|D|doc/next/6-stdlib/99-minor/crypto/mlkem/70122.md
1733433920|Gopher Robot|D|doc/next/6-stdlib/99-minor/crypto/pbkdf2/69488.md
1733433920|Gopher Robot|D|doc/next/6-stdlib/99-minor/crypto/rand/66821.md
1733433920|Gopher Robot|D|doc/next/6-stdlib/99-minor/crypto/rand/67057.md
1733433920|Gopher Robot|D|doc/next/6-stdlib/99-minor/crypto/rsa/68762.md
1733433920|Gopher Robot|D|doc/next/6-stdlib/99-minor/crypto/sha1/62384.md
1733433920|Gopher Robot|D|doc/next/6-stdlib/99-minor/crypto/sha256/62384.md
1733433920|Gopher Robot|D|doc/next/6-stdlib/99-minor/crypto/sha3/69982.md
1733433920|Gopher Robot|D|doc/next/6-stdlib/99-minor/crypto/sha512/62384.md
1733433920|Gopher Robot|D|doc/next/6-stdlib/99-minor/crypto/subtle/66450.md
1733433920|Gopher Robot|D|doc/next/6-stdlib/99-minor/crypto/tls/32936.md
1733433920|Gopher Robot|D|doc/next/6-stdlib/99-minor/crypto/tls/68500.md
1733433920|Gopher Robot|D|doc/next/6-stdlib/99-minor/crypto/tls/69985.md
1733433920|Gopher Robot|D|doc/next/6-stdlib/99-minor/crypto/x509/41682.md
1733433920|Gopher Robot|D|doc/next/6-stdlib/99-minor/crypto/x509/62384.md
1733433920|Gopher Robot|D|doc/next/6-stdlib/99-minor/crypto/x509/67620.md
1733433920|Gopher Robot|D|doc/next/6-stdlib/99-minor/crypto/x509/67675.md
1733433920|Gopher Robot|D|doc/next/6-stdlib/99-minor/crypto/x509/68484.md
1733433920|Gopher Robot|D|doc/next/6-stdlib/99-minor/crypto/x509/69799.md
1733433920|Gopher Robot|D|doc/next/6-stdlib/99-minor/debug/elf/63952.md
1733433920|Gopher Robot|D|doc/next/6-stdlib/99-minor/encoding/62384.md
1733433920|Gopher Robot|D|doc/next/6-stdlib/99-minor/encoding/json/45669.md
1733433920|Gopher Robot|D|doc/next/6-stdlib/99-minor/encoding/json/68941.md
1733433920|Gopher Robot|D|doc/next/6-stdlib/99-minor/go/types/66626.md
1733433920|Gopher Robot|D|doc/next/6-stdlib/99-minor/hash/adler32/62384.md
1733433920|Gopher Robot|D|doc/next/6-stdlib/99-minor/hash/crc32/62384.md
1733433920|Gopher Robot|D|doc/next/6-stdlib/99-minor/hash/crc64/62384.md
1733433920|Gopher Robot|D|doc/next/6-stdlib/99-minor/hash/fnv/62384.md
1733433920|Gopher Robot|D|doc/next/6-stdlib/99-minor/hash/maphash/54670.md
1733433920|Gopher Robot|D|doc/next/6-stdlib/99-minor/log/slog/62005.md
1733433920|Gopher Robot|D|doc/next/6-stdlib/99-minor/log/slog/62384.md
1733433920|Gopher Robot|D|doc/next/6-stdlib/99-minor/math/big/62384.md
1733433920|Gopher Robot|D|doc/next/6-stdlib/99-minor/math/rand/67273.md
1733433920|Gopher Robot|D|doc/next/6-stdlib/99-minor/math/rand/v2/62384.md
1733433920|Gopher Robot|D|doc/next/6-stdlib/99-minor/net/56539.md
1733433920|Gopher Robot|D|doc/next/6-stdlib/99-minor/net/62384.md
1733433920|Gopher Robot|D|doc/next/6-stdlib/99-minor/net/http/65035.md
1733433920|Gopher Robot|D|doc/next/6-stdlib/99-minor/net/http/67813.md
1733433920|Gopher Robot|D|doc/next/6-stdlib/99-minor/net/http/67814.md
1733433920|Gopher Robot|D|doc/next/6-stdlib/99-minor/net/http/67816.md
1733433920|Gopher Robot|D|doc/next/6-stdlib/99-minor/net/netip/62384.md
1733433920|Gopher Robot|D|doc/next/6-stdlib/99-minor/net/url/62384.md
1733433920|Gopher Robot|D|doc/next/6-stdlib/99-minor/os/67002.md
1733433920|Gopher Robot|D|doc/next/6-stdlib/99-minor/os/user/21867.md
1733433920|Gopher Robot|D|doc/next/6-stdlib/99-minor/os/user/49509.md
1733433920|Gopher Robot|D|doc/next/6-stdlib/99-minor/os/user/68312.md
1733433920|Gopher Robot|D|doc/next/6-stdlib/99-minor/os/user/68647.md
1733433920|Gopher Robot|D|doc/next/6-stdlib/99-minor/regexp/62384.md
1733433920|Gopher Robot|D|doc/next/6-stdlib/99-minor/runtime/51473.md
1733433920|Gopher Robot|D|doc/next/6-stdlib/99-minor/runtime/67535.md
1733433920|Gopher Robot|D|doc/next/6-stdlib/99-minor/strings/61901.md
1733433920|Gopher Robot|D|doc/next/6-stdlib/99-minor/sync/70683.md
1733433920|Gopher Robot|D|doc/next/6-stdlib/99-minor/testing/36532.md
1733433920|Gopher Robot|D|doc/next/6-stdlib/99-minor/testing/61515.md
1733433920|Gopher Robot|D|doc/next/6-stdlib/99-minor/testing/62516.md
1733433920|Gopher Robot|D|doc/next/6-stdlib/99-minor/text/template/66107.md
1733433920|Gopher Robot|D|doc/next/6-stdlib/99-minor/time/62384.md
1733433920|Gopher Robot|D|doc/next/6-stdlib/99-minor/weak/67552.md
1733433920|Gopher Robot|D|doc/next/7-ports.md
1733433920|Gopher Robot|D|doc/next/9-todo.md
1733172355|Damien Neil|M|src/cmd/internal/objabi/stack.go
1733172355|Damien Neil|M|src/internal/runtime/sys/consts.go
1733172355|Damien Neil|M|test/nosplit.go
1733464264|Jorropo|M|src/testing/benchmark.go
1733430699|Michael Matloob|M|src/cmd/go/internal/run/run.go
1733430699|Michael Matloob|M|src/cmd/go/internal/tool/tool.go
1733430699|Michael Matloob|M|src/cmd/go/internal/work/buildid.go
1733430699|Michael Matloob|M|src/cmd/go/testdata/script/tool_exename.txt
1732584551|Michael Matloob|M|src/cmd/go/internal/tool/tool.go
1733029724|Conrad Irwin|M|src/cmd/go/alldocs.go
1733029724|Conrad Irwin|M|src/cmd/go/internal/help/helpdoc.go
1733490396|Paul Cacheux|M|src/cmd/internal/goobj/objfile.go
1733421692|Cherry Mui|M|src/cmd/go/alldocs.go
1733421692|Cherry Mui|M|src/cmd/go/internal/help/helpdoc.go
1733611707|Dmitri Shuralyov|M|lib/wasm/wasm_exec.js
1733521896|Petr Osetrov|M|src/bufio/bufio.go
1733690748|Paul Cacheux|M|src/runtime/proflabel.go
1733835169|Tom Thorogood|M|src/crypto/internal/fips140/ecdsa/hmacdrbg.go
1733852985|Damien Neil|M|src/internal/synctest/synctest_test.go
1733852985|Damien Neil|M|src/runtime/time.go
1733861413|Kir Kolyshkin|M|src/syscall/env_unix.go
1733890631|zfdx123|M|src/internal/goos/gengoos.go
1733936344|Ian Lance Taylor|M|src/cmd/compile/internal/ssa/_gen/rulegen.go
1733931665|Sam Thanawalla|M|src/cmd/go/testdata/script/goauth_userauth.txt
1733925000|Filippo Valsorda|M|src/crypto/ecdh/nist.go
1733925000|Filippo Valsorda|M|src/crypto/ecdsa/ecdsa.go
1733925000|Filippo Valsorda|M|src/crypto/internal/fips140/drbg/rand.go
1733925000|Filippo Valsorda|M|src/crypto/internal/fips140/ecdh/ecdh.go
1733925000|Filippo Valsorda|M|src/crypto/internal/fips140/ecdsa/cast.go
1733925000|Filippo Valsorda|M|src/crypto/internal/fips140/ecdsa/ecdsa.go
1733925000|Filippo Valsorda|M|src/crypto/internal/fips140/ed25519/ed25519.go
1733925000|Filippo Valsorda|M|src/crypto/internal/fips140/rsa/keygen.go
1733925000|Filippo Valsorda|M|src/crypto/internal/fips140/rsa/pkcs1v22.go
1733925000|Filippo Valsorda|M|src/crypto/internal/fips140only/fips140only.go
1733925000|Filippo Valsorda|M|src/crypto/internal/fips140test/cast_test.go
1733925000|Filippo Valsorda|M|src/crypto/rand/rand.go
1733925000|Filippo Valsorda|M|src/crypto/rsa/fips.go
1733925000|Filippo Valsorda|M|src/crypto/rsa/rsa.go
1733925000|Filippo Valsorda|M|src/crypto/rsa/rsa_test.go
1733889906|Ian Lance Taylor|M|src/cmd/cgo/doc.go
1733889906|Ian Lance Taylor|M|src/cmd/cgo/out.go
1733996709|apocelipes|M|src/builtin/builtin.go
1734031905|Cherry Mui|M|src/cmd/internal/obj/sym.go
1734031905|Cherry Mui|M|src/cmd/link/link_test.go
1734031905|Cherry Mui|A|src/cmd/link/testdata/linkname/builtin.go
1734041233|Ian Lance Taylor|M|src/syscall/syscall_freebsd_386.go
1734103610|Michael Pratt|M|src/runtime/map_swiss.go
1734106604|Filippo Valsorda|M|src/crypto/internal/cryptotest/allocations.go
1734120327|Michael Pratt|M|src/cmd/link/internal/ld/dwarf.go
1734036217|Austin Clements|M|src/testing/benchmark.go
1734036217|Austin Clements|M|src/testing/benchmark_test.go
1734036217|Austin Clements|M|src/testing/testing.go
1734056224|Austin Clements|M|src/testing/benchmark_test.go
1734056224|Austin Clements|A|src/testing/loop_test.go
1734131939|Michael Anthony Knyszek|M|src/runtime/gc_test.go
1734386795|Cherry Mui|M|src/cmd/link/internal/ld/data.go
1734129196|Michael Matloob|M|src/cmd/go/testdata/script/test_flags.txt
1734373858|Filippo Valsorda|M|src/crypto/cipher/cbc.go
1734373858|Filippo Valsorda|M|src/crypto/cipher/ctr.go
1734343622|qmuntal|M|src/go/build/deps_test.go
1734031909|Robert Griesemer|M|doc/go_spec.html
1734459256|Oleksandr Redko|M|src/cmd/go/alldocs.go
1734459256|Oleksandr Redko|M|src/cmd/go/internal/help/helpdoc.go
1734439844|wangshuo|M|src/cmd/compile/internal/types2/README.md
1734439844|wangshuo|M|src/cmd/compile/internal/types2/signature.go
1734439844|wangshuo|M|src/cmd/go/testdata/script/build_version_stamping_git.txt
1734439844|wangshuo|M|src/cmd/vet/vet_test.go
1734439844|wangshuo|M|src/go/types/signature.go
1734454501|Filippo Valsorda|M|src/crypto/internal/fips140/aes/gcm/gcm_ppc64x.go
1734454501|Filippo Valsorda|M|src/crypto/internal/fips140/aes/gcm/gcm_s390x.go
1734478270|Ian Lance Taylor|A|src/cmd/go/testdata/script/test_fuzz_context.txt
1734478270|Ian Lance Taylor|M|src/testing/benchmark.go
1734478270|Ian Lance Taylor|M|src/testing/benchmark_test.go
1734478270|Ian Lance Taylor|M|src/testing/fuzz.go
1734478270|Ian Lance Taylor|M|src/testing/testing.go
1734464364|Filippo Valsorda|M|src/crypto/pbkdf2/pbkdf2.go
1734538764|Mauri de Souza Meneguzzo|M|src/crypto/ecdsa/ecdsa.go
1734539298|Cherry Mui|M|src/cmd/dist/test.go
1734450041|Russ Cox|M|src/cmd/go/internal/fips140/fips140.go
1734450041|Russ Cox|M|src/cmd/go/internal/work/buildid.go
1734450041|Russ Cox|M|src/cmd/go/internal/work/exec.go
1734450041|Russ Cox|M|src/cmd/go/testdata/script/fips.txt
1734450041|Russ Cox|M|src/cmd/go/testdata/script/fipssnap.txt
1734659899|Michael Pratt|M|src/runtime/crash_test.go
1734659899|Michael Pratt|M|src/runtime/traceback_system_test.go
1734704935|Alan Donovan|M|src/slices/slices.go
1734814474|Cherry Mui|M|src/cmd/compile/internal/ssagen/ssa.go
1734814474|Cherry Mui|M|src/internal/runtime/maps/map.go
1734677152|Pedro Tôrres|M|src/cmd/go/internal/work/security.go
1734677152|Pedro Tôrres|M|src/cmd/go/internal/work/security_test.go
1734751995|Cherry Mui|M|src/cmd/link/internal/ld/data.go
1734751995|Cherry Mui|M|src/cmd/link/internal/ld/symtab.go
1734751995|Cherry Mui|M|src/runtime/symtab.go
1734751995|Cherry Mui|M|src/runtime/type.go
1734917819|Alec Bakholdin|M|src/crypto/internal/fips140/mlkem/cast.go
1734917819|Alec Bakholdin|M|src/crypto/internal/fips140/mlkem/mlkem1024.go
1734917819|Alec Bakholdin|M|src/crypto/internal/fips140/mlkem/mlkem768.go
1734917819|Alec Bakholdin|M|src/crypto/mlkem/mlkem1024.go
1734917819|Alec Bakholdin|M|src/crypto/mlkem/mlkem768.go
1734917819|Alec Bakholdin|M|src/crypto/mlkem/mlkem_test.go
1734917819|Alec Bakholdin|M|src/crypto/tls/handshake_server_tls13.go
1735314502|Austin Clements|M|src/cmd/compile/doc.go
1735284113|Pedro Tôrres|M|src/cmd/go/internal/work/security.go
1735284113|Pedro Tôrres|M|src/cmd/go/internal/work/security_test.go
1735362338|Koichi Shiraishi|M|src/unique/handle.go
1735439826|willboland|M|src/cmd/link/doc.go
1735416621|Sean Liao|M|src/os/dir.go
1735588849|thekuwayama|M|src/crypto/tls/handshake_messages.go
1734560148|Robert Griesemer|M|doc/go_spec.html
1735598124|Ian Lance Taylor|M|src/cmd/go/alldocs.go
1735598124|Ian Lance Taylor|M|src/cmd/go/internal/help/helpdoc.go
1735413908|Sean Liao|M|src/cmd/go/alldocs.go
1735413908|Sean Liao|M|src/cmd/go/internal/help/helpdoc.go
1735413908|Sean Liao|M|src/cmd/go/internal/modget/get.go
1735413908|Sean Liao|M|src/cmd/go/testdata/script/mod_help.txt
1735583815|Roland Shoemaker|M|src/crypto/tls/bogo_config.json
1735583815|Roland Shoemaker|M|src/crypto/tls/handshake_client.go
1735583815|Roland Shoemaker|M|src/crypto/tls/handshake_client_tls13.go
1735323062|Austin Clements|M|src/cmd/go/alldocs.go
1735323062|Austin Clements|M|src/cmd/go/internal/help/helpdoc.go
1734462202|Filippo Valsorda|M|src/crypto/fips140/fips140.go
1734462202|Filippo Valsorda|M|src/crypto/internal/fips140/check/check.go
1734462202|Filippo Valsorda|M|src/crypto/internal/fips140/fips140.go
1735850947|yaxum62|M|doc/go_spec.html
1735294422|Filippo Valsorda|M|src/cmd/dist/test.go
1735294422|Filippo Valsorda|D|src/crypto/internal/fips140/check/asan.go
1735294422|Filippo Valsorda|A|src/crypto/internal/fips140/asan.go
1735294422|Filippo Valsorda|A|src/crypto/internal/fips140/boring.go
1735294422|Filippo Valsorda|M|src/crypto/internal/fips140/check/check.go
1735294422|Filippo Valsorda|M|src/crypto/internal/fips140/fips140.go
1735294422|Filippo Valsorda|D|src/crypto/internal/fips140/check/noasan.go
1735294422|Filippo Valsorda|A|src/crypto/internal/fips140/notasan.go
1735294422|Filippo Valsorda|A|src/crypto/internal/fips140/notboring.go
1735294422|Filippo Valsorda|M|src/crypto/internal/fips140test/check_test.go
1735940960|Ian Lance Taylor|M|src/cmd/go/internal/vcweb/auth.go
1661337171|Filippo Valsorda|M|src/crypto/ecdsa/ecdsa.go
1736129408|yincong|M|src/net/http/request.go
1735421579|Filippo Valsorda|M|src/crypto/internal/fips140/bigmod/nat.go
1735421579|Filippo Valsorda|M|src/crypto/internal/fips140/rsa/keygen.go
1735421579|Filippo Valsorda|M|src/crypto/internal/fips140/rsa/keygen_test.go
1735421579|Filippo Valsorda|M|src/crypto/internal/fips140/rsa/rsa.go
1735421579|Filippo Valsorda|A|src/crypto/internal/fips140/rsa/testdata/gcd_lcm_tests.txt
1734366046|Filippo Valsorda|M|src/crypto/internal/fips140/check/check.go
1736190533|Michael Matloob|M|src/cmd/go/internal/cache/default.go
1736190533|Michael Matloob|M|src/cmd/go/internal/cfg/cfg.go
1736190533|Michael Matloob|M|src/cmd/go/internal/envcmd/env.go
1736190533|Michael Matloob|A|src/cmd/go/testdata/script/env_gocacheprog.txt
1736209330|Robert Griesemer|A|src/cmd/compile/internal/syntax/testdata/issue70974.go
1736197358|Michael Matloob|M|src/cmd/go/internal/cache/prog.go
1736197358|Michael Matloob|A|src/cmd/go/testdata/script/build_cacheprog_issue70848.txt
1736179802|Michael Matloob|M|src/cmd/go/internal/cache/cache.go
1736179802|Michael Matloob|M|src/cmd/go/internal/mmap/mmap.go
1736179802|Michael Matloob|M|src/cmd/go/internal/modindex/read.go
1735361764|Koichi Shiraishi|M|src/internal/sync/hashtriemap.go
1736353145|Michael Matloob|M|src/cmd/go/testdata/script/env_gocacheprog.txt
1736194323|Filippo Valsorda|M|src/crypto/rsa/fips.go
1736194323|Filippo Valsorda|M|src/crypto/ecdsa/ecdsa.go
1736291165|Robert Griesemer|M|src/cmd/compile/internal/types2/stmt.go
1736291165|Robert Griesemer|M|src/cmd/compile/internal/types2/universe.go
1736291165|Robert Griesemer|M|src/go/types/stmt.go
1736291165|Robert Griesemer|M|src/go/types/universe.go
1736291165|Robert Griesemer|A|src/internal/types/testdata/fixedbugs/issue71131.go
1736291165|Robert Griesemer|M|src/internal/types/testdata/spec/range.go
1736329239|Filippo Valsorda|D|src/crypto/mlkem/mlkem768.go
1736329239|Filippo Valsorda|A|src/crypto/mlkem/mlkem.go
1736329239|Filippo Valsorda|D|src/crypto/mlkem/mlkem1024.go
1736185955|Filippo Valsorda|M|src/crypto/ecdsa/ecdsa.go
1736185955|Filippo Valsorda|M|src/crypto/hkdf/hkdf.go
1736185955|Filippo Valsorda|M|src/crypto/hmac/hmac.go
1736185955|Filippo Valsorda|A|src/crypto/internal/fips140hash/hash.go
1736185955|Filippo Valsorda|M|src/crypto/pbkdf2/pbkdf2.go
1736185955|Filippo Valsorda|M|src/crypto/rsa/fips.go
1736185955|Filippo Valsorda|M|src/crypto/sha3/sha3.go
1736185955|Filippo Valsorda|M|src/go/build/deps_test.go
1732810252|Sean Liao|M|src/cmd/go/alldocs.go
1732810252|Sean Liao|M|src/cmd/go/internal/help/helpdoc.go
1736431969|Filippo Valsorda|M|src/crypto/rsa/rsa.go
1736431969|Filippo Valsorda|M|src/crypto/rsa/rsa_test.go
1735842429|Daniel McCarney|M|src/crypto/internal/fips140/ecdsa/hmacdrbg.go
1735842429|Daniel McCarney|M|src/crypto/internal/fips140test/acvp_capabilities.json
1735842429|Daniel McCarney|M|src/crypto/internal/fips140test/acvp_test.config.json
1735842429|Daniel McCarney|M|src/crypto/internal/fips140test/acvp_test.go
1736538547|Joe Tsai|M|src/encoding/json/decode_test.go
1736521224|Oleksandr Redko|M|doc/go_spec.html
1736790973|Ian Lance Taylor|M|src/syscall/js/js.go
1736866712|Ian Lance Taylor|M|src/cmd/api/api_test.go
1736814089|Keith Randall|M|src/internal/runtime/maps/map_swiss_test.go
1736814089|Keith Randall|M|src/runtime/map_test.go
1736814089|Keith Randall|M|test/codegen/maps.go
1736827214|Russ Cox|M|src/cmd/go/internal/modfetch/codehost/git.go
1732307651|Damien Neil|M|src/net/http/client.go
1732307651|Damien Neil|M|src/net/http/client_test.go
1732307651|Damien Neil|M|src/net/http/internal/testcert/testcert.go
1736368712|Sam Thanawalla|M|src/cmd/go/internal/auth/auth.go
1736368712|Sam Thanawalla|M|src/cmd/go/internal/auth/auth_test.go
1736368712|Sam Thanawalla|M|src/cmd/go/testdata/script/goauth_netrc.txt
1737053775|Cherry Mui|M|src/cmd/internal/obj/wasm/wasmobj.go
1737053775|Cherry Mui|M|src/cmd/link/internal/wasm/asm.go
1737053775|Cherry Mui|M|src/runtime/asm_wasm.s
1737053775|Cherry Mui|M|src/runtime/sys_wasm.go
1737072506|Robert Griesemer|M|src/cmd/compile/internal/types2/typexpr.go
1737072506|Robert Griesemer|M|src/go/types/typexpr.go
1737072506|Robert Griesemer|A|src/internal/types/testdata/fixedbugs/issue71284.go
1731431564|Than McIntosh|M|src/cmd/covdata/dump.go
1731431564|Than McIntosh|M|src/internal/coverage/cfile/testsupport.go
1731431564|Than McIntosh|M|src/internal/coverage/cformat/fmt_test.go
1731431564|Than McIntosh|M|src/internal/coverage/cformat/format.go
1737423506|Kir Kolyshkin|M|src/testing/testing.go
1737559451|Alan Donovan|M|src/go/importer/importer.go
1735941212|Carlos Amedee|M|src/os/root_test.go
1737560624|Alan Donovan|M|src/go/types/api_test.go
1737560624|Alan Donovan|M|src/go/types/check_test.go
1737560624|Alan Donovan|M|src/go/types/eval_test.go
1737560624|Alan Donovan|M|src/go/types/example_test.go
1737560624|Alan Donovan|M|src/go/types/issues_test.go
1737560624|Alan Donovan|M|src/go/types/lookup_test.go
1737560624|Alan Donovan|M|src/go/types/mono_test.go
1737560624|Alan Donovan|M|src/go/types/resolver_test.go
1737560624|Alan Donovan|M|src/go/types/self_test.go
1737560624|Alan Donovan|M|src/go/types/sizes_test.go
1737997896|Cherry Mui|M|src/runtime/asm_arm64.s
1738004202|Filippo Valsorda|M|src/crypto/internal/fips140/ecdsa/ecdsa_s390x.go
1737984103|Filippo Valsorda|M|src/crypto/internal/fips140/rsa/cast.go
1737512588|yincong|M|src/archive/tar/writer.go
1737512588|yincong|M|src/archive/tar/writer_test.go
1737512588|yincong|M|src/archive/zip/writer.go
1737512588|yincong|M|src/archive/zip/writer_test.go
1737743666|Michael Pratt|M|src/cmd/compile/internal/typecheck/_builtin/runtime.go
1737743666|Michael Pratt|M|src/cmd/compile/internal/typecheck/builtin.go
1737743666|Michael Pratt|M|src/cmd/compile/internal/walk/range.go
1737743666|Michael Pratt|M|src/cmd/internal/goobj/builtinlist.go
1737743666|Michael Pratt|M|src/reflect/map_noswiss.go
1737743666|Michael Pratt|M|src/reflect/map_swiss.go
1737743666|Michael Pratt|M|src/reflect/value.go
1737743666|Michael Pratt|M|src/runtime/map_swiss.go
1737743666|Michael Pratt|M|test/codegen/maps.go
1737743666|Michael Pratt|M|test/live.go
1737743666|Michael Pratt|M|test/live_regabi.go
1737682649|Ian Lance Taylor|M|src/internal/godebug/godebug_test.go
1736464003|Filippo Valsorda|M|src/crypto/internal/sysrand/rand_linux_test.go
1737756483|Roland Shoemaker|M|src/crypto/internal/fips140/pbkdf2/pbkdf2.go
1737756483|Roland Shoemaker|M|src/crypto/pbkdf2/pbkdf2.go
1737756483|Roland Shoemaker|M|src/crypto/pbkdf2/pbkdf2_test.go
1738117081|Filippo Valsorda|M|src/cmd/link/internal/loader/loader.go
1738080832|Sam Thanawalla|M|src/cmd/go/alldocs.go
1738080832|Sam Thanawalla|A|src/cmd/go/internal/auth/httputils.go
1738080832|Sam Thanawalla|M|src/cmd/go/internal/auth/userauth.go
1738080832|Sam Thanawalla|M|src/cmd/go/internal/auth/userauth_test.go
1738080832|Sam Thanawalla|M|src/cmd/go/internal/help/helpdoc.go
1731881870|Russ Cox|M|src/cmd/go/internal/modfetch/cache.go
1731881870|Russ Cox|M|src/cmd/go/internal/modindex/read.go
1731881870|Russ Cox|M|src/cmd/go/testdata/script/fipssnap.txt
1738596305|Cherry Mui|A|doc/next/1-intro.md
1738596305|Cherry Mui|A|doc/next/2-language.md
1738596305|Cherry Mui|A|doc/next/3-tools.md
1738596305|Cherry Mui|A|doc/next/4-runtime.md
1738596305|Cherry Mui|A|doc/next/5-toolchain.md
1738596305|Cherry Mui|A|doc/next/6-stdlib/0-heading.md
1738596305|Cherry Mui|A|doc/next/6-stdlib/99-minor/0-heading.md
1738596305|Cherry Mui|A|doc/next/6-stdlib/99-minor/README
1738596305|Cherry Mui|A|doc/next/7-ports.md
1738290345|Ian Lance Taylor|M|src/cmd/go/internal/auth/gitauth.go
1738290345|Ian Lance Taylor|M|src/cmd/go/internal/auth/httputils.go
1738290345|Ian Lance Taylor|M|src/cmd/go/internal/auth/userauth.go
1738355959|Ian Lance Taylor|M|src/crypto/internal/cryptotest/fetchmodule.go
1736273719|Robert Griesemer|M|src/cmd/compile/internal/types2/interface.go
1736273719|Robert Griesemer|M|src/go/types/interface.go
1736554940|Ian Lance Taylor|M|src/cmd/cgo/out.go
1736554940|Ian Lance Taylor|A|test/fixedbugs/issue71225.go
1736676165|Eng Zer Jun|M|src/math/big/float.go
1721150490|Roxy Light|A|api/next/49580.txt
1721150490|Roxy Light|A|doc/next/6-stdlib/99-minor/archive/tar/49580.md
1721150490|Roxy Light|A|doc/next/6-stdlib/99-minor/io/fs/49580.md
1721150490|Roxy Light|A|doc/next/6-stdlib/99-minor/os/49580.md
1721150490|Roxy Light|A|doc/next/6-stdlib/99-minor/testing/fstest/49580.md
1721150490|Roxy Light|M|src/archive/tar/writer.go
1721150490|Roxy Light|M|src/archive/tar/writer_test.go
1721150490|Roxy Light|A|src/io/fs/readlink.go
1721150490|Roxy Light|A|src/io/fs/readlink_test.go
1721150490|Roxy Light|M|src/io/fs/sub.go
1721150490|Roxy Light|M|src/io/fs/walk_test.go
1721150490|Roxy Light|M|src/os/dir.go
1721150490|Roxy Light|M|src/os/file.go
1721150490|Roxy Light|A|src/os/file_test.go
1721150490|Roxy Light|M|src/os/os_test.go
1721150490|Roxy Light|M|src/testing/fstest/mapfs.go
1721150490|Roxy Light|M|src/testing/fstest/mapfs_test.go
1721150490|Roxy Light|M|src/testing/fstest/testfs.go
1721150490|Roxy Light|M|src/testing/fstest/testfs_test.go
1736229624|Jakub Ciolek|M|src/cmd/compile/internal/ssa/_gen/AMD64.rules
1736229624|Jakub Ciolek|M|src/cmd/compile/internal/ssa/rewriteAMD64.go
1736229624|Jakub Ciolek|M|test/codegen/bool.go
1737545170|qmuntal|M|src/crypto/x509/internal/macos/security.go
1737545170|qmuntal|M|src/crypto/x509/internal/macos/security.s
1735693706|cuishuang|M|src/net/http/fs.go
1735661874|cuishuang|M|src/cmd/dist/test.go
1735661874|cuishuang|M|src/cmd/go/internal/modindex/build.go
1735661874|cuishuang|M|src/crypto/tls/handshake_server_tls13.go
1735661874|cuishuang|M|src/go/build/build.go
1735661874|cuishuang|M|src/internal/reflectlite/reflect_mirror_test.go
1735661874|cuishuang|M|src/internal/trace/order.go
1735661874|cuishuang|M|src/os/user/user_test.go
1735661874|cuishuang|M|src/os/user/user_windows_test.go
1735661874|cuishuang|M|src/syscall/syscall_linux.go
1736792690|Ian Lance Taylor|M|src/cmd/internal/objabi/path_test.go
1736792690|Ian Lance Taylor|M|src/cmd/internal/pgo/deserialize.go
1736792690|Ian Lance Taylor|M|src/cmd/internal/pgo/pgo.go
1736792690|Ian Lance Taylor|M|src/cmd/internal/pgo/serialize_test.go
1736792690|Ian Lance Taylor|M|src/encoding/xml/xml_test.go
1736792690|Ian Lance Taylor|M|src/reflect/all_test.go
1736792690|Ian Lance Taylor|M|src/runtime/traceback_system_test.go
1733083586|Sean Liao|M|src/cmd/fix/cftype.go
1733083586|Sean Liao|M|src/encoding/gob/decoder.go
1733083586|Sean Liao|M|src/encoding/gob/encode.go
1733083586|Sean Liao|M|src/encoding/xml/read.go
1738092442|Ian Lance Taylor|M|src/cmd/compile/internal/test/inl_test.go
1738092442|Ian Lance Taylor|M|src/cmd/covdata/tool_test.go
1738092442|Ian Lance Taylor|M|src/cmd/go/alldocs.go
1738092442|Ian Lance Taylor|M|src/cmd/go/internal/help/helpdoc.go
1738092442|Ian Lance Taylor|M|src/cmd/go/internal/list/list.go
1738092442|Ian Lance Taylor|M|src/cmd/go/internal/load/pkg.go
1738092442|Ian Lance Taylor|M|src/cmd/go/internal/load/test.go
1738092442|Ian Lance Taylor|M|src/cmd/go/internal/run/run.go
1738092442|Ian Lance Taylor|M|src/cmd/go/internal/test/test.go
1738092442|Ian Lance Taylor|M|src/cmd/go/internal/work/build.go
1738092442|Ian Lance Taylor|M|src/cmd/go/internal/work/exec.go
1738092442|Ian Lance Taylor|M|src/cmd/go/testdata/script/cover_build_cmdline_pkgs.txt
1738092442|Ian Lance Taylor|M|src/cmd/go/testdata/script/cover_build_pkg_select.txt
1738092442|Ian Lance Taylor|M|src/cmd/go/testdata/script/cover_build_simple.txt
1738092442|Ian Lance Taylor|M|src/cmd/go/testdata/script/cover_coverpkg_partial.txt
1738092442|Ian Lance Taylor|M|src/cmd/go/testdata/script/cover_coverpkg_with_init.txt
1738092442|Ian Lance Taylor|M|src/cmd/go/testdata/script/cover_list.txt
1738092442|Ian Lance Taylor|M|src/cmd/go/testdata/script/cover_main_import_path.txt
1738092442|Ian Lance Taylor|M|src/cmd/go/testdata/script/cover_statements.txt
1738092442|Ian Lance Taylor|M|src/cmd/go/testdata/script/cover_sync_atomic_import.txt
1738092442|Ian Lance Taylor|M|src/cmd/go/testdata/script/cover_test_pkgselect.txt
1738092442|Ian Lance Taylor|M|src/cmd/go/testdata/script/cover_var_init_order.txt
1738092442|Ian Lance Taylor|M|src/cmd/go/testdata/script/testing_coverage.txt
1738092442|Ian Lance Taylor|M|src/cmd/internal/cov/read_test.go
1738092442|Ian Lance Taylor|M|src/internal/buildcfg/exp.go
1738092442|Ian Lance Taylor|M|src/internal/coverage/cfile/emitdata_test.go
1738092442|Ian Lance Taylor|M|src/internal/coverage/cfile/ts_test.go
1738092442|Ian Lance Taylor|D|src/internal/goexperiment/exp_coverageredesign_off.go
1738092442|Ian Lance Taylor|D|src/internal/goexperiment/exp_coverageredesign_on.go
1738092442|Ian Lance Taylor|M|src/internal/goexperiment/flags.go
1738092442|Ian Lance Taylor|M|src/testing/cover.go
1738092442|Ian Lance Taylor|M|src/testing/newcover.go
1738092442|Ian Lance Taylor|M|src/testing/testing.go
1734561909|Ian Lance Taylor|M|src/internal/routebsd/address.go
1734561909|Ian Lance Taylor|M|src/internal/routebsd/address_darwin_test.go
1734561909|Ian Lance Taylor|M|src/internal/routebsd/address_test.go
1734561909|Ian Lance Taylor|M|src/internal/routebsd/binary.go
1734561909|Ian Lance Taylor|D|src/internal/routebsd/empty.s
1734561909|Ian Lance Taylor|M|src/internal/routebsd/interface.go
1734561909|Ian Lance Taylor|D|src/internal/routebsd/interface_announce.go
1734561909|Ian Lance Taylor|M|src/internal/routebsd/interface_classic.go
1734561909|Ian Lance Taylor|M|src/internal/routebsd/interface_freebsd.go
1734561909|Ian Lance Taylor|M|src/internal/routebsd/interface_multicast.go
1734561909|Ian Lance Taylor|M|src/internal/routebsd/interface_openbsd.go
1734561909|Ian Lance Taylor|M|src/internal/routebsd/message.go
1734561909|Ian Lance Taylor|M|src/internal/routebsd/message_darwin_test.go
1734561909|Ian Lance Taylor|M|src/internal/routebsd/message_freebsd_test.go
1734561909|Ian Lance Taylor|M|src/internal/routebsd/message_test.go
1734561909|Ian Lance Taylor|M|src/internal/routebsd/route.go
1734561909|Ian Lance Taylor|D|src/internal/routebsd/route_classic.go
1734561909|Ian Lance Taylor|D|src/internal/routebsd/route_openbsd.go
1734561909|Ian Lance Taylor|M|src/internal/routebsd/route_test.go
1734561909|Ian Lance Taylor|M|src/internal/routebsd/sys.go
1734561909|Ian Lance Taylor|M|src/internal/routebsd/sys_darwin.go
1734561909|Ian Lance Taylor|M|src/internal/routebsd/sys_dragonfly.go
1734561909|Ian Lance Taylor|M|src/internal/routebsd/sys_freebsd.go
1734561909|Ian Lance Taylor|M|src/internal/routebsd/sys_netbsd.go
1734561909|Ian Lance Taylor|M|src/internal/routebsd/sys_openbsd.go
1734561909|Ian Lance Taylor|D|src/internal/routebsd/syscall.go
1734561909|Ian Lance Taylor|D|src/internal/routebsd/zsys_darwin.go
1734561909|Ian Lance Taylor|D|src/internal/routebsd/zsys_dragonfly.go
1734561909|Ian Lance Taylor|D|src/internal/routebsd/zsys_freebsd_386.go
1734561909|Ian Lance Taylor|D|src/internal/routebsd/zsys_freebsd_amd64.go
1734561909|Ian Lance Taylor|D|src/internal/routebsd/zsys_freebsd_arm.go
1734561909|Ian Lance Taylor|D|src/internal/routebsd/zsys_freebsd_arm64.go
1734561909|Ian Lance Taylor|D|src/internal/routebsd/zsys_freebsd_riscv64.go
1734561909|Ian Lance Taylor|D|src/internal/routebsd/zsys_netbsd.go
1734561909|Ian Lance Taylor|D|src/internal/routebsd/zsys_openbsd.go
1734561909|Ian Lance Taylor|M|src/net/interface_bsd.go
1734561909|Ian Lance Taylor|M|src/net/interface_bsdvar.go
1734561909|Ian Lance Taylor|M|src/net/interface_darwin.go
1734561909|Ian Lance Taylor|M|src/net/interface_freebsd.go
1737136790|Ian Lance Taylor|M|src/syscall/zerrors_linux_386.go
1737136790|Ian Lance Taylor|M|src/syscall/zerrors_linux_amd64.go
1737136790|Ian Lance Taylor|M|src/syscall/zerrors_linux_arm.go
1737136790|Ian Lance Taylor|M|src/syscall/zerrors_linux_mips64.go
1737136790|Ian Lance Taylor|M|src/syscall/zerrors_linux_mips64le.go
1737136790|Ian Lance Taylor|M|src/syscall/zerrors_linux_ppc64.go
1738619127|Ian Lance Taylor|M|src/cmd/go/testdata/script/cover_coverprofile_nocoverpkg.txt
1738279315|Robert Griesemer|D|doc/go1.17_spec.html
1738279315|Robert Griesemer|M|doc/go_spec.html
1732317894|Keith Randall|M|src/cmd/internal/sys/arch.go
1736073071|Jakub Ciolek|M|src/cmd/compile/internal/ssa/_gen/AMD64.rules
1736073071|Jakub Ciolek|M|src/cmd/compile/internal/ssa/rewriteAMD64.go
1738698998|Ian Lance Taylor|M|src/cmd/go/internal/vcweb/vcstest/vcstest_test.go
1734927617|Ian Lance Taylor|M|src/os/exec.go
1734927617|Ian Lance Taylor|M|src/os/exec_linux.go
1734927617|Ian Lance Taylor|M|src/os/exec_nohandle.go
1734927617|Ian Lance Taylor|M|src/os/exec_windows.go
1738707794|Ian Lance Taylor|M|src/internal/routebsd/interface_classic.go
1738562191|Amirhossein Akhlaghpour|M|src/os/dir_plan9.go
1738562191|Amirhossein Akhlaghpour|M|src/os/dir_unix.go
1733150845|Mark Ryan|M|src/cmd/go/alldocs.go
1733150845|Mark Ryan|M|src/cmd/go/internal/help/helpdoc.go
1733150845|Mark Ryan|M|src/cmd/go/testdata/script/tooltags.txt
1733150845|Mark Ryan|M|src/cmd/internal/testdir/testdir_test.go
1733150845|Mark Ryan|M|src/internal/buildcfg/cfg.go
1733150845|Mark Ryan|M|src/internal/buildcfg/cfg_test.go
1733150845|Mark Ryan|M|src/runtime/asm_riscv64.h
1736889209|Jakub Ciolek|M|src/cmd/compile/internal/ssa/prove.go
1736889209|Jakub Ciolek|M|test/prove.go
1738716865|Dmitri Shuralyov|M|src/cmd/go/internal/vcweb/script.go
1738716865|Dmitri Shuralyov|M|src/cmd/go/internal/vcweb/vcstest/vcstest_test.go
1738716865|Dmitri Shuralyov|M|src/cmd/go/scriptconds_test.go
1738716865|Dmitri Shuralyov|M|src/cmd/go/testdata/script/README
1738716865|Dmitri Shuralyov|M|src/cmd/go/testdata/script/version_buildvcs_bzr.txt
1738716865|Dmitri Shuralyov|M|src/cmd/go/testdata/vcstest/bzr/hello.txt
1738781576|Dmitri Shuralyov|M|src/internal/routebsd/address.go
1738787249|Michael Matloob|M|src/cmd/go/alldocs.go
1738787249|Michael Matloob|M|src/cmd/go/internal/test/test.go
1738787249|Michael Matloob|M|src/cmd/go/testdata/script/test_cache_inputs.txt
1738757952|apocelipes|M|src/testing/slogtest/example_test.go
1738757952|apocelipes|M|src/testing/testing.go
1738757952|apocelipes|M|src/testing/testing_test.go
1736620017|Jakub Ciolek|M|src/cmd/compile/internal/ssa/_gen/AMD64.rules
1736620017|Jakub Ciolek|M|src/cmd/compile/internal/ssa/rewriteAMD64.go
1736620017|Jakub Ciolek|M|test/codegen/arithmetic.go
1736620017|Jakub Ciolek|M|test/codegen/bits.go
1736620017|Jakub Ciolek|M|test/codegen/shift.go
1737840113|Jesse Rittner|M|src/net/sockopt_posix.go
1737840113|Jesse Rittner|D|src/net/sockoptip_bsdvar.go
1737840113|Jesse Rittner|A|src/net/sockoptip4_bsdvar.go
1737840113|Jesse Rittner|D|src/net/sockoptip_linux.go
1737840113|Jesse Rittner|A|src/net/sockoptip4_linux.go
1737840113|Jesse Rittner|A|src/net/sockoptip4_posix_nonlinux.go
1737840113|Jesse Rittner|D|src/net/sockoptip_windows.go
1737840113|Jesse Rittner|A|src/net/sockoptip4_windows.go
1737840113|Jesse Rittner|D|src/net/sockoptip_posix.go
1737840113|Jesse Rittner|A|src/net/sockoptip6_posix.go
1738364595|Damien Neil|M|doc/next/4-runtime.md
1738364595|Damien Neil|M|src/runtime/crash_test.go
1738364595|Damien Neil|M|src/runtime/panic.go
1738364595|Damien Neil|M|src/runtime/runtime2.go
1738364595|Damien Neil|M|src/runtime/testdata/testprog/crash.go
1738877598|Luka Krmpotic|M|src/unicode/utf8/utf8_test.go
1736275621|Ian Lance Taylor|M|src/crypto/internal/fips140/drbg/rand.go
1737957178|Ian Lance Taylor|M|src/bufio/bufio.go
1737957178|Ian Lance Taylor|M|src/bufio/bufio_test.go
1737957178|Ian Lance Taylor|A|src/bufio/net_test.go
1734930058|Ian Lance Taylor|M|src/os/exec.go
1738664200|qmuntal|M|src/cmd/link/doc.go
1738664200|qmuntal|M|src/cmd/link/internal/ld/main.go
1738664200|qmuntal|M|src/cmd/link/internal/ld/util.go
1735891573|Joel Sing|D|src/crypto/internal/fips140/subtle/xor_arm64.go
1735891573|Joel Sing|D|src/crypto/internal/fips140/subtle/xor_amd64.go
1735891573|Joel Sing|A|src/crypto/internal/fips140/subtle/xor_asm.go
1735891573|Joel Sing|D|src/crypto/internal/fips140/subtle/xor_loong64.go
1735891573|Joel Sing|D|src/crypto/internal/fips140/subtle/xor_ppc64x.go
1738829228|qmuntal|M|src/all.bat
1738829228|qmuntal|M|src/clean.bat
1738829228|qmuntal|M|src/make.bat
1738829228|qmuntal|M|src/race.bat
1738829228|qmuntal|M|src/run.bat
1738927774|Alexander Yastrebov|M|src/crypto/internal/fips140/edwards25519/field/fe.go
1738927774|Alexander Yastrebov|M|src/crypto/internal/fips140/edwards25519/field/fe_bench_test.go
1731618043|Daniel McCarney|M|src/crypto/internal/fips140test/acvp_capabilities.json
1731618043|Daniel McCarney|M|src/crypto/internal/fips140test/acvp_test.config.json
1731618043|Daniel McCarney|M|src/crypto/internal/fips140test/acvp_test.go
1733952682|Daniel McCarney|M|src/crypto/internal/fips140test/acvp_capabilities.json
1733952682|Daniel McCarney|M|src/crypto/internal/fips140test/acvp_test.go
1738835759|qmuntal|M|src/all.bat
1738835759|qmuntal|M|src/clean.bat
1738835759|qmuntal|M|src/make.bat
1738835759|qmuntal|M|src/race.bat
1738835759|qmuntal|M|src/run.bat
1738263336|Damien Neil|A|src/testing/synctest/http_example_test.go
1736446669|Michael Anthony Knyszek|M|src/internal/trace/base.go
1736446669|Michael Anthony Knyszek|M|src/internal/trace/event.go
1736446669|Michael Anthony Knyszek|M|src/internal/trace/event/go122/event.go
1736446669|Michael Anthony Knyszek|M|src/internal/trace/event_test.go
1736446669|Michael Anthony Knyszek|M|src/internal/trace/gc.go
1736446669|Michael Anthony Knyszek|M|src/internal/trace/generation.go
1736446669|Michael Anthony Knyszek|M|src/internal/trace/internal/oldtrace/parser.go
1736446669|Michael Anthony Knyszek|M|src/internal/trace/reader.go
1736446669|Michael Anthony Knyszek|M|src/internal/trace/testtrace/validation.go
1736446669|Michael Anthony Knyszek|M|src/runtime/crash_test.go
1737749840|Michael Anthony Knyszek|M|src/go/build/deps_test.go
1737749840|Michael Anthony Knyszek|M|src/internal/trace/event/go122/event.go
1737749840|Michael Anthony Knyszek|D|src/internal/trace/internal/oldtrace/order.go
1737749840|Michael Anthony Knyszek|A|src/internal/trace/internal/tracev1/order.go
1737749840|Michael Anthony Knyszek|D|src/internal/trace/internal/oldtrace/parser.go
1737749840|Michael Anthony Knyszek|A|src/internal/trace/internal/tracev1/parser.go
1737749840|Michael Anthony Knyszek|D|src/internal/trace/internal/oldtrace/parser_test.go
1737749840|Michael Anthony Knyszek|A|src/internal/trace/internal/tracev1/parser_test.go
1737749840|Michael Anthony Knyszek|D|src/internal/trace/internal/oldtrace/testdata/fmt_1_21_pprof_good
1737749840|Michael Anthony Knyszek|A|src/internal/trace/internal/tracev1/testdata/fmt_1_21_pprof_good
1737749840|Michael Anthony Knyszek|D|src/internal/trace/internal/oldtrace/testdata/http_1_19_good
1737749840|Michael Anthony Knyszek|A|src/internal/trace/internal/tracev1/testdata/http_1_19_good
1737749840|Michael Anthony Knyszek|D|src/internal/trace/internal/oldtrace/testdata/http_1_21_good
1737749840|Michael Anthony Knyszek|A|src/internal/trace/internal/tracev1/testdata/http_1_21_good
1737749840|Michael Anthony Knyszek|D|src/internal/trace/internal/oldtrace/testdata/stress_1_11_good
1737749840|Michael Anthony Knyszek|A|src/internal/trace/internal/tracev1/testdata/stress_1_11_good
1737749840|Michael Anthony Knyszek|D|src/internal/trace/internal/oldtrace/testdata/stress_1_19_good
1737749840|Michael Anthony Knyszek|A|src/internal/trace/internal/tracev1/testdata/stress_1_19_good
1737749840|Michael Anthony Knyszek|D|src/internal/trace/internal/oldtrace/testdata/stress_1_21_good
1737749840|Michael Anthony Knyszek|A|src/internal/trace/internal/tracev1/testdata/stress_1_21_good
1737749840|Michael Anthony Knyszek|D|src/internal/trace/internal/oldtrace/testdata/stress_start_stop_1_11_good
1737749840|Michael Anthony Knyszek|A|src/internal/trace/internal/tracev1/testdata/stress_start_stop_1_11_good
1737749840|Michael Anthony Knyszek|D|src/internal/trace/internal/oldtrace/testdata/stress_start_stop_1_19_good
1737749840|Michael Anthony Knyszek|A|src/internal/trace/internal/tracev1/testdata/stress_start_stop_1_19_good
1737749840|Michael Anthony Knyszek|D|src/internal/trace/internal/oldtrace/testdata/stress_start_stop_1_21_good
1737749840|Michael Anthony Knyszek|A|src/internal/trace/internal/tracev1/testdata/stress_start_stop_1_21_good
1737749840|Michael Anthony Knyszek|D|src/internal/trace/internal/oldtrace/testdata/user_task_region_1_11_good
1737749840|Michael Anthony Knyszek|A|src/internal/trace/internal/tracev1/testdata/user_task_region_1_11_good
1737749840|Michael Anthony Knyszek|D|src/internal/trace/internal/oldtrace/testdata/user_task_region_1_19_good
1737749840|Michael Anthony Knyszek|A|src/internal/trace/internal/tracev1/testdata/user_task_region_1_19_good
1737749840|Michael Anthony Knyszek|D|src/internal/trace/internal/oldtrace/testdata/user_task_region_1_21_good
1737749840|Michael Anthony Knyszek|A|src/internal/trace/internal/tracev1/testdata/user_task_region_1_21_good
1737749840|Michael Anthony Knyszek|M|src/internal/trace/reader.go
1737749840|Michael Anthony Knyszek|D|src/internal/trace/oldtrace.go
1737749840|Michael Anthony Knyszek|A|src/internal/trace/tracev1.go
1737749840|Michael Anthony Knyszek|D|src/internal/trace/oldtrace_test.go
1737749840|Michael Anthony Knyszek|A|src/internal/trace/tracev1_test.go
1734982033|Ian Lance Taylor|M|src/os/exec.go
1734982033|Ian Lance Taylor|M|src/os/exec_plan9.go
1734982033|Ian Lance Taylor|M|src/os/exec_unix.go
1734982033|Ian Lance Taylor|M|src/os/exec_windows.go
1734982033|Ian Lance Taylor|M|src/os/pidfd_linux.go
1738878711|Robert Griesemer|M|src/cmd/compile/internal/types2/expr.go
1738878711|Robert Griesemer|M|src/cmd/compile/internal/types2/stmt.go
1738878711|Robert Griesemer|M|src/go/types/expr.go
1738878711|Robert Griesemer|M|src/go/types/stmt.go
1738878711|Robert Griesemer|M|src/internal/types/testdata/fixedbugs/issue43671.go
1738878711|Robert Griesemer|M|src/internal/types/testdata/fixedbugs/issue47115.go
1738968122|Cherry Mui|M|src/bytes/iter.go
1738917470|pgxiaolianzi|M|src/text/template/exec.go
1738917470|pgxiaolianzi|M|src/text/template/exec_test.go
1738867348|Pasha Radchenko|M|src/crypto/aes/aes.go
1729361428|Daniel McCarney|M|src/crypto/internal/fips140test/acvp_capabilities.json
1729361428|Daniel McCarney|M|src/crypto/internal/fips140test/acvp_test.config.json
1729361428|Daniel McCarney|M|src/crypto/internal/fips140test/acvp_test.go
1734198809|Daniel McCarney|M|src/crypto/internal/fips140test/acvp_capabilities.json
1734198809|Daniel McCarney|M|src/crypto/internal/fips140test/acvp_test.config.json
1734198809|Daniel McCarney|M|src/crypto/internal/fips140test/acvp_test.go
1738970570|Michael Anthony Knyszek|M|src/os/root.go
1738970570|Michael Anthony Knyszek|M|src/os/root_noopenat.go
1738970570|Michael Anthony Knyszek|M|src/os/root_unix.go
1738970570|Michael Anthony Knyszek|M|src/os/root_windows.go
1737751011|Michael Anthony Knyszek|M|src/cmd/trace/main.go
1737751011|Michael Anthony Knyszek|M|src/go/build/deps_test.go
1737751011|Michael Anthony Knyszek|M|src/internal/trace/base.go
1737751011|Michael Anthony Knyszek|M|src/internal/trace/batch.go
1737751011|Michael Anthony Knyszek|M|src/internal/trace/batchcursor.go
1737751011|Michael Anthony Knyszek|M|src/internal/trace/event.go
1737751011|Michael Anthony Knyszek|M|src/internal/trace/generation.go
1737751011|Michael Anthony Knyszek|D|src/internal/trace/internal/testgen/go122/trace.go
1737751011|Michael Anthony Knyszek|A|src/internal/trace/internal/testgen/trace.go
1737751011|Michael Anthony Knyszek|M|src/internal/trace/internal/tracev1/parser.go
1737751011|Michael Anthony Knyszek|M|src/internal/trace/order.go
1737751011|Michael Anthony Knyszek|M|src/internal/trace/raw/event.go
1737751011|Michael Anthony Knyszek|M|src/internal/trace/raw/reader.go
1737751011|Michael Anthony Knyszek|M|src/internal/trace/raw/textreader.go
1737751011|Michael Anthony Knyszek|M|src/internal/trace/raw/writer.go
1737751011|Michael Anthony Knyszek|M|src/internal/trace/reader.go
1737751011|Michael Anthony Knyszek|M|src/internal/trace/summary_test.go
1737751011|Michael Anthony Knyszek|M|src/internal/trace/testdata/generators/go122-confuse-seq-across-generations.go
1737751011|Michael Anthony Knyszek|M|src/internal/trace/testdata/generators/go122-create-syscall-reuse-thread-id.go
1737751011|Michael Anthony Knyszek|M|src/internal/trace/testdata/generators/go122-create-syscall-with-p.go
1737751011|Michael Anthony Knyszek|M|src/internal/trace/testdata/generators/go122-fail-first-gen-first.go
1737751011|Michael Anthony Knyszek|M|src/internal/trace/testdata/generators/go122-go-create-without-running-g.go
1737751011|Michael Anthony Knyszek|M|src/internal/trace/testdata/generators/go122-syscall-steal-proc-ambiguous.go
1737751011|Michael Anthony Knyszek|M|src/internal/trace/testdata/generators/go122-syscall-steal-proc-gen-boundary-bare-m.go
1737751011|Michael Anthony Knyszek|M|src/internal/trace/testdata/generators/go122-syscall-steal-proc-gen-boundary-reacquire-new-proc-bare-m.go
1737751011|Michael Anthony Knyszek|M|src/internal/trace/testdata/generators/go122-syscall-steal-proc-gen-boundary-reacquire-new-proc.go
1737751011|Michael Anthony Knyszek|M|src/internal/trace/testdata/generators/go122-syscall-steal-proc-gen-boundary.go
1737751011|Michael Anthony Knyszek|M|src/internal/trace/testdata/generators/go122-syscall-steal-proc-reacquire-new-proc-bare-m.go
1737751011|Michael Anthony Knyszek|M|src/internal/trace/testdata/generators/go122-syscall-steal-proc-reacquire-new-proc.go
1737751011|Michael Anthony Knyszek|M|src/internal/trace/testdata/generators/go122-syscall-steal-proc-self.go
1737751011|Michael Anthony Knyszek|M|src/internal/trace/testdata/generators/go122-syscall-steal-proc-simple-bare-m.go
1737751011|Michael Anthony Knyszek|M|src/internal/trace/testdata/generators/go122-syscall-steal-proc-simple.go
1737751011|Michael Anthony Knyszek|M|src/internal/trace/testdata/generators/go122-syscall-steal-proc-sitting-in-syscall.go
1737751011|Michael Anthony Knyszek|M|src/internal/trace/testdata/generators/go122-task-across-generations.go
1737751011|Michael Anthony Knyszek|M|src/internal/trace/tracev1.go
1737751011|Michael Anthony Knyszek|M|src/internal/trace/tracev1_test.go
1737751011|Michael Anthony Knyszek|D|src/internal/trace/event/go122/event.go
1737751011|Michael Anthony Knyszek|A|src/internal/trace/tracev2/event.go
1737751011|Michael Anthony Knyszek|D|src/internal/trace/event/event.go
1737751011|Michael Anthony Knyszek|A|src/internal/trace/tracev2/event/event.go
1737751011|Michael Anthony Knyszek|M|src/internal/trace/version/version.go
1737752641|Michael Anthony Knyszek|M|src/internal/trace/internal/testgen/trace.go
1737752641|Michael Anthony Knyszek|M|src/internal/trace/testdata/generators/go122-confuse-seq-across-generations.go
1737752641|Michael Anthony Knyszek|M|src/internal/trace/testdata/generators/go122-create-syscall-reuse-thread-id.go
1737752641|Michael Anthony Knyszek|M|src/internal/trace/testdata/generators/go122-create-syscall-with-p.go
1737752641|Michael Anthony Knyszek|M|src/internal/trace/testdata/generators/go122-fail-first-gen-first.go
1737752641|Michael Anthony Knyszek|M|src/internal/trace/testdata/generators/go122-go-create-without-running-g.go
1737752641|Michael Anthony Knyszek|M|src/internal/trace/testdata/generators/go122-syscall-steal-proc-ambiguous.go
1737752641|Michael Anthony Knyszek|M|src/internal/trace/testdata/generators/go122-syscall-steal-proc-gen-boundary-bare-m.go
1737752641|Michael Anthony Knyszek|M|src/internal/trace/testdata/generators/go122-syscall-steal-proc-gen-boundary-reacquire-new-proc-bare-m.go
1737752641|Michael Anthony Knyszek|M|src/internal/trace/testdata/generators/go122-syscall-steal-proc-gen-boundary-reacquire-new-proc.go
1737752641|Michael Anthony Knyszek|M|src/internal/trace/testdata/generators/go122-syscall-steal-proc-gen-boundary.go
1737752641|Michael Anthony Knyszek|M|src/internal/trace/testdata/generators/go122-syscall-steal-proc-reacquire-new-proc-bare-m.go
1737752641|Michael Anthony Knyszek|M|src/internal/trace/testdata/generators/go122-syscall-steal-proc-reacquire-new-proc.go
1737752641|Michael Anthony Knyszek|M|src/internal/trace/testdata/generators/go122-syscall-steal-proc-self.go
1737752641|Michael Anthony Knyszek|M|src/internal/trace/testdata/generators/go122-syscall-steal-proc-simple-bare-m.go
1737752641|Michael Anthony Knyszek|M|src/internal/trace/testdata/generators/go122-syscall-steal-proc-simple.go
1737752641|Michael Anthony Knyszek|M|src/internal/trace/testdata/generators/go122-syscall-steal-proc-sitting-in-syscall.go
1737752641|Michael Anthony Knyszek|M|src/internal/trace/testdata/generators/go122-task-across-generations.go
1739067145|Tom Thorogood|M|src/net/http/export_test.go
1739067145|Tom Thorogood|M|src/net/http/serve_test.go
1739067145|Tom Thorogood|M|src/net/http/server.go
1739098669|WANG Xuerui|M|src/cmd/go/internal/work/security.go
1739098669|WANG Xuerui|M|src/cmd/go/internal/work/security_test.go
1733777733|Keith Randall|M|src/cmd/compile/internal/reflectdata/reflect.go
1733777733|Keith Randall|M|src/cmd/compile/internal/ssa/_gen/generic.rules
1733777733|Keith Randall|M|src/cmd/compile/internal/ssa/rewrite.go
1733777733|Keith Randall|M|src/cmd/compile/internal/ssa/rewritegeneric.go
1733777733|Keith Randall|M|src/cmd/compile/internal/walk/compare.go
1733777733|Keith Randall|M|src/cmd/internal/obj/link.go
1733777733|Keith Randall|M|test/codegen/ifaces.go
1734634925|Daniel McCarney|M|src/crypto/internal/fips140test/acvp_capabilities.json
1734634925|Daniel McCarney|M|src/crypto/internal/fips140test/acvp_test.go
1735848579|Daniel McCarney|M|src/crypto/internal/fips140test/acvp_capabilities.json
1735848579|Daniel McCarney|M|src/crypto/internal/fips140test/acvp_test.config.json
1735848579|Daniel McCarney|M|src/crypto/internal/fips140test/acvp_test.go
1736525412|Daniel McCarney|M|src/crypto/internal/fips140test/acvp_capabilities.json
1736525412|Daniel McCarney|M|src/crypto/internal/fips140test/acvp_test.config.json
1736525412|Daniel McCarney|M|src/crypto/internal/fips140test/acvp_test.go
1738281186|Damien Neil|A|api/next/67002.txt
1738281186|Damien Neil|A|doc/next/6-stdlib/99-minor/os/67002.md
1738281186|Damien Neil|M|src/internal/syscall/unix/asm_darwin.s
1738281186|Damien Neil|M|src/internal/syscall/unix/asm_openbsd.s
1738281186|Damien Neil|M|src/internal/syscall/unix/at.go
1738281186|Damien Neil|M|src/internal/syscall/unix/at_darwin.go
1738281186|Damien Neil|M|src/internal/syscall/unix/at_libc.go
1738281186|Damien Neil|M|src/internal/syscall/unix/at_openbsd.go
1738281186|Damien Neil|M|src/internal/syscall/unix/at_sysnum_dragonfly.go
1738281186|Damien Neil|M|src/internal/syscall/unix/at_sysnum_freebsd.go
1738281186|Damien Neil|M|src/internal/syscall/unix/at_sysnum_linux.go
1738281186|Damien Neil|M|src/internal/syscall/unix/at_sysnum_netbsd.go
1738281186|Damien Neil|M|src/internal/syscall/unix/at_wasip1.go
1738281186|Damien Neil|M|src/internal/syscall/windows/at_windows.go
1738281186|Damien Neil|M|src/internal/syscall/windows/at_windows_test.go
1738281186|Damien Neil|M|src/os/root.go
1738281186|Damien Neil|M|src/os/root_noopenat.go
1738281186|Damien Neil|M|src/os/root_openat.go
1738281186|Damien Neil|M|src/os/root_test.go
1738281186|Damien Neil|M|src/os/root_unix.go
1738281186|Damien Neil|M|src/os/root_windows.go
1738281186|Damien Neil|M|src/syscall/types_windows.go
1739231696|Michael Anthony Knyszek|M|src/internal/trace/reader.go
1721428134|Sean Liao|M|src/net/http/httptest/httptest.go
1721428134|Sean Liao|M|src/net/http/httptest/httptest_test.go
1738385577|Michael Anthony Knyszek|M|src/internal/trace/tracev2/events.go
1738385577|Michael Anthony Knyszek|A|src/internal/trace/tracev2/events_test.go
1738385577|Michael Anthony Knyszek|M|src/internal/trace/tracev2/spec.go
1738171024|Michael Anthony Knyszek|A|src/internal/trace/tracev2/doc.go
1738171024|Michael Anthony Knyszek|M|src/runtime/mgc.go
1738171024|Michael Anthony Knyszek|M|src/runtime/proc.go
1738171024|Michael Anthony Knyszek|M|src/runtime/traceallocfree.go
1738171024|Michael Anthony Knyszek|M|src/runtime/tracebuf.go
1738171024|Michael Anthony Knyszek|M|src/runtime/tracecpu.go
1738171024|Michael Anthony Knyszek|M|src/runtime/traceevent.go
1738171024|Michael Anthony Knyszek|D|src/runtime/traceexp.go
1738171024|Michael Anthony Knyszek|M|src/runtime/traceruntime.go
1738171024|Michael Anthony Knyszek|M|src/runtime/tracestack.go
1738171024|Michael Anthony Knyszek|M|src/runtime/tracestatus.go
1738171024|Michael Anthony Knyszek|M|src/runtime/tracestring.go
1738171024|Michael Anthony Knyszek|M|src/runtime/tracetime.go
1738171024|Michael Anthony Knyszek|M|src/runtime/tracetype.go
1738014444|Michael Anthony Knyszek|M|src/cmd/trace/gen.go
1738014444|Michael Anthony Knyszek|M|src/cmd/trace/gstate.go
1738014444|Michael Anthony Knyszek|M|src/cmd/trace/jsontrace_test.go
1738014444|Michael Anthony Knyszek|M|src/internal/trace/traceviewer/emitter.go
1738014444|Michael Anthony Knyszek|D|src/internal/trace/fakep.go
1738014444|Michael Anthony Knyszek|A|src/internal/trace/traceviewer/fakep.go
1738097994|Michael Anthony Knyszek|A|src/internal/trace/tracev2/EXPERIMENTS.md
1736884580|Daniel McCarney|M|src/crypto/internal/fips140test/acvp_capabilities.json
1736884580|Daniel McCarney|M|src/crypto/internal/fips140test/acvp_test.go
1737660886|Daniel McCarney|M|src/crypto/internal/fips140test/acvp_capabilities.json
1737660886|Daniel McCarney|M|src/crypto/internal/fips140test/acvp_test.config.json
1737660886|Daniel McCarney|M|src/crypto/internal/fips140test/acvp_test.go
1739324875|Cherry Mui|M|src/cmd/dist/test.go
1738928546|Quan Tong|M|src/cmd/go/internal/auth/auth.go
1738928546|Quan Tong|M|src/cmd/go/testdata/script/goauth_git.txt
1739314799|Dmitri Shuralyov|M|src/cmd/go.mod
1739314799|Dmitri Shuralyov|M|src/cmd/go.sum
1739314799|Dmitri Shuralyov|M|src/cmd/vendor/golang.org/x/arch/riscv64/riscv64asm/gnu.go
1739314799|Dmitri Shuralyov|M|src/cmd/vendor/golang.org/x/arch/x86/x86asm/tables.go
1739314799|Dmitri Shuralyov|M|src/cmd/vendor/golang.org/x/build/relnote/links.go
1739314799|Dmitri Shuralyov|M|src/cmd/vendor/golang.org/x/build/relnote/relnote.go
1739314799|Dmitri Shuralyov|M|src/cmd/vendor/golang.org/x/mod/modfile/read.go
1739314799|Dmitri Shuralyov|M|src/cmd/vendor/golang.org/x/sync/errgroup/errgroup.go
1739314799|Dmitri Shuralyov|A|src/cmd/vendor/golang.org/x/sys/unix/auxv.go
1739314799|Dmitri Shuralyov|A|src/cmd/vendor/golang.org/x/sys/unix/auxv_unsupported.go
1739314799|Dmitri Shuralyov|M|src/cmd/vendor/golang.org/x/sys/unix/syscall_dragonfly.go
1739314799|Dmitri Shuralyov|M|src/cmd/vendor/golang.org/x/sys/unix/syscall_solaris.go
1739314799|Dmitri Shuralyov|M|src/cmd/vendor/golang.org/x/sys/unix/zerrors_linux.go
1739314799|Dmitri Shuralyov|M|src/cmd/vendor/golang.org/x/sys/unix/zerrors_linux_386.go
1739314799|Dmitri Shuralyov|M|src/cmd/vendor/golang.org/x/sys/unix/zerrors_linux_amd64.go
1739314799|Dmitri Shuralyov|M|src/cmd/vendor/golang.org/x/sys/unix/zerrors_linux_arm.go
1739314799|Dmitri Shuralyov|M|src/cmd/vendor/golang.org/x/sys/unix/zerrors_linux_arm64.go
1739314799|Dmitri Shuralyov|M|src/cmd/vendor/golang.org/x/sys/unix/zerrors_linux_loong64.go
1739314799|Dmitri Shuralyov|M|src/cmd/vendor/golang.org/x/sys/unix/zerrors_linux_mips.go
1739314799|Dmitri Shuralyov|M|src/cmd/vendor/golang.org/x/sys/unix/zerrors_linux_mips64.go
1739314799|Dmitri Shuralyov|M|src/cmd/vendor/golang.org/x/sys/unix/zerrors_linux_mips64le.go
1739314799|Dmitri Shuralyov|M|src/cmd/vendor/golang.org/x/sys/unix/zerrors_linux_mipsle.go
1739314799|Dmitri Shuralyov|M|src/cmd/vendor/golang.org/x/sys/unix/zerrors_linux_ppc.go
1739314799|Dmitri Shuralyov|M|src/cmd/vendor/golang.org/x/sys/unix/zerrors_linux_ppc64.go
1739314799|Dmitri Shuralyov|M|src/cmd/vendor/golang.org/x/sys/unix/zerrors_linux_ppc64le.go
1739314799|Dmitri Shuralyov|M|src/cmd/vendor/golang.org/x/sys/unix/zerrors_linux_riscv64.go
1739314799|Dmitri Shuralyov|M|src/cmd/vendor/golang.org/x/sys/unix/zerrors_linux_s390x.go
1739314799|Dmitri Shuralyov|M|src/cmd/vendor/golang.org/x/sys/unix/zerrors_linux_sparc64.go
1739314799|Dmitri Shuralyov|M|src/cmd/vendor/golang.org/x/sys/unix/zsyscall_solaris_amd64.go
1739314799|Dmitri Shuralyov|M|src/cmd/vendor/golang.org/x/sys/unix/zsysnum_linux_386.go
1739314799|Dmitri Shuralyov|M|src/cmd/vendor/golang.org/x/sys/unix/zsysnum_linux_amd64.go
1739314799|Dmitri Shuralyov|M|src/cmd/vendor/golang.org/x/sys/unix/zsysnum_linux_arm.go
1739314799|Dmitri Shuralyov|M|src/cmd/vendor/golang.org/x/sys/unix/zsysnum_linux_arm64.go
1739314799|Dmitri Shuralyov|M|src/cmd/vendor/golang.org/x/sys/unix/zsysnum_linux_loong64.go
1739314799|Dmitri Shuralyov|M|src/cmd/vendor/golang.org/x/sys/unix/zsysnum_linux_mips.go
1739314799|Dmitri Shuralyov|M|src/cmd/vendor/golang.org/x/sys/unix/zsysnum_linux_mips64.go
1739314799|Dmitri Shuralyov|M|src/cmd/vendor/golang.org/x/sys/unix/zsysnum_linux_mips64le.go
1739314799|Dmitri Shuralyov|M|src/cmd/vendor/golang.org/x/sys/unix/zsysnum_linux_mipsle.go
1739314799|Dmitri Shuralyov|M|src/cmd/vendor/golang.org/x/sys/unix/zsysnum_linux_ppc.go
1739314799|Dmitri Shuralyov|M|src/cmd/vendor/golang.org/x/sys/unix/zsysnum_linux_ppc64.go
1739314799|Dmitri Shuralyov|M|src/cmd/vendor/golang.org/x/sys/unix/zsysnum_linux_ppc64le.go
1739314799|Dmitri Shuralyov|M|src/cmd/vendor/golang.org/x/sys/unix/zsysnum_linux_riscv64.go
1739314799|Dmitri Shuralyov|M|src/cmd/vendor/golang.org/x/sys/unix/zsysnum_linux_s390x.go
1739314799|Dmitri Shuralyov|M|src/cmd/vendor/golang.org/x/sys/unix/zsysnum_linux_sparc64.go
1739314799|Dmitri Shuralyov|M|src/cmd/vendor/golang.org/x/sys/unix/ztypes_linux.go
1739314799|Dmitri Shuralyov|M|src/cmd/vendor/golang.org/x/sys/windows/dll_windows.go
1739314799|Dmitri Shuralyov|M|src/cmd/vendor/golang.org/x/telemetry/internal/crashmonitor/monitor.go
1739314799|Dmitri Shuralyov|M|src/cmd/vendor/golang.org/x/tools/cmd/bisect/main.go
1739314799|Dmitri Shuralyov|M|src/cmd/vendor/golang.org/x/tools/go/analysis/analysis.go
1739314799|Dmitri Shuralyov|M|src/cmd/vendor/golang.org/x/tools/go/analysis/diagnostic.go
1739314799|Dmitri Shuralyov|M|src/cmd/vendor/golang.org/x/tools/go/analysis/internal/analysisflags/flags.go
1739314799|Dmitri Shuralyov|M|src/cmd/vendor/golang.org/x/tools/go/analysis/passes/asmdecl/asmdecl.go
1739314799|Dmitri Shuralyov|M|src/cmd/vendor/golang.org/x/tools/go/analysis/passes/assign/assign.go
1739314799|Dmitri Shuralyov|M|src/cmd/vendor/golang.org/x/tools/go/analysis/passes/atomic/atomic.go
1739314799|Dmitri Shuralyov|M|src/cmd/vendor/golang.org/x/tools/go/analysis/passes/bools/bools.go
1739314799|Dmitri Shuralyov|M|src/cmd/vendor/golang.org/x/tools/go/analysis/passes/cgocall/cgocall.go
1739314799|Dmitri Shuralyov|M|src/cmd/vendor/golang.org/x/tools/go/analysis/passes/copylock/copylock.go
1739314799|Dmitri Shuralyov|M|src/cmd/vendor/golang.org/x/tools/go/analysis/passes/defers/defers.go
1739314799|Dmitri Shuralyov|M|src/cmd/vendor/golang.org/x/tools/go/analysis/passes/errorsas/errorsas.go
1739314799|Dmitri Shuralyov|M|src/cmd/vendor/golang.org/x/tools/go/analysis/passes/framepointer/framepointer.go
1739314799|Dmitri Shuralyov|M|src/cmd/vendor/golang.org/x/tools/go/analysis/passes/httpresponse/httpresponse.go
1739314799|Dmitri Shuralyov|M|src/cmd/vendor/golang.org/x/tools/go/analysis/passes/internal/analysisutil/util.go
1739314799|Dmitri Shuralyov|M|src/cmd/vendor/golang.org/x/tools/go/analysis/passes/loopclosure/loopclosure.go
1739314799|Dmitri Shuralyov|M|src/cmd/vendor/golang.org/x/tools/go/analysis/passes/lostcancel/lostcancel.go
1739314799|Dmitri Shuralyov|M|src/cmd/vendor/golang.org/x/tools/go/analysis/passes/printf/printf.go
1739314799|Dmitri Shuralyov|M|src/cmd/vendor/golang.org/x/tools/go/analysis/passes/shift/shift.go
1739314799|Dmitri Shuralyov|M|src/cmd/vendor/golang.org/x/tools/go/analysis/passes/sigchanyzer/sigchanyzer.go
1739314799|Dmitri Shuralyov|M|src/cmd/vendor/golang.org/x/tools/go/analysis/passes/slog/slog.go
1739314799|Dmitri Shuralyov|M|src/cmd/vendor/golang.org/x/tools/go/analysis/passes/stdversion/stdversion.go
1739314799|Dmitri Shuralyov|M|src/cmd/vendor/golang.org/x/tools/go/analysis/passes/stringintconv/string.go
1739314799|Dmitri Shuralyov|M|src/cmd/vendor/golang.org/x/tools/go/analysis/passes/structtag/structtag.go
1739314799|Dmitri Shuralyov|M|src/cmd/vendor/golang.org/x/tools/go/analysis/passes/testinggoroutine/testinggoroutine.go
1739314799|Dmitri Shuralyov|M|src/cmd/vendor/golang.org/x/tools/go/analysis/passes/testinggoroutine/util.go
1739314799|Dmitri Shuralyov|M|src/cmd/vendor/golang.org/x/tools/go/analysis/passes/tests/tests.go
1739314799|Dmitri Shuralyov|M|src/cmd/vendor/golang.org/x/tools/go/analysis/passes/timeformat/timeformat.go
1739314799|Dmitri Shuralyov|M|src/cmd/vendor/golang.org/x/tools/go/analysis/passes/unmarshal/unmarshal.go
1739314799|Dmitri Shuralyov|M|src/cmd/vendor/golang.org/x/tools/go/analysis/passes/unreachable/doc.go
1739314799|Dmitri Shuralyov|M|src/cmd/vendor/golang.org/x/tools/go/analysis/passes/unsafeptr/unsafeptr.go
1739314799|Dmitri Shuralyov|M|src/cmd/vendor/golang.org/x/tools/go/analysis/passes/unusedresult/unusedresult.go
1739314799|Dmitri Shuralyov|M|src/cmd/vendor/golang.org/x/tools/go/analysis/unitchecker/unitchecker.go
1739314799|Dmitri Shuralyov|M|src/cmd/vendor/golang.org/x/tools/go/ast/inspector/inspector.go
1739314799|Dmitri Shuralyov|M|src/cmd/vendor/golang.org/x/tools/go/ast/inspector/iter.go
1739314799|Dmitri Shuralyov|M|src/cmd/vendor/golang.org/x/tools/go/ast/inspector/typeof.go
1739314799|Dmitri Shuralyov|A|src/cmd/vendor/golang.org/x/tools/go/ast/inspector/walk.go
1739314799|Dmitri Shuralyov|M|src/cmd/vendor/golang.org/x/tools/go/types/typeutil/map.go
1739314799|Dmitri Shuralyov|M|src/cmd/vendor/golang.org/x/tools/internal/analysisinternal/analysis.go
1739314799|Dmitri Shuralyov|A|src/cmd/vendor/golang.org/x/tools/internal/astutil/edge/edge.go
1739314799|Dmitri Shuralyov|A|src/cmd/vendor/golang.org/x/tools/internal/fmtstr/parse.go
1739314799|Dmitri Shuralyov|M|src/cmd/vendor/golang.org/x/tools/internal/stdlib/manifest.go
1739314799|Dmitri Shuralyov|M|src/cmd/vendor/golang.org/x/tools/internal/typeparams/common.go
1739314799|Dmitri Shuralyov|M|src/cmd/vendor/golang.org/x/tools/internal/typeparams/coretype.go
1739314799|Dmitri Shuralyov|M|src/cmd/vendor/golang.org/x/tools/internal/typesinternal/errorcode.go
1739314799|Dmitri Shuralyov|A|src/cmd/vendor/golang.org/x/tools/internal/typesinternal/qualifier.go
1739314799|Dmitri Shuralyov|M|src/cmd/vendor/golang.org/x/tools/internal/typesinternal/recv.go
1739314799|Dmitri Shuralyov|M|src/cmd/vendor/golang.org/x/tools/internal/typesinternal/types.go
1739314799|Dmitri Shuralyov|A|src/cmd/vendor/golang.org/x/tools/internal/typesinternal/varkind.go
1739314799|Dmitri Shuralyov|M|src/cmd/vendor/golang.org/x/tools/internal/typesinternal/zerovalue.go
1739314799|Dmitri Shuralyov|M|src/cmd/vendor/modules.txt
1739314799|Dmitri Shuralyov|M|src/cmd/vet/testdata/print/print.go
1739314799|Dmitri Shuralyov|M|src/go.mod
1739314799|Dmitri Shuralyov|M|src/go.sum
1739314799|Dmitri Shuralyov|M|src/net/http/h2_bundle.go
1739314799|Dmitri Shuralyov|M|src/vendor/golang.org/x/sys/cpu/cpu.go
1739314799|Dmitri Shuralyov|M|src/vendor/golang.org/x/sys/cpu/cpu_x86.go
1739314799|Dmitri Shuralyov|M|src/vendor/modules.txt
1739291422|Sean Liao|M|src/cmd/go/alldocs.go
1739291422|Sean Liao|M|src/cmd/go/internal/help/helpdoc.go
1738838060|Filippo Valsorda|M|src/crypto/tls/tls.go
1739344592|Mateusz Poliwczak|M|src/internal/abi/type.go
1739344592|Mateusz Poliwczak|M|src/reflect/type.go
1739402650|Keith Randall|M|src/internal/abi/switch.go
1738759886|Filippo Valsorda|M|src/crypto/internal/fips140test/acvp_test.go
1738759886|Filippo Valsorda|M|src/crypto/internal/fips140test/fips_test.go
1738759886|Filippo Valsorda|M|src/crypto/internal/impl/impl.go
1739360272|Filippo Valsorda|M|src/cmd/dist/test.go
1739460713|Daniel McCarney|M|src/crypto/internal/fips140test/acvp_test.go
1734174207|Mateusz Poliwczak|M|src/go/types/eval_test.go
1735024993|Mateusz Poliwczak|M|src/cmd/compile/internal/types2/labels.go
1735024993|Mateusz Poliwczak|M|src/go/types/labels.go
1735024993|Mateusz Poliwczak|A|src/internal/types/testdata/check/doubled_labels.go
1735024993|Mateusz Poliwczak|A|src/internal/types/testdata/check/issue70974.go
1739371534|Paul Murphy|M|src/runtime/sys_linux_s390x.s
1736267324|Russ Cox|M|src/cmd/cgo/main.go
1736267324|Russ Cox|M|src/cmd/compile/internal/liveness/plive.go
1736267324|Russ Cox|M|src/cmd/compile/internal/types/fmt.go
1736267324|Russ Cox|M|src/cmd/internal/hash/hash.go
1736267324|Russ Cox|M|src/cmd/internal/obj/objfile.go
1736267324|Russ Cox|M|src/cmd/internal/obj/sym.go
1736267324|Russ Cox|M|src/cmd/link/internal/ld/elf.go
1736267324|Russ Cox|M|src/cmd/link/internal/ld/lib.go
1736267324|Russ Cox|M|src/cmd/objdump/objdump_test.go
1736206102|Keith Randall|M|src/cmd/compile/internal/ssa/_gen/generic.rules
1736206102|Keith Randall|M|src/cmd/compile/internal/ssa/rewrite.go
1736206102|Keith Randall|M|src/cmd/compile/internal/ssa/rewritegeneric.go
1736206102|Keith Randall|M|src/cmd/compile/internal/walk/order.go
1736206102|Keith Randall|M|test/codegen/maps.go
1739462540|Jes Cok|M|src/os/root_openat.go
1731874054|khr@golang.org|M|src/cmd/compile/internal/ssa/compile.go
1731874054|khr@golang.org|A|src/cmd/compile/internal/ssa/pair.go
1731874054|khr@golang.org|M|test/codegen/memcombine.go
1731874054|khr@golang.org|M|test/tighten.go
1732412102|Keith Randall|M|src/cmd/compile/internal/ssa/writebarrier.go
1732412102|Keith Randall|M|test/codegen/writebarrier.go
1739486289|Damien Neil|M|src/go.mod
1739486289|Damien Neil|M|src/go.sum
1739486289|Damien Neil|M|src/go/build/deps_test.go
1739486289|Damien Neil|M|src/net/http/h2_bundle.go
1739486289|Damien Neil|M|src/net/http/http.go
1739486289|Damien Neil|M|src/net/http/http_test.go
1739486289|Damien Neil|A|src/net/http/internal/httpcommon/httpcommon.go
1739486289|Damien Neil|M|src/vendor/modules.txt
1732118487|Russ Cox|M|src/testing/allocs.go
1732118487|Russ Cox|M|src/testing/testing.go
1732412360|Joel Sing|M|src/cmd/asm/internal/arch/arm64.go
1732412360|Joel Sing|M|src/cmd/asm/internal/arch/riscv64.go
1732412360|Joel Sing|M|src/cmd/asm/internal/asm/asm.go
1732412360|Joel Sing|M|src/cmd/asm/internal/asm/parse.go
1732412360|Joel Sing|M|src/cmd/asm/internal/asm/testdata/riscv64.s
1732412360|Joel Sing|M|src/cmd/asm/internal/asm/testdata/riscv64error.s
1732412360|Joel Sing|M|src/cmd/internal/obj/arm64/a.out.go
1732412360|Joel Sing|M|src/cmd/internal/obj/link.go
1732412360|Joel Sing|M|src/cmd/internal/obj/riscv/cpu.go
1732412360|Joel Sing|M|src/cmd/internal/obj/riscv/list.go
1732412360|Joel Sing|M|src/cmd/internal/obj/riscv/obj.go
1732412360|Joel Sing|M|src/cmd/internal/obj/util.go
1736187351|Carlos Amedee|M|src/cmd/go/internal/base/limit.go
1736187351|Carlos Amedee|M|src/cmd/go/internal/lockedfile/lockedfile.go
1735421579|Filippo Valsorda|M|src/crypto/internal/fips140/rsa/keygen.go
1735421579|Filippo Valsorda|M|src/crypto/rsa/rsa_test.go
1735421579|Filippo Valsorda|A|src/crypto/rsa/testdata/keygen2048.txt
1739307055|Carlos Amedee|M|src/net/http/clientserver_test.go
1739307055|Carlos Amedee|M|src/net/http/transport_test.go
1739528069|Carlos Ramos Carreño|M|src/syscall/exec_linux_test.go
1739431701|cuishuang|M|src/bytes/example_test.go
1739318000|Ian Lance Taylor|M|doc/godebug.md
1739486401|Ian Lance Taylor|M|src/crypto/fips140/fips140.go
1739486401|Ian Lance Taylor|M|src/crypto/internal/fips140/check/check.go
1739486401|Ian Lance Taylor|M|src/crypto/internal/fips140only/fips140only.go
1739486401|Ian Lance Taylor|M|src/crypto/internal/fips140test/check_test.go
1739486401|Ian Lance Taylor|M|src/internal/godebugs/table.go
1732180461|cuishuang|M|src/cmd/go/internal/modfetch/proxy.go
1732180461|cuishuang|M|src/cmd/go/internal/modload/load.go
1719844313|Joel Sing|M|src/cmd/asm/internal/asm/testdata/riscv64.s
1719844313|Joel Sing|M|src/cmd/internal/obj/riscv/obj.go
1735891578|Joel Sing|M|src/crypto/internal/fips140/subtle/xor_asm.go
1735891578|Joel Sing|M|src/crypto/internal/fips140/subtle/xor_generic.go
1735891578|Joel Sing|A|src/crypto/internal/fips140/subtle/xor_riscv64.s
1739377110|Alan Donovan|M|src/cmd/compile/internal/noder/noder.go
1739377110|Alan Donovan|M|src/go/importer/importer.go
1739377110|Alan Donovan|M|src/go/types/signature.go
1739377110|Alan Donovan|M|src/io/ioutil/ioutil.go
1739377110|Alan Donovan|M|src/io/ioutil/tempfile.go
1739377110|Alan Donovan|M|src/reflect/type.go
1739534586|Artyom Litovets|M|src/internal/runtime/maps/group.go
1738331942|Andrey Bokhanko|M|src/runtime/asm_arm64.s
1734022143|Nicolas Hillegeer|M|src/runtime/proc.go
1739603399|Joel Sing|M|src/crypto/internal/fips140deps/cpu/cpu.go
1739792751|Jes Cok|M|src/os/root_test.go
1739589736|cuishuang|M|src/cmd/compile/internal/inline/inlheur/dumpscores_test.go
1739589736|cuishuang|M|src/cmd/go/internal/modload/buildlist.go
1739589736|cuishuang|M|src/compress/flate/deflate.go
1739589736|cuishuang|M|src/crypto/x509/parser.go
1739589736|cuishuang|M|src/internal/syscall/unix/faccessat_bsd.go
1739589736|cuishuang|M|src/internal/syscall/unix/faccessat_openbsd.go
1739589736|cuishuang|M|src/log/syslog/syslog.go
1739589736|cuishuang|M|src/net/http/example_filesystem_test.go
1739589736|cuishuang|M|src/net/http/request.go
1739589736|cuishuang|M|src/net/rpc/jsonrpc/client.go
1739589736|cuishuang|M|src/os/stat_windows.go
1739589736|cuishuang|M|src/os/user/cgo_lookup_unix.go
1739900174|Damien Neil|M|src/os/root.go
1739911258|Mateusz Poliwczak|M|src/cmd/compile/internal/ir/expr.go
1739911258|Mateusz Poliwczak|M|src/cmd/compile/internal/ir/sizeof_test.go
1739894634|Cuong Manh Le|M|src/cmd/compile/internal/escape/solve.go
1739894634|Cuong Manh Le|M|src/cmd/compile/internal/inline/inl.go
1739894634|Cuong Manh Le|M|src/cmd/compile/internal/ir/func.go
1739918064|David Chase|M|src/cmd/compile/internal/ssa/func.go
1739918064|David Chase|M|src/cmd/compile/internal/ssagen/ssa.go
1739918064|David Chase|M|src/runtime/panic.go
1739918064|David Chase|A|test/fixedbugs/issue71675.go
1739918064|David Chase|A|test/fixedbugs/issue71675.out
1739977673|Jes Cok|M|src/bytes/iter.go
1739977673|Jes Cok|M|src/strings/iter.go
1739466474|qiulaidongfeng|A|api/next/71122.txt
1739466474|qiulaidongfeng|A|doc/next/6-stdlib/99-minor/go/parser/71122.md
1739466474|qiulaidongfeng|M|src/go/parser/interface.go
1739791744|Mateusz Poliwczak|M|src/cmd/compile/internal/escape/utils.go
1739791744|Mateusz Poliwczak|M|test/escape_array.go
1739791744|Mateusz Poliwczak|A|test/escape_make_non_const.go
1739791744|Mateusz Poliwczak|M|test/fixedbugs/issue41635.go
1739949319|Mateusz Poliwczak|M|src/cmd/compile/internal/ir/mini.go
1739949319|Mateusz Poliwczak|M|src/cmd/compile/internal/ir/sizeof_test.go
1739480963|Dan Peterson|M|src/cmd/go/internal/cache/cache.go
1739480963|Dan Peterson|M|src/cmd/go/internal/cache/prog.go
1739480963|Dan Peterson|M|src/cmd/go/internal/cacheprog/cacheprog.go
1739558369|Michael Anthony Knyszek|M|src/runtime/mheap.go
1739558369|Michael Anthony Knyszek|M|src/weak/pointer_test.go
1738014635|Michael Pratt|M|src/internal/poll/copy_file_range_linux.go
1726143356|Meng Zhuo|M|src/cmd/dist/test.go
1726143356|Meng Zhuo|M|src/cmd/internal/obj/riscv/obj.go
1726143356|Meng Zhuo|M|src/cmd/link/internal/riscv64/asm.go
1726143356|Meng Zhuo|M|src/internal/platform/supported.go
1726143356|Meng Zhuo|M|src/runtime/asm_riscv64.s
1740003294|Roland Shoemaker|M|src/crypto/tls/common.go
1718378972|Joel Sing|M|src/cmd/asm/internal/asm/testdata/amd64enc_extra.s
1718378972|Joel Sing|M|src/cmd/internal/obj/x86/aenum.go
1718378972|Joel Sing|M|src/cmd/internal/obj/x86/anames.go
1718378972|Joel Sing|M|src/cmd/internal/obj/x86/asm6.go
1720703025|limeidan|M|src/cmd/asm/internal/asm/endtoend_test.go
1720703025|limeidan|M|src/cmd/asm/internal/asm/testdata/loong64enc1.s
1720703025|limeidan|M|src/cmd/asm/internal/asm/testdata/loong64enc2.s
1720703025|limeidan|M|src/cmd/asm/internal/asm/testdata/loong64enc3.s
1720703025|limeidan|A|src/cmd/asm/internal/asm/testdata/loong64enc4.s
1720703025|limeidan|A|src/cmd/asm/internal/asm/testdata/loong64enc5.s
1720703025|limeidan|M|src/cmd/internal/obj/loong64/a.out.go
1720703025|limeidan|M|src/cmd/internal/obj/loong64/asm.go
1720703025|limeidan|M|src/cmd/internal/obj/loong64/cnames.go
1740015469|Ian Lance Taylor|M|src/os/exec/exec_posix_test.go
1740015469|Ian Lance Taylor|M|src/syscall/exec_linux.go
1732612485|Julian Zhu|M|src/internal/runtime/atomic/atomic_mips64x.go
1732612485|Julian Zhu|M|src/internal/runtime/atomic/atomic_mips64x.s
1732612485|Julian Zhu|M|src/internal/runtime/atomic/xchg8_test.go
1740080539|Michael Pratt|M|src/debug/buildinfo/buildinfo_test.go
1740080539|Michael Pratt|D|src/debug/buildinfo/testdata/go117
1740080539|Michael Pratt|A|src/debug/buildinfo/testdata/go117/README.md
1740080539|Michael Pratt|A|src/debug/buildinfo/testdata/go117/go.mod
1740080539|Michael Pratt|A|src/debug/buildinfo/testdata/go117/go117.base64
1740080539|Michael Pratt|A|src/debug/buildinfo/testdata/go117/main.go
1740080539|Michael Pratt|D|src/debug/buildinfo/testdata/notgo
1740080539|Michael Pratt|A|src/debug/buildinfo/testdata/notgo/README.md
1740080539|Michael Pratt|A|src/debug/buildinfo/testdata/notgo/main.c
1740080539|Michael Pratt|A|src/debug/buildinfo/testdata/notgo/notgo.base64
1740072702|qmuntal|M|src/os/env_test.go
1740153231|Michael Anthony Knyszek|M|src/reflect/iter.go
1740153231|Michael Anthony Knyszek|M|src/reflect/iter_test.go
1740153231|Michael Anthony Knyszek|M|src/reflect/value.go
1740170279|Alan Yee|M|src/crypto/rand/example_test.go
1740127687|Julian Zhu|M|src/internal/runtime/atomic/atomic_mipsx.go
1740127687|Julian Zhu|M|src/internal/runtime/atomic/atomic_mipsx.s
1740127687|Julian Zhu|M|src/internal/runtime/atomic/xchg8_test.go
1731867617|Than McIntosh|M|src/cmd/internal/objabi/reloctype.go
1731867617|Than McIntosh|M|src/cmd/internal/objabi/reloctype_string.go
1731867617|Than McIntosh|M|src/cmd/link/internal/ld/data.go
1731867617|Than McIntosh|M|src/cmd/link/internal/ld/pe.go
1731947019|Than McIntosh|M|src/cmd/internal/dwarf/dwarf_defs.go
1732658881|Than McIntosh|M|src/cmd/internal/objabi/reloctype.go
1732658881|Than McIntosh|M|src/cmd/internal/objabi/reloctype_string.go
1733940927|Than McIntosh|M|src/cmd/compile/internal/gc/compile.go
1733940927|Than McIntosh|M|src/cmd/internal/dwarf/dwarf.go
1733940927|Than McIntosh|M|src/cmd/internal/dwarf/dwarf_defs.go
1733940927|Than McIntosh|M|src/cmd/internal/obj/data.go
1733940927|Than McIntosh|M|src/cmd/internal/obj/dwarf.go
1733940927|Than McIntosh|M|src/cmd/internal/obj/link.go
1733940927|Than McIntosh|M|src/cmd/link/internal/dwtest/dwtest.go
1733940927|Than McIntosh|M|src/cmd/link/internal/ld/data.go
1733940927|Than McIntosh|M|src/cmd/link/internal/ld/data_test.go
1733940927|Than McIntosh|M|src/cmd/link/internal/ld/dwarf.go
1733940927|Than McIntosh|M|src/cmd/link/internal/ld/dwarf_test.go
1733940927|Than McIntosh|M|src/cmd/link/internal/sym/compilation_unit.go
1740257796|Tobias Klauser|M|src/syscall/env_unix.go
1725458512|Joel Sing|M|src/cmd/compile/internal/ssa/_gen/ARM64latelower.rules
1725458512|Joel Sing|M|src/cmd/compile/internal/ssa/rewriteARM64latelower.go
1740265377|Albert Sundjaja|M|src/net/unixsock_linux_test.go
1740265377|Albert Sundjaja|M|src/net/unixsock_windows_test.go
1740265377|Albert Sundjaja|M|src/syscall/syscall_linux.go
1740265377|Albert Sundjaja|M|src/syscall/syscall_windows.go
1740307403|Harald Nordgren|M|src/net/http/transport.go
1740082355|Ian Lance Taylor|A|doc/next/6-stdlib/99-minor/net/56025.md
1740082355|Ian Lance Taylor|M|src/net/dnsclient_unix_test.go
1740082355|Ian Lance Taylor|M|src/net/lookup.go
1740092496|Robert Griesemer|M|src/cmd/compile/internal/types2/compilersupport.go
1740092496|Robert Griesemer|M|src/cmd/compile/internal/types2/stmt.go
1740092496|Robert Griesemer|M|src/cmd/compile/internal/types2/under.go
1740092496|Robert Griesemer|M|src/go/types/stmt.go
1740092496|Robert Griesemer|M|src/go/types/under.go
1740092496|Robert Griesemer|M|src/internal/types/testdata/check/typeparams.go
1740092496|Robert Griesemer|M|src/internal/types/testdata/spec/range.go
1740092496|Robert Griesemer|M|src/internal/types/testdata/spec/range_int.go
1740437250|Robert Griesemer|M|src/cmd/compile/internal/types2/stmt.go
1740437250|Robert Griesemer|M|src/go/types/stmt.go
1740437250|Robert Griesemer|M|src/internal/types/testdata/spec/range.go
1740438055|Robert Griesemer|M|src/cmd/compile/internal/types2/lookup.go
1740438055|Robert Griesemer|M|src/go/types/lookup.go
1739556062|Carlos Amedee|M|src/weak/pointer_test.go
1738278679|Robert Griesemer|M|doc/go_spec.html
1740503609|Filippo Valsorda|M|src/crypto/internal/fips140test/fips_test.go
1740335640|khr@golang.org|M|src/cmd/compile/internal/ssa/regalloc.go
1740335640|khr@golang.org|A|test/fixedbugs/issue71857.go
1740147532|Jes Cok|M|src/encoding/json/encode.go
1739964482|Filippo Valsorda|A|doc/next/6-stdlib/99-minor/crypto/tls/fips.md
1739964482|Filippo Valsorda|M|src/crypto/tls/handshake_client.go
1739964482|Filippo Valsorda|M|src/crypto/tls/handshake_server.go
1722177774|Brian Byrne|M|src/cmd/compile/internal/test/inl_test.go
1722177774|Brian Byrne|M|src/sync/oncefunc.go
1722177774|Brian Byrne|M|src/sync/oncefunc_test.go
1740388861|qmuntal|M|src/cmd/cgo/internal/swig/swig_test.go
1740388861|qmuntal|M|src/cmd/cgo/internal/testcarchive/carchive_test.go
1740388861|qmuntal|M|src/cmd/cgo/internal/testcshared/cshared_test.go
1740388861|qmuntal|M|src/cmd/cgo/internal/testerrors/argposition_test.go
1740388861|qmuntal|M|src/cmd/cgo/internal/testerrors/badsym_test.go
1740388861|qmuntal|M|src/cmd/cgo/internal/testerrors/errors_test.go
1740388861|qmuntal|M|src/cmd/cgo/internal/testerrors/ptr_test.go
1740388861|qmuntal|M|src/cmd/cgo/internal/testfortran/fortran_test.go
1740388861|qmuntal|M|src/cmd/cgo/internal/testgodefs/testgodefs_test.go
1740388861|qmuntal|M|src/cmd/cgo/internal/testlife/life_test.go
1740388861|qmuntal|M|src/cmd/cgo/internal/testso/so_test.go
1740388861|qmuntal|M|src/cmd/cgo/internal/teststdio/stdio_test.go
1740388861|qmuntal|M|src/cmd/compile/internal/importer/gcimporter_test.go
1740388861|qmuntal|M|src/internal/godebug/godebug_test.go
1740388861|qmuntal|M|src/runtime/internal/wasitest/nonblock_test.go
1740388861|qmuntal|M|src/runtime/internal/wasitest/tcpecho_test.go
1739879795|Egon Elbre|M|src/crypto/internal/fips140/edwards25519/field/fe.go
1739879795|Egon Elbre|D|src/crypto/internal/fips140/edwards25519/field/fe_arm64.go
1739879795|Egon Elbre|D|src/crypto/internal/fips140/edwards25519/field/fe_arm64.s
1739879795|Egon Elbre|D|src/crypto/internal/fips140/edwards25519/field/fe_arm64_noasm.go
1739879795|Egon Elbre|M|src/crypto/internal/fips140/edwards25519/field/fe_generic.go
1739879795|Egon Elbre|M|src/crypto/internal/fips140/edwards25519/field/fe_test.go
1740480375|Tobias Klauser|M|src/os/root_openat.go
1740480375|Tobias Klauser|M|src/os/root_unix.go
1740480375|Tobias Klauser|M|src/syscall/badlinkname_unix.go
1740509489|Ian Lance Taylor|M|src/cmd/compile/doc.go
1740526839|Ian Lance Taylor|M|src/runtime/msan.go
1740526839|Ian Lance Taylor|M|src/runtime/msan/msan.go
1740526839|Ian Lance Taylor|M|src/runtime/msan_amd64.s
1740526839|Ian Lance Taylor|M|src/runtime/msan_arm64.s
1740526839|Ian Lance Taylor|M|src/runtime/msan_loong64.s
1740578644|Cuong Manh Le|M|src/cmd/compile/internal/test/issue71943_test.go
1740431249|Keith Randall|M|src/cmd/compile/internal/ssa/_gen/ARM64.rules
1740431249|Keith Randall|M|src/cmd/compile/internal/ssa/rewriteARM64.go
1740431249|Keith Randall|A|test/fixedbugs/issue71932.go
1740548132|Ian Lance Taylor|M|src/runtime/cgo/cgo.go
1740548132|Ian Lance Taylor|M|src/runtime/cgo/gcc_libinit.c
1740548132|Ian Lance Taylor|M|src/runtime/cgo/gcc_libinit_windows.c
1740514032|Mateusz Poliwczak|M|src/sync/oncefunc.go
1740514032|Mateusz Poliwczak|M|src/sync/oncefunc_test.go
1740572480|Egon Elbre|M|src/crypto/internal/fips140/edwards25519/field/_asm/fe_amd64_asm.go
1740572480|Egon Elbre|M|src/crypto/internal/fips140/edwards25519/field/fe_amd64.s
1740587518|Mateusz Poliwczak|M|src/net/lookup_plan9.go
1740522102|Keith Randall|M|src/cmd/internal/obj/arm/obj5.go
1740522102|Keith Randall|M|src/runtime/asm_386.s
1740522102|Keith Randall|M|src/runtime/asm_amd64.s
1740522102|Keith Randall|M|src/runtime/asm_arm.s
1740522102|Keith Randall|M|src/runtime/asm_arm64.s
1740522102|Keith Randall|M|src/runtime/asm_loong64.s
1740522102|Keith Randall|M|src/runtime/asm_mips64x.s
1740522102|Keith Randall|M|src/runtime/asm_mipsx.s
1740522102|Keith Randall|M|src/runtime/asm_ppc64x.s
1740522102|Keith Randall|M|src/runtime/asm_riscv64.s
1740522102|Keith Randall|M|src/runtime/asm_s390x.s
1740522102|Keith Randall|M|src/runtime/asm_wasm.s
1740522102|Keith Randall|M|src/runtime/proc.go
1740522102|Keith Randall|M|src/runtime/runtime2.go
1740522102|Keith Randall|M|src/runtime/sizeof_test.go
1740451850|Guoqi Chen|M|src/runtime/asm_loong64.s
1740451850|Guoqi Chen|M|src/runtime/cgo/gcc_loong64.S
1718643647|Joel Sing|M|src/cmd/asm/internal/asm/testdata/riscv64.s
1718643647|Joel Sing|M|src/cmd/asm/internal/asm/testdata/riscv64error.s
1718643647|Joel Sing|M|src/cmd/internal/obj/riscv/anames.go
1718643647|Joel Sing|M|src/cmd/internal/obj/riscv/cpu.go
1718643647|Joel Sing|M|src/cmd/internal/obj/riscv/obj.go
1739726230|Russ Cox|M|src/math/big/nat_test.go
1737213613|Russ Cox|M|src/math/big/intconv_test.go
1737213613|Russ Cox|M|src/math/big/natconv_test.go
1737153551|Russ Cox|M|src/math/big/nat.go
1737153551|Russ Cox|A|src/math/big/natmul.go
1740616992|Lin Lin|M|src/cmd/go/alldocs.go
1740616992|Lin Lin|M|src/cmd/go/internal/help/helpdoc.go
1740587506|Jes Cok|M|src/flag/flag.go
1737549753|Filippo Valsorda|M|src/crypto/x509/x509.go
1740703973|Jes Cok|M|src/reflect/iter_test.go
1740703973|Jes Cok|M|src/reflect/type_test.go
1740635812|guoguangwu|M|src/cmd/covdata/metamerge.go
1734337897|limeidan|M|src/cmd/asm/internal/asm/testdata/loong64enc1.s
1734337897|limeidan|M|src/cmd/asm/internal/asm/testdata/loong64enc2.s
1734337897|limeidan|M|src/cmd/internal/obj/loong64/a.out.go
1734337897|limeidan|M|src/cmd/internal/obj/loong64/asm.go
1734337897|limeidan|M|src/cmd/internal/obj/loong64/cnames.go
1740770504|qmuntal|M|src/cmd/go/internal/work/action.go
1740770504|qmuntal|M|src/cmd/go/internal/work/buildid.go
1740662808|Joel Sing|M|src/runtime/runtime2.go
1740890085|Brad Fitzpatrick|M|src/net/interface_plan9.go
1740592651|Robert Griesemer|M|src/cmd/compile/internal/types2/builtins.go
1740592651|Robert Griesemer|M|src/go/types/builtins.go
1740592651|Robert Griesemer|M|src/internal/types/testdata/fixedbugs/issue49735.go
1740611670|Robert Griesemer|M|src/cmd/compile/internal/types2/builtins.go
1740611670|Robert Griesemer|M|src/cmd/compile/internal/types2/call.go
1740611670|Robert Griesemer|M|src/cmd/compile/internal/types2/lookup.go
1740611670|Robert Griesemer|M|src/cmd/compile/internal/types2/stmt.go
1740611670|Robert Griesemer|M|src/cmd/compile/internal/types2/under.go
1740611670|Robert Griesemer|M|src/go/types/builtins.go
1740611670|Robert Griesemer|M|src/go/types/call.go
1740611670|Robert Griesemer|M|src/go/types/lookup.go
1740611670|Robert Griesemer|M|src/go/types/stmt.go
1740611670|Robert Griesemer|M|src/go/types/under.go
1740611670|Robert Griesemer|M|src/internal/types/testdata/check/builtins1.go
1741001281|qmuntal|M|src/os/file_windows.go
1741033611|Robert Griesemer|M|src/cmd/compile/internal/types2/index.go
1741033611|Robert Griesemer|M|src/cmd/compile/internal/types2/infer.go
1741033611|Robert Griesemer|M|src/cmd/compile/internal/types2/signature.go
1741033611|Robert Griesemer|M|src/go/types/index.go
1741033611|Robert Griesemer|M|src/go/types/infer.go
1741033611|Robert Griesemer|M|src/go/types/signature.go
1741033611|Robert Griesemer|M|src/internal/types/testdata/check/typeparams.go
1735524538|Xiaolin Zhao|M|src/cmd/asm/internal/asm/testdata/loong64enc1.s
1735524538|Xiaolin Zhao|M|src/cmd/internal/obj/loong64/a.out.go
1735524538|Xiaolin Zhao|M|src/cmd/internal/obj/loong64/anames.go
1735524538|Xiaolin Zhao|M|src/cmd/internal/obj/loong64/asm.go
1740620623|Egon Elbre|M|src/crypto/internal/fips140/bigmod/_asm/go.mod
1740620623|Egon Elbre|M|src/crypto/internal/fips140/bigmod/_asm/go.sum
1733962858|Than McIntosh|M|src/cmd/internal/dwarf/dwarf.go
1733962858|Than McIntosh|M|src/cmd/internal/dwarf/dwarf_defs.go
1733962858|Than McIntosh|M|src/cmd/link/internal/ld/dwarf.go
1708413491|wineandchord|M|src/net/http/server.go
1734863336|Simon Ser|M|src/mime/quotedprintable/reader.go
1734863336|Simon Ser|M|src/mime/quotedprintable/reader_test.go
1741022486|Brad Fitzpatrick|M|src/os/export_test.go
1741022486|Brad Fitzpatrick|M|src/os/file.go
1741022486|Brad Fitzpatrick|M|src/os/os_test.go
1741022486|Brad Fitzpatrick|M|src/os/root.go
1738415944|Lénaïc Huard|M|src/internal/runtime/syscall/defs_linux.go
1738415944|Lénaïc Huard|M|src/internal/runtime/syscall/defs_linux_386.go
1738415944|Lénaïc Huard|M|src/internal/runtime/syscall/defs_linux_amd64.go
1738415944|Lénaïc Huard|M|src/internal/runtime/syscall/defs_linux_arm.go
1738415944|Lénaïc Huard|M|src/internal/runtime/syscall/defs_linux_arm64.go
1738415944|Lénaïc Huard|M|src/internal/runtime/syscall/defs_linux_loong64.go
1738415944|Lénaïc Huard|M|src/internal/runtime/syscall/defs_linux_mips64x.go
1738415944|Lénaïc Huard|M|src/internal/runtime/syscall/defs_linux_mipsx.go
1738415944|Lénaïc Huard|M|src/internal/runtime/syscall/defs_linux_ppc64x.go
1738415944|Lénaïc Huard|M|src/internal/runtime/syscall/defs_linux_riscv64.go
1738415944|Lénaïc Huard|M|src/internal/runtime/syscall/defs_linux_s390x.go
1738415944|Lénaïc Huard|M|src/runtime/arena.go
1738415944|Lénaïc Huard|M|src/runtime/debuglog.go
1738415944|Lénaïc Huard|M|src/runtime/export_test.go
1738415944|Lénaïc Huard|M|src/runtime/heapdump.go
1738415944|Lénaïc Huard|M|src/runtime/malloc.go
1738415944|Lénaïc Huard|M|src/runtime/mem.go
1738415944|Lénaïc Huard|M|src/runtime/mem_aix.go
1738415944|Lénaïc Huard|M|src/runtime/mem_bsd.go
1738415944|Lénaïc Huard|M|src/runtime/mem_darwin.go
1738415944|Lénaïc Huard|M|src/runtime/mem_linux.go
1738415944|Lénaïc Huard|M|src/runtime/mem_sbrk.go
1738415944|Lénaïc Huard|M|src/runtime/mem_windows.go
1738415944|Lénaïc Huard|M|src/runtime/mheap.go
1738415944|Lénaïc Huard|M|src/runtime/mpagealloc.go
1738415944|Lénaïc Huard|M|src/runtime/mpagealloc_32bit.go
1738415944|Lénaïc Huard|M|src/runtime/mpagealloc_64bit.go
1738415944|Lénaïc Huard|M|src/runtime/mprof.go
1738415944|Lénaïc Huard|M|src/runtime/os_freebsd.go
1738415944|Lénaïc Huard|M|src/runtime/os_linux.go
1738415944|Lénaïc Huard|A|src/runtime/set_vma_name_linux.go
1738415944|Lénaïc Huard|A|src/runtime/set_vma_name_stub.go
1738415944|Lénaïc Huard|M|src/runtime/stack.go
1738415944|Lénaïc Huard|M|src/runtime/tracebuf.go
1738415944|Lénaïc Huard|M|src/runtime/traceregion.go
1738415944|Lénaïc Huard|M|src/runtime/vgetrandom_linux.go
1741117529|Junyang Shao|M|src/go.mod
1741117529|Junyang Shao|M|src/go.sum
1741117529|Junyang Shao|M|src/net/http/h2_bundle.go
1741117529|Junyang Shao|M|src/net/http/internal/httpcommon/httpcommon.go
1741117529|Junyang Shao|M|src/vendor/golang.org/x/net/http/httpproxy/proxy.go
1741117529|Junyang Shao|M|src/vendor/modules.txt
1741130428|Damien Neil|M|src/net/http/serve_test.go
1741130428|Damien Neil|M|src/net/http/server.go
1741008855|Jes Cok|M|src/testing/example.go
1734787887|go101|M|src/cmd/compile/internal/test/issue62407_test.go
1741128437|rorycl|M|src/text/template/examplefunc_test.go
1740779864|Michael Matloob|M|src/cmd/go/go_test.go
1740779864|Michael Matloob|M|src/cmd/go/note_test.go
1740779864|Michael Matloob|M|src/cmd/go/testdata/script/build_GOTMPDIR.txt
1740779864|Michael Matloob|M|src/cmd/go/testdata/script/cgo_path.txt
1740779864|Michael Matloob|M|src/cmd/go/testdata/script/clean_cache_n.txt
1740779864|Michael Matloob|M|src/cmd/go/testdata/script/goauth_userauth.txt
1740779864|Michael Matloob|M|src/cmd/go/testdata/script/test_skip.txt
1740779864|Michael Matloob|M|src/cmd/go/testdata/script/vet_flags.txt
1740779864|Michael Matloob|M|src/cmd/go/testdata/script/work.txt
1684523479|Sean Liao|M|src/html/template/error.go
1741200252|David Chase|M|src/cmd/compile/internal/inline/inl.go
1741200252|David Chase|A|test/fixedbugs/issue72090.go
1734613662|Xiaolin Zhao|M|src/cmd/asm/internal/asm/testdata/loong64enc1.s
1734613662|Xiaolin Zhao|M|src/cmd/internal/obj/loong64/a.out.go
1734613662|Xiaolin Zhao|M|src/cmd/internal/obj/loong64/anames.go
1734613662|Xiaolin Zhao|M|src/cmd/internal/obj/loong64/asm.go
1741168061|limeidan|M|src/cmd/link/internal/loong64/asm.go
1734714360|Filippo Valsorda|M|src/crypto/aes/aes_test.go
1734714360|Filippo Valsorda|M|src/crypto/cipher/cbc_test.go
1734714360|Filippo Valsorda|M|src/crypto/cipher/ctr_test.go
1734714360|Filippo Valsorda|M|src/crypto/cipher/gcm_test.go
1734714360|Filippo Valsorda|A|src/crypto/internal/cryptotest/methods.go
1734714360|Filippo Valsorda|M|src/crypto/md5/md5_test.go
1734714360|Filippo Valsorda|M|src/crypto/sha1/sha1_test.go
1734714360|Filippo Valsorda|M|src/crypto/sha256/sha256_test.go
1734714360|Filippo Valsorda|M|src/crypto/sha512/sha512_test.go
1741203824|Russ Cox|M|src/math/big/alias_test.go
1741203824|Russ Cox|M|src/math/big/natdiv.go
1734084009|Xiaolin Zhao|M|src/cmd/asm/internal/asm/testdata/loong64enc1.s
1734084009|Xiaolin Zhao|M|src/cmd/internal/obj/loong64/a.out.go
1734084009|Xiaolin Zhao|M|src/cmd/internal/obj/loong64/anames.go
1734084009|Xiaolin Zhao|M|src/cmd/internal/obj/loong64/asm.go
1741263832|Olivier Mengué|M|src/os/file.go
1741263832|Olivier Mengué|M|src/os/file_plan9.go
1741263832|Olivier Mengué|M|src/os/file_posix.go
1741263832|Olivier Mengué|M|src/os/file_unix.go
1741263832|Olivier Mengué|M|src/os/file_windows.go
1741263832|Olivier Mengué|M|src/os/root.go
1741202835|David Chase|M|src/cmd/cgo/internal/test/issue42018_windows.go
1741202835|David Chase|M|src/cmd/compile/internal/inline/inl.go
1741202835|David Chase|M|src/runtime/pprof/proto_test.go
1741202835|David Chase|M|test/fixedbugs/issue40954.go
1741202835|David Chase|M|test/fixedbugs/issue52193.go
1741202835|David Chase|M|test/fixedbugs/issue54159.go
1741202835|David Chase|M|test/inline.go
1741202835|David Chase|M|test/loopbce.go
1741202835|David Chase|M|test/newinline.go
1737065102|Michael Matloob|M|src/cmd/go/internal/load/search.go
1737065102|Michael Matloob|M|src/cmd/go/internal/modload/load.go
1737065102|Michael Matloob|M|src/cmd/go/internal/search/search.go
1737065102|Michael Matloob|A|src/cmd/go/testdata/script/build_perpkgflag.txt
1737065102|Michael Matloob|A|src/cmd/go/testdata/script/list_pattern_work.txt
1741043507|Robert Griesemer|M|src/cmd/compile/internal/types2/builtins.go
1741043507|Robert Griesemer|M|src/cmd/compile/internal/types2/call.go
1741043507|Robert Griesemer|M|src/cmd/compile/internal/types2/compilersupport.go
1741043507|Robert Griesemer|M|src/cmd/compile/internal/types2/expr.go
1741043507|Robert Griesemer|M|src/cmd/compile/internal/types2/infer.go
1741043507|Robert Griesemer|M|src/cmd/compile/internal/types2/literals.go
1741043507|Robert Griesemer|M|src/cmd/compile/internal/types2/lookup.go
1741043507|Robert Griesemer|M|src/cmd/compile/internal/types2/predicates.go
1741043507|Robert Griesemer|M|src/cmd/compile/internal/types2/stmt.go
1741043507|Robert Griesemer|M|src/cmd/compile/internal/types2/under.go
1741043507|Robert Griesemer|M|src/cmd/compile/internal/types2/unify.go
1741043507|Robert Griesemer|M|src/go/types/builtins.go
1741043507|Robert Griesemer|M|src/go/types/call.go
1741043507|Robert Griesemer|M|src/go/types/expr.go
1741043507|Robert Griesemer|M|src/go/types/infer.go
1741043507|Robert Griesemer|M|src/go/types/literals.go
1741043507|Robert Griesemer|M|src/go/types/lookup.go
1741043507|Robert Griesemer|M|src/go/types/predicates.go
1741043507|Robert Griesemer|M|src/go/types/stmt.go
1741043507|Robert Griesemer|M|src/go/types/under.go
1741043507|Robert Griesemer|M|src/go/types/unify.go
1741043507|Robert Griesemer|M|src/internal/types/testdata/fixedbugs/issue43671.go
1741043507|Robert Griesemer|M|src/internal/types/testdata/fixedbugs/issue47115.go
1741106845|Robert Griesemer|M|src/cmd/compile/internal/types2/expr.go
1741106845|Robert Griesemer|M|src/cmd/compile/internal/types2/instantiate.go
1741106845|Robert Griesemer|M|src/cmd/compile/internal/types2/predicates.go
1741106845|Robert Griesemer|M|src/cmd/compile/internal/types2/typeset.go
1741106845|Robert Griesemer|M|src/cmd/compile/internal/types2/under.go
1741106845|Robert Griesemer|M|src/go/types/expr.go
1741106845|Robert Griesemer|M|src/go/types/instantiate.go
1741106845|Robert Griesemer|M|src/go/types/predicates.go
1741106845|Robert Griesemer|M|src/go/types/typeset.go
1741106845|Robert Griesemer|M|src/go/types/under.go
1741106845|Robert Griesemer|M|src/internal/types/testdata/spec/comparisons.go
1741283931|Robert Griesemer|A|src/cmd/compile/internal/types2/range.go
1741283931|Robert Griesemer|M|src/cmd/compile/internal/types2/stmt.go
1741283931|Robert Griesemer|M|src/go/types/generate_test.go
1741283931|Robert Griesemer|A|src/go/types/range.go
1741283931|Robert Griesemer|M|src/go/types/stmt.go
1741371231|Rob Findley|M|src/cmd/compile/internal/types2/check.go
1741371231|Rob Findley|M|src/go/types/check.go
1741221662|linmaolin|M|src/text/template/examplefunc_test.go
1741249395|Olivier Mengué|M|src/compress/flate/deflate.go
1741249395|Olivier Mengué|M|src/compress/flate/inflate.go
1741249395|Olivier Mengué|M|src/compress/gzip/gunzip.go
1741249395|Olivier Mengué|M|src/compress/lzw/reader.go
1741354889|Tobias Klauser|M|src/os/dir.go
1741354889|Tobias Klauser|M|src/os/export_test.go
1741354889|Tobias Klauser|M|src/os/file_unix.go
1741296298|Damien Neil|M|src/net/http/httputil/reverseproxy.go
1741296298|Damien Neil|M|src/net/http/httputil/reverseproxy_test.go
1741373614|Michael Pratt|M|doc/godebug.md
1741373614|Michael Pratt|M|doc/next/4-runtime.md
1741373614|Michael Pratt|A|src/cmd/go/testdata/script/godebug_decoratemappings.txt
1741373614|Michael Pratt|M|src/internal/godebugs/table.go
1741373614|Michael Pratt|M|src/runtime/extern.go
1741373614|Michael Pratt|M|src/runtime/runtime1.go
1741373614|Michael Pratt|M|src/runtime/set_vma_name_linux.go
1741373614|Michael Pratt|A|test/decoratemappingszero.go
1741374988|Than McIntosh|M|src/debug/dwarf/entry.go
1741374988|Than McIntosh|M|src/debug/dwarf/entry_test.go
1741374988|Than McIntosh|A|src/debug/dwarf/testdata/issue57046-clang.elf5
1741374988|Than McIntosh|A|src/debug/dwarf/testdata/issue57046_part1.c
1741374988|Than McIntosh|A|src/debug/dwarf/testdata/issue57046_part2.c
1741374988|Than McIntosh|M|src/debug/dwarf/unit.go
1740605501|Michael Matloob|M|src/cmd/go/internal/cache/cache.go
1740605501|Michael Matloob|M|src/cmd/go/internal/mmap/mmap.go
1741339940|Prabhav Dogra|M|src/internal/runtime/atomic/atomic_386.s
1741339940|Prabhav Dogra|M|src/internal/runtime/atomic/atomic_amd64.s
1741339940|Prabhav Dogra|M|src/internal/runtime/atomic/atomic_arm.s
1741339940|Prabhav Dogra|M|src/internal/runtime/atomic/atomic_arm64.s
1741339940|Prabhav Dogra|M|src/internal/runtime/atomic/atomic_loong64.s
1741339940|Prabhav Dogra|M|src/internal/runtime/atomic/atomic_mips64x.s
1741339940|Prabhav Dogra|M|src/internal/runtime/atomic/atomic_mipsx.s
1741339940|Prabhav Dogra|M|src/internal/runtime/atomic/atomic_ppc64x.s
1741339940|Prabhav Dogra|M|src/internal/runtime/atomic/atomic_riscv64.s
1741339940|Prabhav Dogra|M|src/internal/runtime/atomic/sys_nonlinux_arm.s
1739979050|Daniel McCarney|M|src/crypto/tls/bogo_config.json
1739979050|Daniel McCarney|M|src/crypto/tls/conn.go
1739988636|Daniel McCarney|M|src/crypto/tls/bogo_config.json
1740603565|Daniel McCarney|M|src/crypto/tls/bogo_config.json
1740603565|Daniel McCarney|M|src/crypto/tls/handshake_client.go
1731555339|Xiaolin Zhao|M|src/cmd/compile/internal/loong64/ssa.go
1731555339|Xiaolin Zhao|M|src/cmd/compile/internal/ssa/_gen/LOONG64.rules
1731555339|Xiaolin Zhao|M|src/cmd/compile/internal/ssa/_gen/LOONG64Ops.go
1731555339|Xiaolin Zhao|M|src/cmd/compile/internal/ssa/opGen.go
1731555339|Xiaolin Zhao|M|src/cmd/compile/internal/ssa/rewriteLOONG64.go
1731555339|Xiaolin Zhao|M|test/codegen/shift.go
1741304641|Robert Griesemer|M|src/cmd/compile/internal/types2/builtins.go
1741304641|Robert Griesemer|M|src/cmd/compile/internal/types2/under.go
1741304641|Robert Griesemer|M|src/go/types/builtins.go
1741304641|Robert Griesemer|M|src/go/types/under.go
1741304641|Robert Griesemer|M|src/internal/types/testdata/check/builtins0.go
1741304641|Robert Griesemer|M|src/internal/types/testdata/check/builtins1.go
1741304641|Robert Griesemer|M|src/internal/types/testdata/fixedbugs/issue49735.go
1741304641|Robert Griesemer|M|test/copy1.go
1741304641|Robert Griesemer|M|test/fixedbugs/issue7310.go
1741375598|Robert Griesemer|M|src/cmd/compile/internal/types2/index.go
1741375598|Robert Griesemer|M|src/cmd/compile/internal/types2/under.go
1741375598|Robert Griesemer|M|src/go/types/index.go
1741375598|Robert Griesemer|M|src/go/types/under.go
1741375598|Robert Griesemer|M|src/internal/types/testdata/check/typeparams.go
1741375598|Robert Griesemer|M|test/complit1.go
1741375598|Robert Griesemer|M|test/fixedbugs/bug022.go
1737060295|Michael Matloob|M|doc/godebug.md
1737060295|Michael Matloob|M|src/cmd/go/internal/load/pkg.go
1737060295|Michael Matloob|M|src/cmd/go/testdata/script/embed.txt
1737060295|Michael Matloob|M|src/internal/godebugs/table.go
1737060295|Michael Matloob|M|src/runtime/metrics/doc.go
1741632310|Brad Fitzpatrick|M|src/net/fd_plan9.go
1741632310|Brad Fitzpatrick|M|src/net/net_test.go
1741420075|1911860538|M|src/net/mail/message.go
1741512066|Jorropo|M|src/cmd/compile/internal/ssa/_gen/generic.rules
1741512066|Jorropo|M|src/cmd/compile/internal/ssa/rewritegeneric.go
1739824058|Alexander Musman|M|src/cmd/compile/internal/inline/interleaved/interleaved.go
1739824058|Alexander Musman|M|src/cmd/compile/internal/ir/node_gen.go
1739824058|Alexander Musman|M|src/cmd/compile/internal/ir/stmt.go
1739824058|Alexander Musman|M|src/cmd/compile/internal/noder/reader.go
1739824058|Alexander Musman|M|src/cmd/compile/internal/ssagen/ssa.go
1739824058|Alexander Musman|M|src/cmd/compile/internal/typecheck/stmt.go
1739824058|Alexander Musman|M|src/cmd/compile/internal/walk/stmt.go
1739824058|Alexander Musman|M|test/tailcall.go
1741599368|qmuntal|M|src/os/os_test.go
1741487534|Ian Lance Taylor|M|src/net/http/server.go
1741688870|cuishuang|M|src/cmp/cmp_test.go
1741230404|Guoqi Chen|M|src/internal/bytealg/bytealg.go
1741230404|Guoqi Chen|M|src/internal/bytealg/count_generic.go
1741230404|Guoqi Chen|A|src/internal/bytealg/count_loong64.s
1741230404|Guoqi Chen|M|src/internal/bytealg/count_native.go
1741230404|Guoqi Chen|M|src/internal/cpu/cpu.go
1741230404|Guoqi Chen|M|src/internal/cpu/cpu_loong64.go
1741230404|Guoqi Chen|M|src/internal/cpu/cpu_loong64_hwcap.go
1741262844|Guoqi Chen|M|src/internal/cpu/cpu_loong64.go
1741527901|Jorropo|M|test/prove.go
1741742351|Than McIntosh|M|src/internal/buildcfg/exp.go
1741527589|Jorropo|M|src/cmd/compile/internal/ssa/prove.go
1741527589|Jorropo|M|test/prove_popcount.go
1741534776|Jorropo|M|src/cmd/compile/internal/ssa/_gen/generic.rules
1741534776|Jorropo|M|src/cmd/compile/internal/ssa/rewrite.go
1741534776|Jorropo|M|src/cmd/compile/internal/ssa/rewritegeneric.go
1741149803|Russ Cox|M|src/cmd/compile/internal/ssa/_gen/AMD64.rules
1741149803|Russ Cox|M|src/cmd/compile/internal/ssa/config.go
1741149803|Russ Cox|M|src/cmd/compile/internal/ssa/rewriteAMD64.go
1741365007|Russ Cox|M|src/cmd/compile/internal/ssa/_gen/386.rules
1741365007|Russ Cox|M|src/cmd/compile/internal/ssa/_gen/AMD64.rules
1741365007|Russ Cox|M|src/cmd/compile/internal/ssa/_gen/ARM.rules
1741365007|Russ Cox|M|src/cmd/compile/internal/ssa/_gen/ARM64.rules
1741365007|Russ Cox|M|src/cmd/compile/internal/ssa/_gen/LOONG64.rules
1741365007|Russ Cox|M|src/cmd/compile/internal/ssa/_gen/MIPS64.rules
1741365007|Russ Cox|M|src/cmd/compile/internal/ssa/_gen/RISCV64.rules
1741365007|Russ Cox|M|src/cmd/compile/internal/ssa/config.go
1741365007|Russ Cox|M|src/cmd/compile/internal/ssa/rewrite386.go
1741365007|Russ Cox|M|src/cmd/compile/internal/ssa/rewriteAMD64.go
1741365007|Russ Cox|M|src/cmd/compile/internal/ssa/rewriteARM.go
1741365007|Russ Cox|M|src/cmd/compile/internal/ssa/rewriteARM64.go
1741365007|Russ Cox|M|src/cmd/compile/internal/ssa/rewriteLOONG64.go
1741365007|Russ Cox|M|src/cmd/compile/internal/ssa/rewriteMIPS64.go
1741365007|Russ Cox|M|src/cmd/compile/internal/ssa/rewriteRISCV64.go
1741372261|Russ Cox|M|src/runtime/malloc.go
1741780549|Joel Sing|M|src/cmd/compile/internal/ssagen/intrinsics.go
1741795511|Than McIntosh|M|src/cmd/internal/dwarf/dwarf.go
1741627943|Michael Matloob|M|src/cmd/go/internal/modload/init.go
1741627943|Michael Matloob|M|src/cmd/go/testdata/script/gotoolchain_modcmds.txt
1741627943|Michael Matloob|M|src/cmd/go/testdata/script/mod_download_exec_toolchain.txt
1741627943|Michael Matloob|M|src/cmd/go/testdata/script/mod_get_exec_toolchain.txt
1741627943|Michael Matloob|M|src/cmd/go/testdata/script/mod_get_toolchain.txt
1741627943|Michael Matloob|M|src/cmd/go/testdata/script/mod_import_toolchain.txt
1741627943|Michael Matloob|M|src/cmd/go/testdata/script/mod_tidy_version.txt
1741627943|Michael Matloob|M|src/cmd/go/testdata/script/mod_toolchain.txt
1741627943|Michael Matloob|M|src/cmd/go/testdata/script/work_get_toolchain.txt
1741627943|Michael Matloob|M|src/cmd/go/testdata/script/work_sync_toolchain.txt
1741627943|Michael Matloob|M|src/cmd/go/testdata/script/work_use_toolchain.txt
1734315857|Xiaolin Zhao|M|src/cmd/asm/internal/asm/testdata/loong64enc1.s
1734315857|Xiaolin Zhao|M|src/cmd/internal/obj/loong64/a.out.go
1734315857|Xiaolin Zhao|M|src/cmd/internal/obj/loong64/anames.go
1734315857|Xiaolin Zhao|M|src/cmd/internal/obj/loong64/asm.go
1741786767|Joel Sing|M|src/cmd/link/elf_test.go
1741802901|Than McIntosh|M|src/cmd/internal/dwarf/dwarf.go
1741773550|Tobias Klauser|M|src/syscall/syscall_linux_test.go
1741806884|Michael Matloob|M|doc/next/3-tools.md
1740661273|Filippo Valsorda|A|api/next/67516.txt
1740661273|Filippo Valsorda|A|doc/next/6-stdlib/99-minor/crypto/tls/67516.md
1740661273|Filippo Valsorda|M|src/crypto/tls/common.go
1740661273|Filippo Valsorda|M|src/crypto/tls/conn.go
1740661273|Filippo Valsorda|M|src/crypto/tls/handshake_client.go
1740661273|Filippo Valsorda|M|src/crypto/tls/handshake_messages_test.go
1740661273|Filippo Valsorda|M|src/crypto/tls/handshake_server.go
1740661273|Filippo Valsorda|M|src/crypto/tls/handshake_server_test.go
1740661273|Filippo Valsorda|M|src/crypto/tls/testdata/Server-TLSv10-ExportKeyingMaterial
1740661273|Filippo Valsorda|M|src/crypto/tls/testdata/Server-TLSv12-ALPN
1740661273|Filippo Valsorda|M|src/crypto/tls/testdata/Server-TLSv12-ALPN-Fallback
1740661273|Filippo Valsorda|M|src/crypto/tls/testdata/Server-TLSv12-ALPN-NotConfigured
1740661273|Filippo Valsorda|M|src/crypto/tls/testdata/Server-TLSv12-ExportKeyingMaterial
1740661273|Filippo Valsorda|M|src/crypto/tls/testdata/Server-TLSv12-IssueTicket
1740661273|Filippo Valsorda|M|src/crypto/tls/testdata/Server-TLSv12-IssueTicketPreDisable
1740661273|Filippo Valsorda|M|src/crypto/tls/testdata/Server-TLSv12-Resume
1740661273|Filippo Valsorda|M|src/crypto/tls/ticket.go
1740661273|Filippo Valsorda|M|src/crypto/tls/tls_test.go
1739964571|Filippo Valsorda|M|src/crypto/tls/auth.go
1739964571|Filippo Valsorda|M|src/crypto/tls/cipher_suites.go
1739964571|Filippo Valsorda|M|src/crypto/tls/common.go
1739964571|Filippo Valsorda|M|src/crypto/tls/defaults.go
1739964571|Filippo Valsorda|A|src/crypto/tls/defaults_boring.go
1739964571|Filippo Valsorda|D|src/crypto/tls/fips_test.go
1739964571|Filippo Valsorda|A|src/crypto/tls/fips140_test.go
1739964571|Filippo Valsorda|M|src/crypto/tls/handshake_client.go
1739964571|Filippo Valsorda|M|src/crypto/tls/handshake_client_test.go
1739964571|Filippo Valsorda|M|src/crypto/tls/handshake_server.go
1739964571|Filippo Valsorda|M|src/crypto/tls/handshake_server_tls13.go
1739964571|Filippo Valsorda|M|src/crypto/tls/tls_test.go
1739964571|Filippo Valsorda|M|doc/next/6-stdlib/99-minor/crypto/tls/fips.md
1739964571|Filippo Valsorda|M|src/crypto/tls/defaults_boring.go
1739964571|Filippo Valsorda|A|src/crypto/tls/defaults_fips140.go
1739964571|Filippo Valsorda|M|src/crypto/tls/fips140_test.go
1739964571|Filippo Valsorda|M|src/crypto/tls/tls.go
1740099904|Roland Shoemaker|M|src/crypto/x509/parser.go
1740099904|Roland Shoemaker|M|src/crypto/x509/parser_test.go
1740099904|Roland Shoemaker|M|src/encoding/asn1/asn1.go
1740099904|Roland Shoemaker|M|src/encoding/asn1/asn1_test.go
1734317580|Xiaolin Zhao|M|src/cmd/asm/internal/asm/testdata/loong64enc1.s
1734317580|Xiaolin Zhao|M|src/cmd/internal/obj/loong64/a.out.go
1734317580|Xiaolin Zhao|M|src/cmd/internal/obj/loong64/anames.go
1734317580|Xiaolin Zhao|M|src/cmd/internal/obj/loong64/asm.go
1741021475|Roland Shoemaker|M|src/encoding/asn1/asn1.go
1741021475|Roland Shoemaker|M|src/encoding/asn1/asn1_test.go
1741021475|Roland Shoemaker|M|src/encoding/asn1/marshal.go
1740564195|Joel Sing|M|test/codegen/mathbits.go
1741854556|Meng Zhuo|A|api/next/72843.txt
1741854556|Meng Zhuo|A|doc/next/6-stdlib/99-minor/debug/elf/72843.md
1741854556|Meng Zhuo|M|src/debug/elf/elf.go
1741854556|Meng Zhuo|M|src/debug/elf/file_test.go
1741854556|Meng Zhuo|A|src/debug/elf/testdata/gcc-riscv64-linux-exec
1741970166|Rhys Hiltner|M|src/internal/runtime/atomic/atomic_arm.go
1741970166|Rhys Hiltner|M|src/internal/runtime/atomic/atomic_s390x.go
1741970166|Rhys Hiltner|M|src/internal/runtime/atomic/atomic_wasm.go
1741970166|Rhys Hiltner|A|src/internal/runtime/atomic/xchg8.go
1741970166|Rhys Hiltner|M|src/internal/runtime/atomic/xchg8_test.go
1740398926|Joel Sing|M|test/codegen/arithmetic.go
1740317865|Joel Sing|M|src/cmd/compile/internal/ssa/_gen/RISCV64.rules
1740317865|Joel Sing|M|src/cmd/compile/internal/ssa/rewriteRISCV64.go
1740317865|Joel Sing|M|test/codegen/arithmetic.go
1741985274|Rhys Hiltner|M|src/runtime/metrics_test.go
1705301530|cui fliter|M|src/html/template/doc.go
1740309473|Joel Sing|M|src/cmd/compile/internal/riscv64/ssa.go
1740309473|Joel Sing|M|src/cmd/compile/internal/ssa/_gen/RISCV64.rules
1740309473|Joel Sing|M|src/cmd/compile/internal/ssa/_gen/RISCV64Ops.go
1740309473|Joel Sing|M|src/cmd/compile/internal/ssa/opGen.go
1740309473|Joel Sing|M|src/cmd/compile/internal/ssa/rewriteRISCV64.go
1740309473|Joel Sing|M|src/cmd/compile/internal/ssagen/intrinsics.go
1740309473|Joel Sing|M|src/cmd/compile/internal/ssagen/intrinsics_test.go
1740309473|Joel Sing|M|test/codegen/mathbits.go
1734081638|Xiaolin Zhao|M|src/cmd/asm/internal/asm/testdata/loong64enc1.s
1734081638|Xiaolin Zhao|M|src/cmd/internal/obj/loong64/a.out.go
1734081638|Xiaolin Zhao|M|src/cmd/internal/obj/loong64/anames.go
1734081638|Xiaolin Zhao|M|src/cmd/internal/obj/loong64/asm.go
1741997654|Sean Liao|M|src/html/template/doc.go
1742079498|Ilya Priven|M|src/reflect/type.go
1742079498|Ilya Priven|M|src/reflect/value.go
1733505776|Mohammed Al Sahaf|M|src/cmd/go/internal/modload/load.go
1733505776|Mohammed Al Sahaf|M|src/cmd/go/testdata/script/mod_tidy_compat_ambiguous.txt
1733505776|Mohammed Al Sahaf|M|src/cmd/go/testdata/script/mod_tidy_compat_deleted.txt
1733505776|Mohammed Al Sahaf|M|src/cmd/go/testdata/script/mod_tidy_compat_implicit.txt
1733505776|Mohammed Al Sahaf|M|src/cmd/go/testdata/script/mod_tidy_compat_incompatible.txt
1742224613|qmuntal|M|src/crypto/internal/hpke/hpke.go
1739162955|古大羊|M|src/crypto/tls/ech.go
1741227901|limeidan|M|src/runtime/crash_cgo_test.go
1741227901|limeidan|M|src/runtime/sys_linux_loong64.s
1742251427|Damien Neil|M|src/net/http/netconn_test.go
1742251427|Damien Neil|M|src/net/http/transport_test.go
1742239232|Sean Liao|M|src/net/http/httputil/reverseproxy.go
1742224899|Sean Liao|M|src/bytes/bytes.go
1742224899|Sean Liao|M|src/strings/strings.go
1739299640|Damien Neil|M|api/next/67002.txt
1739299640|Damien Neil|M|doc/next/6-stdlib/99-minor/os/67002.md
1739299640|Damien Neil|A|src/internal/syscall/unix/utimes.go
1739299640|Damien Neil|A|src/internal/syscall/unix/utimes_wasip1.go
1739299640|Damien Neil|M|src/os/file_posix.go
1739299640|Damien Neil|M|src/os/root.go
1739299640|Damien Neil|M|src/os/root_noopenat.go
1739299640|Damien Neil|M|src/os/root_openat.go
1739299640|Damien Neil|M|src/os/root_test.go
1739299640|Damien Neil|M|src/os/root_unix.go
1739299640|Damien Neil|M|src/os/root_windows.go
1733846546|Mark Ryan|M|src/cmd/asm/internal/asm/endtoend_test.go
1733846546|Mark Ryan|M|src/cmd/asm/internal/asm/testdata/riscv64error.s
1733846546|Mark Ryan|A|src/cmd/asm/internal/asm/testdata/riscv64validation.s
1733846546|Mark Ryan|M|src/cmd/internal/obj/riscv/obj.go
1742381755|Florian Zenker|M|src/runtime/asan.go
1742381755|Florian Zenker|M|src/runtime/asan/asan.go
1742381755|Florian Zenker|M|src/runtime/asan0.go
1742381755|Florian Zenker|M|src/runtime/asan_amd64.s
1742381755|Florian Zenker|M|src/runtime/asan_arm64.s
1742381755|Florian Zenker|M|src/runtime/asan_loong64.s
1742381755|Florian Zenker|M|src/runtime/asan_ppc64le.s
1742381755|Florian Zenker|M|src/runtime/asan_riscv64.s
1742381755|Florian Zenker|M|src/runtime/mem.go
1742401591|Damien Neil|M|src/net/http/httputil/reverseproxy.go
1742401591|Damien Neil|M|src/net/http/httputil/reverseproxy_test.go
1742318524|Damien Neil|M|src/runtime/race/race_test.go
1742318524|Damien Neil|A|src/runtime/race/testdata/main_test.go
1742318524|Damien Neil|M|src/runtime/race/testdata/rangefunc_test.go
1742335951|Damien Neil|M|api/next/67002.txt
1742335951|Damien Neil|M|doc/next/6-stdlib/99-minor/os/67002.md
1742335951|Damien Neil|M|src/os/root.go
1742335951|Damien Neil|M|src/os/root_noopenat.go
1742335951|Damien Neil|M|src/os/root_openat.go
1742335951|Damien Neil|M|src/os/root_test.go
1742335951|Damien Neil|M|src/os/root_windows.go
1742428581|Kir Kolyshkin|M|src/internal/syscall/unix/at_libc.go
1742402083|Sean Liao|D|misc/linkcheck/linkcheck.go
1722002815|Edoardo Spadolini|M|src/crypto/tls/common.go
1742389792|Joel Sing|M|src/cmd/compile/internal/ssagen/intrinsics.go
1742389792|Joel Sing|M|src/cmd/compile/internal/ssagen/intrinsics_test.go
1742107240|qiulaidongfeng|M|doc/next/7-ports.md
1742414858|Julien Cretel|M|src/strings/strings.go
1742414858|Julien Cretel|M|src/strings/strings_test.go
1742328123|Max Neverov|M|src/cmd/go/alldocs.go
1742328123|Max Neverov|M|src/cmd/go/go_test.go
1742328123|Max Neverov|M|src/cmd/go/internal/cache/default.go
1742328123|Max Neverov|M|src/cmd/go/internal/clean/clean.go
1742328123|Max Neverov|M|src/cmd/go/internal/envcmd/env.go
1742328123|Max Neverov|M|src/cmd/go/internal/help/helpdoc.go
1742328123|Max Neverov|M|src/cmd/go/internal/modindex/read.go
1742328123|Max Neverov|M|src/cmd/go/internal/test/test.go
1742328123|Max Neverov|M|src/cmd/go/internal/work/shell.go
1742328123|Max Neverov|M|src/cmd/go/testdata/script/clean_cache_n.txt
1742461351|qmuntal|M|src/cmd/cgo/internal/testerrors/errors_test.go
1742461351|qmuntal|M|src/cmd/cgo/internal/testgodefs/testgodefs_test.go
1742461351|qmuntal|M|src/cmd/cgo/internal/testplugin/plugin_test.go
1742461351|qmuntal|M|src/cmd/cgo/internal/testsanitizers/asan_test.go
1742461351|qmuntal|M|src/cmd/cgo/internal/testsanitizers/cc_test.go
1742461351|qmuntal|M|src/cmd/cgo/internal/testsanitizers/msan_test.go
1742461351|qmuntal|M|src/cmd/cgo/internal/testshared/shared_test.go
1742461351|qmuntal|M|src/cmd/cgo/internal/testso/so_test.go
1742461351|qmuntal|M|src/cmd/dist/test.go
1742461351|qmuntal|M|src/cmd/internal/moddeps/moddeps_test.go
1742461351|qmuntal|M|src/os/exec/read3.go
1742461351|qmuntal|M|src/runtime/testdata/testprog/numcpu_freebsd.go
1742488219|Damien Neil|M|src/os/root_test.go
1742502826|Julien Cretel|M|src/strings/strings_test.go
1742408106|Damien Neil|M|api/next/67002.txt
1742408106|Damien Neil|M|doc/next/6-stdlib/99-minor/os/67002.md
1742408106|Damien Neil|M|src/internal/syscall/unix/asm_darwin.s
1742408106|Damien Neil|M|src/internal/syscall/unix/asm_openbsd.s
1742408106|Damien Neil|M|src/internal/syscall/unix/at.go
1742408106|Damien Neil|M|src/internal/syscall/unix/at_darwin.go
1742408106|Damien Neil|M|src/internal/syscall/unix/at_libc.go
1742408106|Damien Neil|M|src/internal/syscall/unix/at_openbsd.go
1742408106|Damien Neil|M|src/internal/syscall/unix/at_solaris.go
1742408106|Damien Neil|M|src/internal/syscall/unix/at_sysnum_dragonfly.go
1742408106|Damien Neil|M|src/internal/syscall/unix/at_sysnum_freebsd.go
1742408106|Damien Neil|M|src/internal/syscall/unix/at_sysnum_netbsd.go
1742408106|Damien Neil|M|src/internal/syscall/unix/at_wasip1.go
1742408106|Damien Neil|A|src/internal/syscall/unix/renameat2_sysnum_linux.go
1742408106|Damien Neil|A|src/internal/syscall/unix/renameat_sysnum_linux.go
1742408106|Damien Neil|M|src/internal/syscall/windows/at_windows.go
1742408106|Damien Neil|M|src/internal/syscall/windows/types_windows.go
1742408106|Damien Neil|M|src/os/root.go
1742408106|Damien Neil|M|src/os/root_noopenat.go
1742408106|Damien Neil|M|src/os/root_openat.go
1742408106|Damien Neil|M|src/os/root_test.go
1742408106|Damien Neil|M|src/os/root_unix.go
1742408106|Damien Neil|M|src/os/root_windows.go
1742508223|Damien Neil|M|src/runtime/race/race_test.go
1742571974|Cherry Mui|M|src/cmd/compile/internal/abi/abiutils.go
1742571974|Cherry Mui|M|src/cmd/compile/internal/ssa/debug.go
1742571974|Cherry Mui|M|src/cmd/compile/internal/test/abiutils_test.go
1742571974|Cherry Mui|M|src/cmd/link/internal/ld/dwarf_test.go
1742500221|Damien Neil|M|src/internal/syscall/windows/at_windows.go
1741949780|qmuntal|M|src/runtime/defs_windows_386.go
1741949780|qmuntal|M|src/runtime/defs_windows_amd64.go
1741949780|qmuntal|M|src/runtime/defs_windows_arm.go
1741949780|qmuntal|M|src/runtime/defs_windows_arm64.go
1741949780|qmuntal|M|src/runtime/os_windows.go
1741949780|qmuntal|M|src/runtime/signal_windows.go
1742586212|Derek Parker|M|src/cmd/compile/internal/abi/abiutils.go
1742586212|Derek Parker|M|src/cmd/compile/internal/ssa/debug.go
1742586212|Derek Parker|M|src/cmd/compile/internal/test/abiutils_test.go
1739861599|Joel Sing|M|src/cmd/asm/internal/asm/testdata/riscv64.s
1740317254|Joel Sing|M|src/cmd/compile/internal/riscv64/ssa.go
1740317254|Joel Sing|M|src/cmd/compile/internal/ssa/_gen/RISCV64.rules
1740317254|Joel Sing|M|src/cmd/compile/internal/ssa/_gen/RISCV64Ops.go
1740317254|Joel Sing|M|src/cmd/compile/internal/ssa/opGen.go
1740317254|Joel Sing|M|src/cmd/compile/internal/ssa/rewriteRISCV64.go
1740317254|Joel Sing|M|src/cmd/compile/internal/ssagen/intrinsics.go
1740317254|Joel Sing|M|src/cmd/compile/internal/ssagen/intrinsics_test.go
1740317254|Joel Sing|M|test/codegen/mathbits.go
1739184659|Vishwanatha HD|M|src/cmd/asm/internal/asm/testdata/s390x.s
1739184659|Vishwanatha HD|M|src/cmd/internal/obj/s390x/a.out.go
1739184659|Vishwanatha HD|M|src/cmd/internal/obj/s390x/anames.go
1739184659|Vishwanatha HD|M|src/cmd/internal/obj/s390x/asmz.go
1739184659|Vishwanatha HD|M|src/math/acos_s390x.s
1739184659|Vishwanatha HD|M|src/math/asin_s390x.s
1739184659|Vishwanatha HD|M|src/math/asinh_s390x.s
1739184659|Vishwanatha HD|M|src/math/atan2_s390x.s
1739184659|Vishwanatha HD|M|src/math/erfc_s390x.s
1739184659|Vishwanatha HD|M|src/math/exp_s390x.s
1739184659|Vishwanatha HD|M|src/math/expm1_s390x.s
1739184659|Vishwanatha HD|M|src/math/log1p_s390x.s
1739184659|Vishwanatha HD|M|src/math/log_s390x.s
1739184659|Vishwanatha HD|M|src/math/pow_s390x.s
1739184659|Vishwanatha HD|M|src/math/tan_s390x.s
1742606122|Sean Liao|M|src/net/url/url.go
1742621692|Jake Bailey|M|src/testing/testing.go
1742480814|Austin Clements|M|src/testing/benchmark.go
1742480814|Austin Clements|M|src/testing/loop_test.go
1742489047|Austin Clements|M|src/testing/benchmark.go
1742804675|Michael Pratt|M|src/cmd/internal/objabi/funcid.go
1742804675|Michael Pratt|M|src/internal/abi/symtab.go
1742804675|Michael Pratt|M|src/runtime/crash_test.go
1742804675|Michael Pratt|M|src/runtime/mfinal.go
1742804675|Michael Pratt|M|src/runtime/pprof/pprof_test.go
1742804675|Michael Pratt|M|src/runtime/traceback.go
1673077597|Joel Sing|M|src/cmd/internal/obj/arm64/asm7.go
1742194081|Xiaolin Zhao|M|src/cmd/asm/internal/asm/testdata/loong64enc1.s
1742194081|Xiaolin Zhao|M|src/cmd/internal/obj/loong64/a.out.go
1742194081|Xiaolin Zhao|M|src/cmd/internal/obj/loong64/anames.go
1742194081|Xiaolin Zhao|M|src/cmd/internal/obj/loong64/asm.go
1725894974|Joel Sing|M|test/codegen/shift.go
1742894962|qmuntal|M|src/internal/poll/fd_windows.go
1742894962|qmuntal|M|src/internal/poll/fd_windows_test.go
1742894962|qmuntal|M|src/net/fd_windows.go
1742503325|Julien Cretel|M|src/bytes/bytes.go
1742503325|Julien Cretel|M|src/bytes/bytes_test.go
1742198172|Xiaolin Zhao|M|src/cmd/asm/internal/asm/endtoend_test.go
1742198172|Xiaolin Zhao|M|src/cmd/asm/internal/asm/testdata/loong64enc1.s
1742198172|Xiaolin Zhao|A|src/cmd/asm/internal/asm/testdata/loong64error.s
1742198172|Xiaolin Zhao|M|src/cmd/internal/obj/loong64/a.out.go
1742198172|Xiaolin Zhao|M|src/cmd/internal/obj/loong64/anames.go
1742198172|Xiaolin Zhao|M|src/cmd/internal/obj/loong64/asm.go
1718378942|Joel Sing|M|src/cmd/asm/internal/asm/testdata/arm64.s
1718378942|Joel Sing|M|src/cmd/asm/internal/asm/testdata/arm64error.s
1718378942|Joel Sing|M|src/cmd/internal/obj/arm64/a.out.go
1718378942|Joel Sing|M|src/cmd/internal/obj/arm64/anames.go
1718378942|Joel Sing|M|src/cmd/internal/obj/arm64/asm7.go
1718378942|Joel Sing|M|src/cmd/internal/obj/arm64/specialoperand_string.go
1742917371|qmuntal|M|src/internal/poll/fd_windows.go
1742917371|qmuntal|M|src/internal/poll/fd_windows_test.go
1742917371|qmuntal|M|src/internal/syscall/windows/syscall_windows.go
1742917371|qmuntal|M|src/internal/syscall/windows/zsyscall_windows.go
1741761351|Guoqi Chen|M|src/runtime/cpuflags.go
1741761351|Guoqi Chen|M|src/runtime/memclr_loong64.s
1738844997|Joel Sing|M|src/cmd/asm/internal/asm/testdata/riscv64.s
1738844997|Joel Sing|M|src/cmd/internal/obj/riscv/asm_test.go
1738844997|Joel Sing|M|src/cmd/internal/obj/riscv/obj.go
1738844997|Joel Sing|A|src/cmd/internal/obj/riscv/testdata/testminmax/minmax_test.go
1738844997|Joel Sing|A|src/cmd/internal/obj/riscv/testdata/testminmax/minmax_test.s
1738844997|Joel Sing|M|src/internal/bytealg/compare_riscv64.s
1743000390|Mateusz Poliwczak|M|src/cmd/compile/internal/ssa/_gen/genericOps.go
1743000390|Mateusz Poliwczak|M|src/cmd/compile/internal/ssa/_gen/rulegen.go
1743000390|Mateusz Poliwczak|M|src/cmd/compile/internal/ssa/op.go
1743000390|Mateusz Poliwczak|M|src/cmd/compile/internal/ssa/regalloc.go
1741551272|Junyang Shao|M|src/cmd/compile/internal/ssa/shortcircuit.go
1742598440|Keith Randall|M|src/internal/runtime/maps/group.go
1742598440|Keith Randall|M|src/internal/runtime/maps/map.go
1742598440|Keith Randall|M|src/internal/runtime/maps/table.go
1742598440|Keith Randall|M|src/runtime/map_swiss.go
1743117758|Damien Neil|M|src/os/root_openat.go
1743117758|Damien Neil|M|src/os/root_test.go
1743154789|qmuntal|M|src/internal/poll/fd_windows.go
1743154789|qmuntal|M|src/internal/poll/fd_windows_test.go
1743154789|qmuntal|M|src/internal/syscall/windows/syscall_windows.go
1742936154|Cherry Mui|M|src/cmd/link/internal/loader/loader.go
1742936154|Cherry Mui|M|src/cmd/link/link_test.go
1742936154|Cherry Mui|A|src/cmd/link/testdata/linkname/sched.go
1743190714|qmuntal|M|src/internal/poll/fd_mutex.go
1743190714|qmuntal|M|src/internal/poll/fd_windows.go
1743190714|qmuntal|M|src/internal/poll/fd_windows_test.go
1718717803|Joel Sing|M|src/cmd/asm/internal/asm/testdata/riscv64.s
1718717803|Joel Sing|M|src/cmd/asm/internal/asm/testdata/riscv64error.s
1718717803|Joel Sing|M|src/cmd/asm/internal/asm/testdata/riscv64validation.s
1718717803|Joel Sing|M|src/cmd/internal/obj/riscv/anames.go
1718717803|Joel Sing|M|src/cmd/internal/obj/riscv/cpu.go
1718717803|Joel Sing|M|src/cmd/internal/obj/riscv/obj.go
1733606253|thepudds|M|src/internal/runtime/maps/map.go
1733606253|thepudds|M|src/runtime/map_benchmark_test.go
1743414192|qmuntal|A|doc/next/6-stdlib/99-minor/os/15388.md
1743414192|qmuntal|M|src/internal/poll/fd_windows.go
1743414192|qmuntal|M|src/internal/poll/fd_windows_test.go
1743414192|qmuntal|M|src/internal/syscall/windows/syscall_windows.go
1743414192|qmuntal|M|src/internal/syscall/windows/zsyscall_windows.go
1743414192|qmuntal|M|src/os/os_windows_test.go
1743203683|Damien Neil|M|src/internal/syscall/unix/constants.go
1743203683|Damien Neil|M|src/internal/syscall/unix/nofollow_posix.go
1743203683|Damien Neil|M|src/internal/syscall/windows/at_windows.go
1743203683|Damien Neil|M|src/os/path_windows.go
1743203683|Damien Neil|M|src/os/removeall_at.go
1743203683|Damien Neil|M|src/os/removeall_noat.go
1743203683|Damien Neil|A|src/os/removeall_unix.go
1743203683|Damien Neil|A|src/os/removeall_windows.go
1743203683|Damien Neil|M|src/os/root_unix.go
1743203683|Damien Neil|M|src/os/root_windows.go
1736083830|Joel Sing|M|src/cmd/asm/internal/asm/testdata/riscv64.s
1736083830|Joel Sing|M|src/cmd/asm/internal/asm/testdata/riscv64error.s
1736083830|Joel Sing|M|src/cmd/asm/internal/asm/testdata/riscv64validation.s
1736083830|Joel Sing|M|src/cmd/internal/obj/riscv/obj.go
1743495576|qmuntal|M|src/internal/poll/fd_plan9.go
1743495576|qmuntal|M|src/internal/poll/fd_poll_runtime.go
1743495576|qmuntal|M|src/internal/poll/fd_unix.go
1743495576|qmuntal|M|src/internal/poll/fd_windows.go
1743495576|qmuntal|M|src/internal/poll/fd_windows_test.go
1743495576|qmuntal|M|src/internal/syscall/windows/syscall_windows.go
1743495576|qmuntal|M|src/internal/syscall/windows/zsyscall_windows.go
1741373396|Alexander Musman|M|src/cmd/compile/internal/inline/inl.go
1741373396|Alexander Musman|M|src/cmd/compile/internal/ir/expr.go
1742866180|khr@golang.org|M|src/runtime/malloc.go
1741272857|Julia Lapenko|M|src/cmd/compile/internal/devirtualize/pgo.go
1741272857|Julia Lapenko|M|src/cmd/compile/internal/test/pgo_devirtualize_test.go
1741272857|Julia Lapenko|M|src/cmd/compile/internal/test/testdata/pgo/devirtualize/devirt.go
1741272857|Julia Lapenko|M|src/cmd/compile/internal/test/testdata/pgo/devirtualize/devirt_test.go
1740052474|Joel Sing|M|src/cmd/internal/obj/arm64/asm7.go
1740052537|Joel Sing|M|src/cmd/internal/obj/arm64/asm7.go
1740733552|0x2b3bfa0|M|src/make.bat
1743618701|Vasily Leonenko|M|src/internal/bytealg/index_arm64.s
1743618701|Vasily Leonenko|M|src/internal/bytealg/indexbyte_arm64.s
1743684921|qmuntal|M|src/internal/poll/fd_windows.go
1743684921|qmuntal|M|src/internal/syscall/windows/syscall_windows.go
1743684921|qmuntal|M|src/internal/syscall/windows/zsyscall_windows.go
1743715615|Mark Freeman|M|src/cmd/compile/internal/types2/call.go
1743715615|Mark Freeman|M|src/cmd/compile/internal/types2/scope.go
1743715615|Mark Freeman|M|src/go/types/call.go
1743715615|Mark Freeman|M|src/go/types/scope.go
1743715615|Mark Freeman|A|src/internal/types/testdata/fixedbugs/issue70549.go
1743583427|qmuntal|D|src/internal/poll/export_windows_test.go
1743583427|qmuntal|M|src/internal/poll/fd_windows.go
1743583427|qmuntal|M|src/internal/poll/fd_windows_test.go
1743583427|qmuntal|M|src/internal/poll/sendfile_windows.go
1743583427|qmuntal|A|src/internal/syscall/windows/nonblocking_windows.go
1743583427|qmuntal|M|src/internal/syscall/windows/syscall_windows.go
1743522218|Alexander Musman|M|src/cmd/compile/internal/ssa/_gen/generic.rules
1743522218|Alexander Musman|M|src/cmd/compile/internal/ssa/deadstore.go
1743522218|Alexander Musman|M|src/cmd/compile/internal/ssa/rewrite.go
1743522218|Alexander Musman|M|src/cmd/compile/internal/ssa/rewritegeneric.go
1743522218|Alexander Musman|M|test/codegen/stack.go
1743761769|qmuntal|M|src/internal/syscall/windows/at_windows.go
1743761769|qmuntal|M|src/internal/syscall/windows/exec_windows_test.go
1743761769|qmuntal|M|src/internal/syscall/windows/security_windows.go
1743761769|qmuntal|M|src/internal/syscall/windows/syscall_windows.go
1743761769|qmuntal|M|src/internal/syscall/windows/zsyscall_windows.go
1743761769|qmuntal|M|src/net/interface_windows.go
1743761769|qmuntal|M|src/os/root_windows.go
1743761769|qmuntal|M|src/runtime/runtime-seh_windows_test.go
1743590852|qmuntal|M|doc/next/6-stdlib/99-minor/os/15388.md
1743590852|qmuntal|M|src/internal/poll/fd_windows.go
1743590852|qmuntal|M|src/internal/poll/fd_windows_test.go
1743590852|qmuntal|M|src/os/file.go
1743590852|qmuntal|M|src/os/file_plan9.go
1743590852|qmuntal|M|src/os/file_unix.go
1743590852|qmuntal|M|src/os/file_windows.go
1743590852|qmuntal|M|src/os/os_windows_test.go
1743590852|qmuntal|M|src/os/removeall_windows.go
1743590852|qmuntal|M|src/os/root_windows.go
1732490996|khr@golang.org|M|src/cmd/compile/internal/arm64/ssa.go
1732490996|khr@golang.org|M|src/cmd/compile/internal/ssa/_gen/ARM64.rules
1732490996|khr@golang.org|M|src/cmd/compile/internal/ssa/_gen/ARM64Ops.go
1732490996|khr@golang.org|M|src/cmd/compile/internal/ssa/_gen/ARM64latelower.rules
1732490996|khr@golang.org|M|src/cmd/compile/internal/ssa/_gen/genericOps.go
1732490996|khr@golang.org|M|src/cmd/compile/internal/ssa/_gen/main.go
1732490996|khr@golang.org|M|src/cmd/compile/internal/ssa/op.go
1732490996|khr@golang.org|M|src/cmd/compile/internal/ssa/opGen.go
1732490996|khr@golang.org|M|src/cmd/compile/internal/ssa/pair.go
1732490996|khr@golang.org|M|src/cmd/compile/internal/ssa/regalloc.go
1732490996|khr@golang.org|M|src/cmd/compile/internal/ssa/rewriteARM64.go
1732490996|khr@golang.org|M|src/cmd/compile/internal/ssa/rewriteARM64latelower.go
1743418014|cuishuang|M|src/internal/syscall/windows/registry/registry_test.go
1743418014|cuishuang|M|src/runtime/pprof/pprof_test.go
1743625837|Sam Thanawalla|M|src/cmd/go/alldocs.go
1743625837|Sam Thanawalla|M|src/cmd/go/internal/auth/auth.go
1743625837|Sam Thanawalla|M|src/cmd/go/internal/auth/auth_test.go
1743625837|Sam Thanawalla|M|src/cmd/go/internal/help/helpdoc.go
1732458514|Nicola Murino|M|src/crypto/tls/handshake_server.go
1732458514|Nicola Murino|M|src/crypto/tls/handshake_server_tls13.go
1743796098|Richard Miller|M|src/runtime/os_plan9.go
1743796098|Richard Miller|A|src/runtime/time_plan9.go
1743448003|Sam Thanawalla|M|src/cmd/go/internal/load/pkg.go
1743448003|Sam Thanawalla|M|src/cmd/go/internal/modfetch/repo.go
1743448003|Sam Thanawalla|M|src/cmd/go/testdata/script/build_version_stamping_git.txt
1743448003|Sam Thanawalla|M|src/cmd/go/testdata/script/version_buildvcs_bzr.txt
1743448003|Sam Thanawalla|M|src/cmd/go/testdata/script/version_buildvcs_hg.txt
1744051134|Mateusz Poliwczak|D|src/go/ast/internal/tests/sortimports_test.go
1744051134|Mateusz Poliwczak|A|src/go/ast/import_test.go
1743944937|zhi.wang|M|src/strconv/atof.go
1743944937|zhi.wang|M|src/strconv/atoi.go
1744047211|Keith Randall|M|src/cmd/compile/internal/ssa/_gen/ARM64.rules
1744047211|Keith Randall|M|src/cmd/compile/internal/ssa/rewriteARM64.go
1744047211|Keith Randall|A|test/fixedbugs/issue73200.go
1744106413|apocelipes|M|src/runtime/alg.go
1744106413|apocelipes|M|src/runtime/debuglog.go
1744106413|apocelipes|M|src/runtime/hash_test.go
1744106413|apocelipes|M|src/runtime/os_plan9.go
1744106413|apocelipes|M|src/runtime/pprof/vminfo_darwin.go
1744106413|apocelipes|M|src/runtime/write_err_android.go
1744103997|qmuntal|M|src/syscall/exec_windows.go
1744103997|qmuntal|M|src/syscall/syscall_windows.go
1744103997|qmuntal|M|src/syscall/types_windows.go
1744103997|qmuntal|M|src/syscall/zsyscall_windows.go
1744135920|Alan Donovan|M|src/go/types/api.go
1744144748|Damien Neil|M|src/context/context.go
1744144748|Damien Neil|M|src/context/x_test.go
1744150610|Keith Randall|M|src/syscall/zsyscall_windows.go
1742886123|limeidan|M|src/cmd/compile/internal/ssa/config.go
1742886123|limeidan|M|src/cmd/internal/sys/arch.go
1742886123|limeidan|M|test/codegen/memcombine.go
1744119062|qmuntal|M|src/internal/poll/fd_windows.go
1743696076|thepudds|M|src/cmd/go/alldocs.go
1743696076|thepudds|M|src/cmd/go/internal/modcmd/init.go
1743696076|thepudds|M|src/cmd/go/internal/modfetch/repo.go
1743591498|Dmitrii Martynov|M|src/runtime/proc.go
1744201041|Zxilly|M|src/cmd/internal/obj/wasm/wasmobj.go
1744193223|qmuntal|M|src/internal/poll/sendfile.go
1744193223|qmuntal|M|src/internal/poll/sendfile_unix.go
1744193223|qmuntal|M|src/internal/poll/sendfile_windows.go
1744193223|qmuntal|D|src/net/sendfile_unix_alt.go
1744193223|qmuntal|A|src/net/sendfile.go
1744193223|qmuntal|D|src/net/sendfile_linux.go
1744193223|qmuntal|M|src/net/sendfile_test.go
1744193223|qmuntal|D|src/net/sendfile_windows.go
1744193223|qmuntal|M|src/os/readfrom_solaris_test.go
1744193223|qmuntal|M|src/os/writeto_linux_test.go
1744193223|qmuntal|M|src/os/zero_copy_linux.go
1744193223|qmuntal|M|src/os/zero_copy_solaris.go
1744321963|Marcel Meyer|M|src/cmd/compile/internal/ssa/writebarrier.go
1743877740|Russ Cox|M|src/math/big/arith.go
1743877740|Russ Cox|M|src/math/big/arith_386.s
1743877740|Russ Cox|M|src/math/big/arith_amd64.s
1743877740|Russ Cox|M|src/math/big/arith_arm.s
1743877740|Russ Cox|M|src/math/big/arith_arm64.s
1743877740|Russ Cox|M|src/math/big/arith_decl.go
1743877740|Russ Cox|M|src/math/big/arith_decl_pure.go
1743877740|Russ Cox|M|src/math/big/arith_loong64.s
1743877740|Russ Cox|M|src/math/big/arith_mips64x.s
1743877740|Russ Cox|M|src/math/big/arith_mipsx.s
1743877740|Russ Cox|M|src/math/big/arith_ppc64x.s
1743877740|Russ Cox|M|src/math/big/arith_riscv64.s
1743877740|Russ Cox|M|src/math/big/arith_s390x.s
1743877740|Russ Cox|M|src/math/big/arith_test.go
1743877740|Russ Cox|M|src/math/big/arith_wasm.s
1743877740|Russ Cox|M|src/math/big/nat.go
1743877740|Russ Cox|M|src/math/big/natmul.go
1743930951|1911860538|M|src/time/zoneinfo.go
1744321935|Marcel Meyer|M|src/cmd/compile/internal/ssa/prove.go
1741102262|Russ Cox|M|src/runtime/asan.go
1741102262|Russ Cox|M|src/runtime/asan0.go
1741102262|Russ Cox|M|src/runtime/lock_spinbit.go
1741102262|Russ Cox|M|src/runtime/proc.go
1741102262|Russ Cox|M|src/runtime/runtime2.go
1744402444|Marcel Meyer|M|src/cmd/compile/internal/ssa/prove.go
1744314412|Keith Randall|M|src/cmd/compile/internal/walk/builtin.go
1742372276|Guoqi Chen|M|src/runtime/memmove_loong64.s
1744407660|James Tucker|M|src/internal/syscall/windows/types_windows.go
1744407660|James Tucker|M|src/net/fd_windows.go
1744414513|Keith Randall|M|src/path/path_test.go
1703206464|Achille Roussel|M|src/iter/iter.go
1703206464|Achille Roussel|M|src/iter/pull_test.go
1744637841|Alex S|M|src/encoding/json/scanner.go
1744164616|Xiaolin Zhao|M|src/go/build/deps_test.go
1744164616|Xiaolin Zhao|M|src/internal/chacha8rand/chacha8.go
1744164616|Xiaolin Zhao|A|src/internal/chacha8rand/chacha8_loong64.s
1744164616|Xiaolin Zhao|M|src/internal/chacha8rand/chacha8_stub.s
1718109230|Huang Qiqi|M|src/math/big/arith_loong64.s
1718103989|Huang Qiqi|M|src/math/big/arith_loong64.s
1743049261|Lin Lin|M|src/cmd/compile/internal/importer/gcimporter_test.go
1741311207|Damien Neil|M|src/net/http/client_test.go
1744554112|Constantin Konstantinidis|M|src/strings/compare_test.go
1744649551|Keith Randall|M|src/runtime/sys_darwin_amd64.s
1667351956|Weidi Deng|M|src/net/http/serve_test.go
1667351956|Weidi Deng|M|src/net/http/server.go
1744644870|Marcel Meyer|M|src/cmd/cgo/gcc.go
1744644870|Marcel Meyer|M|src/cmd/cgo/internal/testplugin/plugin_test.go
1744644870|Marcel Meyer|M|src/cmd/cgo/out.go
1744644870|Marcel Meyer|M|src/cmd/compile/internal/dwarfgen/scope_test.go
1744644870|Marcel Meyer|M|src/cmd/compile/internal/logopt/log_opts.go
1744644870|Marcel Meyer|M|src/cmd/compile/internal/ssa/_gen/main.go
1744644870|Marcel Meyer|M|src/cmd/compile/internal/ssa/_gen/rulegen.go
1744644870|Marcel Meyer|M|src/cmd/compile/internal/ssa/compile.go
1744644870|Marcel Meyer|M|src/cmd/compile/internal/ssa/debug_test.go
1744644870|Marcel Meyer|M|src/cmd/compile/internal/ssa/func.go
1744644870|Marcel Meyer|M|src/cmd/compile/internal/ssa/html.go
1744644870|Marcel Meyer|M|src/cmd/compile/internal/ssa/op.go
1744644870|Marcel Meyer|M|src/cmd/compile/internal/test/testdata/flowgraph_generator1.go
1744644870|Marcel Meyer|M|src/cmd/compile/internal/test/testdata/gen/arithConstGen.go
1744644870|Marcel Meyer|M|src/cmd/compile/internal/types2/assignments.go
1744644870|Marcel Meyer|M|src/cmd/dist/build.go
1744644870|Marcel Meyer|M|src/cmd/internal/objabi/flag.go
1744644870|Marcel Meyer|M|src/cmd/internal/testdir/testdir_test.go
1744644870|Marcel Meyer|M|src/cmd/link/internal/ld/macho.go
1744644870|Marcel Meyer|M|src/cmd/link/internal/ld/symtab.go
1744644870|Marcel Meyer|M|src/cmd/link/internal/loader/loader.go
1744644870|Marcel Meyer|M|src/debug/dwarf/line.go
1744644870|Marcel Meyer|M|src/debug/dwarf/line_test.go
1744644870|Marcel Meyer|M|src/go/types/assignments.go
1744384451|1911860538|M|src/net/url/url.go
1744562928|Sean Liao|M|src/crypto/rand/example_test.go
1736229202|Keith Randall|M|src/internal/runtime/maps/group.go
1736229202|Keith Randall|M|src/internal/runtime/maps/map_test.go
1736229202|Keith Randall|M|src/internal/runtime/maps/runtime_fast32_swiss.go
1736229202|Keith Randall|M|src/internal/runtime/maps/runtime_fast64_swiss.go
1736229202|Keith Randall|M|src/internal/runtime/maps/runtime_faststr_swiss.go
1736229202|Keith Randall|M|src/internal/runtime/maps/table.go
1744876175|apocelipes|M|src/cmd/compile/internal/bitvec/bv.go
1744876175|apocelipes|M|src/cmd/compile/internal/liveness/plive.go
1744876175|apocelipes|M|src/cmd/compile/internal/objw/prog.go
1744876175|apocelipes|M|src/cmd/compile/internal/reflectdata/reflect.go
1744876175|apocelipes|M|src/cmd/compile/internal/ssa/_gen/allocators.go
1744876175|apocelipes|M|src/cmd/compile/internal/ssa/allocators.go
1744876175|apocelipes|M|src/cmd/compile/internal/ssa/block.go
1744876175|apocelipes|M|src/cmd/compile/internal/ssa/cache.go
1744876175|apocelipes|M|src/cmd/compile/internal/ssa/deadcode.go
1744876175|apocelipes|M|src/cmd/compile/internal/ssa/debug.go
1744876175|apocelipes|M|src/cmd/compile/internal/ssa/poset.go
1744876175|apocelipes|M|src/cmd/compile/internal/ssa/regalloc.go
1744876175|apocelipes|M|src/cmd/compile/internal/ssa/stackalloc.go
1744876175|apocelipes|M|src/cmd/compile/internal/ssa/tighten.go
1744876175|apocelipes|M|src/cmd/compile/internal/ssa/trim.go
1744876175|apocelipes|M|src/cmd/compile/internal/ssagen/ssa.go
1744406391|Damien Neil|M|src/encoding/json/bench_test.go
1744406391|Damien Neil|M|src/encoding/json/decode.go
1744406391|Damien Neil|M|src/encoding/json/decode_test.go
1744406391|Damien Neil|M|src/encoding/json/encode.go
1744406391|Damien Neil|M|src/encoding/json/encode_test.go
1744406391|Damien Neil|M|src/encoding/json/example_marshaling_test.go
1744406391|Damien Neil|M|src/encoding/json/example_test.go
1744406391|Damien Neil|M|src/encoding/json/example_text_marshaling_test.go
1744406391|Damien Neil|M|src/encoding/json/fold.go
1744406391|Damien Neil|M|src/encoding/json/fold_test.go
1744406391|Damien Neil|M|src/encoding/json/fuzz_test.go
1744406391|Damien Neil|M|src/encoding/json/indent.go
1744406391|Damien Neil|A|src/encoding/json/internal/internal.go
1744406391|Damien Neil|A|src/encoding/json/internal/jsonflags/flags.go
1744406391|Damien Neil|A|src/encoding/json/internal/jsonflags/flags_test.go
1744406391|Damien Neil|A|src/encoding/json/internal/jsonopts/options.go
1744406391|Damien Neil|A|src/encoding/json/internal/jsonopts/options_test.go
1744406391|Damien Neil|A|src/encoding/json/internal/jsontest/testcase.go
1744406391|Damien Neil|A|src/encoding/json/internal/jsontest/testdata.go
1744406391|Damien Neil|A|src/encoding/json/internal/jsontest/testdata/canada_geometry.json.zst
1744406391|Damien Neil|A|src/encoding/json/internal/jsontest/testdata/citm_catalog.json.zst
1744406391|Damien Neil|A|src/encoding/json/internal/jsontest/testdata/golang_source.json.zst
1744406391|Damien Neil|A|src/encoding/json/internal/jsontest/testdata/string_escaped.json.zst
1744406391|Damien Neil|A|src/encoding/json/internal/jsontest/testdata/string_unicode.json.zst
1744406391|Damien Neil|A|src/encoding/json/internal/jsontest/testdata/synthea_fhir.json.zst
1744406391|Damien Neil|A|src/encoding/json/internal/jsontest/testdata/twitter_status.json.zst
1744406391|Damien Neil|A|src/encoding/json/internal/jsonwire/decode.go
1744406391|Damien Neil|A|src/encoding/json/internal/jsonwire/decode_test.go
1744406391|Damien Neil|A|src/encoding/json/internal/jsonwire/encode.go
1744406391|Damien Neil|A|src/encoding/json/internal/jsonwire/encode_test.go
1744406391|Damien Neil|A|src/encoding/json/internal/jsonwire/wire.go
1744406391|Damien Neil|A|src/encoding/json/internal/jsonwire/wire_test.go
1744406391|Damien Neil|A|src/encoding/json/jsontext/coder_test.go
1744406391|Damien Neil|A|src/encoding/json/jsontext/decode.go
1744406391|Damien Neil|A|src/encoding/json/jsontext/decode_test.go
1744406391|Damien Neil|A|src/encoding/json/jsontext/doc.go
1744406391|Damien Neil|A|src/encoding/json/jsontext/encode.go
1744406391|Damien Neil|A|src/encoding/json/jsontext/encode_test.go
1744406391|Damien Neil|A|src/encoding/json/jsontext/errors.go
1744406391|Damien Neil|A|src/encoding/json/jsontext/example_test.go
1744406391|Damien Neil|A|src/encoding/json/jsontext/export.go
1744406391|Damien Neil|A|src/encoding/json/jsontext/fuzz_test.go
1744406391|Damien Neil|A|src/encoding/json/jsontext/options.go
1744406391|Damien Neil|A|src/encoding/json/jsontext/pools.go
1744406391|Damien Neil|A|src/encoding/json/jsontext/quote.go
1744406391|Damien Neil|A|src/encoding/json/jsontext/state.go
1744406391|Damien Neil|A|src/encoding/json/jsontext/state_test.go
1744406391|Damien Neil|A|src/encoding/json/jsontext/token.go
1744406391|Damien Neil|A|src/encoding/json/jsontext/token_test.go
1744406391|Damien Neil|A|src/encoding/json/jsontext/value.go
1744406391|Damien Neil|A|src/encoding/json/jsontext/value_test.go
1744406391|Damien Neil|M|src/encoding/json/number_test.go
1744406391|Damien Neil|M|src/encoding/json/scanner.go
1744406391|Damien Neil|M|src/encoding/json/scanner_test.go
1744406391|Damien Neil|M|src/encoding/json/stream.go
1744406391|Damien Neil|M|src/encoding/json/stream_test.go
1744406391|Damien Neil|M|src/encoding/json/tables.go
1744406391|Damien Neil|M|src/encoding/json/tagkey_test.go
1744406391|Damien Neil|M|src/encoding/json/tags.go
1744406391|Damien Neil|M|src/encoding/json/tags_test.go
1744406391|Damien Neil|A|src/encoding/json/v2/arshal.go
1744406391|Damien Neil|A|src/encoding/json/v2/arshal_any.go
1744406391|Damien Neil|A|src/encoding/json/v2/arshal_default.go
1744406391|Damien Neil|A|src/encoding/json/v2/arshal_funcs.go
1744406391|Damien Neil|A|src/encoding/json/v2/arshal_inlined.go
1744406391|Damien Neil|A|src/encoding/json/v2/arshal_methods.go
1744406391|Damien Neil|A|src/encoding/json/v2/arshal_test.go
1744406391|Damien Neil|A|src/encoding/json/v2/arshal_time.go
1744406391|Damien Neil|A|src/encoding/json/v2/arshal_time_test.go
1744406391|Damien Neil|A|src/encoding/json/v2/bench_test.go
1744406391|Damien Neil|A|src/encoding/json/v2/doc.go
1744406391|Damien Neil|A|src/encoding/json/v2/errors.go
1744406391|Damien Neil|A|src/encoding/json/v2/errors_test.go
1744406391|Damien Neil|A|src/encoding/json/v2/example_orderedobject_test.go
1744406391|Damien Neil|A|src/encoding/json/v2/example_test.go
1744406391|Damien Neil|A|src/encoding/json/v2/fields.go
1744406391|Damien Neil|A|src/encoding/json/v2/fields_test.go
1744406391|Damien Neil|A|src/encoding/json/v2/fold.go
1744406391|Damien Neil|A|src/encoding/json/v2/fold_test.go
1744406391|Damien Neil|A|src/encoding/json/v2/fuzz_test.go
1744406391|Damien Neil|A|src/encoding/json/v2/inline_test.go
1744406391|Damien Neil|A|src/encoding/json/v2/intern.go
1744406391|Damien Neil|A|src/encoding/json/v2/intern_test.go
1744406391|Damien Neil|A|src/encoding/json/v2/options.go
1744406391|Damien Neil|A|src/encoding/json/v2_bench_test.go
1744406391|Damien Neil|A|src/encoding/json/v2_decode.go
1744406391|Damien Neil|A|src/encoding/json/v2_decode_test.go
1744406391|Damien Neil|A|src/encoding/json/v2_diff_test.go
1744406391|Damien Neil|A|src/encoding/json/v2_encode.go
1744406391|Damien Neil|A|src/encoding/json/v2_encode_test.go
1744406391|Damien Neil|A|src/encoding/json/v2_example_marshaling_test.go
1744406391|Damien Neil|A|src/encoding/json/v2_example_test.go
1744406391|Damien Neil|A|src/encoding/json/v2_example_text_marshaling_test.go
1744406391|Damien Neil|A|src/encoding/json/v2_fuzz_test.go
1744406391|Damien Neil|A|src/encoding/json/v2_indent.go
1744406391|Damien Neil|A|src/encoding/json/v2_inject.go
1744406391|Damien Neil|A|src/encoding/json/v2_options.go
1744406391|Damien Neil|A|src/encoding/json/v2_scanner.go
1744406391|Damien Neil|A|src/encoding/json/v2_scanner_test.go
1744406391|Damien Neil|A|src/encoding/json/v2_stream.go
1744406391|Damien Neil|A|src/encoding/json/v2_stream_test.go
1744406391|Damien Neil|A|src/encoding/json/v2_tagkey_test.go
1744406391|Damien Neil|M|src/go/build/deps_test.go
1744406391|Damien Neil|A|src/internal/goexperiment/exp_jsonv2_off.go
1744406391|Damien Neil|A|src/internal/goexperiment/exp_jsonv2_on.go
1744406391|Damien Neil|M|src/internal/goexperiment/flags.go
1744406391|Damien Neil|M|src/time/time_test.go
1736353290|Russ Cox|A|api/next/70780.txt
1736353290|Russ Cox|A|doc/next/6-stdlib/99-minor/unicode/70780.md
1736353290|Russ Cox|M|src/unicode/script_test.go
1736353290|Russ Cox|M|src/unicode/tables.go
1743368189|Russ Cox|M|src/math/big/arith_amd64.s
1743368189|Russ Cox|M|src/math/big/arith_s390x_test.go
1743368189|Russ Cox|M|src/math/big/arith_test.go
1743368189|Russ Cox|M|src/math/big/nat_test.go
1744318731|Russ Cox|M|src/go/build/deps_test.go
1744318731|Russ Cox|A|src/math/big/internal/asmgen/add.go
1744318731|Russ Cox|A|src/math/big/internal/asmgen/arch.go
1744318731|Russ Cox|A|src/math/big/internal/asmgen/arm.go
1744318731|Russ Cox|A|src/math/big/internal/asmgen/asm.go
1744318731|Russ Cox|A|src/math/big/internal/asmgen/func.go
1744318731|Russ Cox|A|src/math/big/internal/asmgen/main.go
1744318731|Russ Cox|A|src/math/big/internal/asmgen/main_test.go
1744318731|Russ Cox|A|src/math/big/internal/asmgen/mips.go
1744318731|Russ Cox|A|src/math/big/internal/asmgen/mips64.go
1744318731|Russ Cox|A|src/math/big/internal/asmgen/pipe.go
1744327050|Russ Cox|M|src/math/big/internal/asmgen/arch.go
1744327050|Russ Cox|M|src/math/big/internal/asmgen/arm.go
1744327050|Russ Cox|M|src/math/big/internal/asmgen/asm.go
1744327050|Russ Cox|M|src/math/big/internal/asmgen/cheat.go
1744327050|Russ Cox|M|src/math/big/internal/asmgen/main.go
1744327050|Russ Cox|A|src/math/big/internal/asmgen/mul.go
1744327050|Russ Cox|A|src/math/big/internal/asmgen/shift.go
1744376098|Russ Cox|M|src/math/big/arith.go
1744376098|Russ Cox|M|src/math/big/nat.go
1744376098|Russ Cox|M|src/math/big/natdiv.go
1744985489|1911860538|M|src/net/lookup_unix.go
1744723040|Julian Zhu|M|src/crypto/internal/fips140/sha512/sha512block_riscv64.s
1742404642|Keith Randall|M|src/cmd/compile/internal/ssa/nilcheck.go
1742404642|Keith Randall|M|src/cmd/compile/internal/types2/range.go
1742404642|Keith Randall|M|src/cmd/compile/internal/walk/range.go
1742404642|Keith Randall|M|src/go/types/range.go
1742404642|Keith Randall|M|test/codegen/issue52635.go
1707962040|Ian Lance Taylor|M|src/runtime/proc.go
1707962040|Ian Lance Taylor|M|src/runtime/runtime2.go
1744137296|Rhys Hiltner|M|src/runtime/lock_spinbit.go
1745264664|Keith Randall|M|src/cmd/compile/internal/ssa/_gen/generic.rules
1745264664|Keith Randall|M|src/cmd/compile/internal/ssa/rewrite.go
1745264664|Keith Randall|M|src/cmd/compile/internal/ssa/rewritegeneric.go
1745264664|Keith Randall|M|test/codegen/mathbits.go
1744901478|1911860538|M|src/net/http/transport.go
1744892489|Xiaolin Zhao|M|src/runtime/mkduff.go
1741114968|Michael Anthony Knyszek|M|src/cmd/internal/objabi/pkgspecial.go
1741114968|Michael Anthony Knyszek|M|src/go/build/deps_test.go
1741114968|Michael Anthony Knyszek|D|src/runtime/mksizeclasses.go
1741114968|Michael Anthony Knyszek|A|src/internal/runtime/gc/mksizeclasses.go
1741114968|Michael Anthony Knyszek|D|src/runtime/sizeclasses.go
1741114968|Michael Anthony Knyszek|A|src/internal/runtime/gc/sizeclasses.go
1741114968|Michael Anthony Knyszek|M|src/runtime/export_test.go
1741114968|Michael Anthony Knyszek|M|src/runtime/heapdump.go
1741114968|Michael Anthony Knyszek|M|src/runtime/malloc.go
1741114968|Michael Anthony Knyszek|M|src/runtime/mcache.go
1741114968|Michael Anthony Knyszek|M|src/runtime/mcentral.go
1741114968|Michael Anthony Knyszek|M|src/runtime/metrics.go
1741114968|Michael Anthony Knyszek|M|src/runtime/mgcsweep.go
1741114968|Michael Anthony Knyszek|M|src/runtime/mheap.go
1741114968|Michael Anthony Knyszek|M|src/runtime/mpagealloc.go
1741114968|Michael Anthony Knyszek|M|src/runtime/msize.go
1741114968|Michael Anthony Knyszek|M|src/runtime/mstats.go
1741114968|Michael Anthony Knyszek|M|src/runtime/stack.go
1741114968|Michael Anthony Knyszek|M|src/runtime/traceallocfree.go
1738354339|Michael Anthony Knyszek|A|src/internal/goexperiment/exp_greenteagc_off.go
1738354339|Michael Anthony Knyszek|A|src/internal/goexperiment/exp_greenteagc_on.go
1738354339|Michael Anthony Knyszek|M|src/internal/goexperiment/flags.go
1745437948|Alan Donovan|M|src/cmd/go.mod
1745437948|Alan Donovan|M|src/cmd/go.sum
1745437948|Alan Donovan|M|src/cmd/vendor/golang.org/x/sync/errgroup/errgroup.go
1745437948|Alan Donovan|M|src/cmd/vendor/golang.org/x/sys/unix/syscall_darwin.go
1745437948|Alan Donovan|M|src/cmd/vendor/golang.org/x/sys/unix/syscall_linux.go
1745437948|Alan Donovan|M|src/cmd/vendor/golang.org/x/sys/unix/zsyscall_darwin_amd64.go
1745437948|Alan Donovan|M|src/cmd/vendor/golang.org/x/sys/unix/zsyscall_darwin_amd64.s
1745437948|Alan Donovan|M|src/cmd/vendor/golang.org/x/sys/unix/zsyscall_darwin_arm64.go
1745437948|Alan Donovan|M|src/cmd/vendor/golang.org/x/sys/unix/zsyscall_darwin_arm64.s
1745437948|Alan Donovan|M|src/cmd/vendor/golang.org/x/sys/windows/types_windows.go
1745437948|Alan Donovan|M|src/cmd/vendor/golang.org/x/text/language/parse.go
1745437948|Alan Donovan|M|src/cmd/vendor/golang.org/x/tools/go/analysis/passes/composite/composite.go
1745437948|Alan Donovan|M|src/cmd/vendor/golang.org/x/tools/go/analysis/passes/copylock/copylock.go
1745437948|Alan Donovan|M|src/cmd/vendor/golang.org/x/tools/go/analysis/passes/lostcancel/lostcancel.go
1745437948|Alan Donovan|M|src/cmd/vendor/golang.org/x/tools/go/analysis/passes/nilfunc/nilfunc.go
1745437948|Alan Donovan|M|src/cmd/vendor/golang.org/x/tools/go/analysis/passes/structtag/structtag.go
1745437948|Alan Donovan|M|src/cmd/vendor/golang.org/x/tools/go/analysis/passes/testinggoroutine/testinggoroutine.go
1745437948|Alan Donovan|M|src/cmd/vendor/golang.org/x/tools/go/analysis/passes/testinggoroutine/util.go
1745437948|Alan Donovan|M|src/cmd/vendor/golang.org/x/tools/go/analysis/passes/unreachable/unreachable.go
1745437948|Alan Donovan|M|src/cmd/vendor/golang.org/x/tools/go/ast/inspector/inspector.go
1745437948|Alan Donovan|M|src/cmd/vendor/golang.org/x/tools/go/ast/inspector/typeof.go
1745437948|Alan Donovan|M|src/cmd/vendor/golang.org/x/tools/go/types/typeutil/callee.go
1745437948|Alan Donovan|M|src/cmd/vendor/golang.org/x/tools/internal/analysisinternal/analysis.go
1745437948|Alan Donovan|A|src/cmd/vendor/golang.org/x/tools/internal/astutil/clone.go
1745437948|Alan Donovan|A|src/cmd/vendor/golang.org/x/tools/internal/astutil/comment.go
1745437948|Alan Donovan|M|src/cmd/vendor/golang.org/x/tools/internal/astutil/cursor/cursor.go
1745437948|Alan Donovan|A|src/cmd/vendor/golang.org/x/tools/internal/astutil/util.go
1745437948|Alan Donovan|M|src/cmd/vendor/golang.org/x/tools/internal/bisect/bisect.go
1745437948|Alan Donovan|M|src/cmd/vendor/golang.org/x/tools/internal/stdlib/deps.go
1745437948|Alan Donovan|M|src/cmd/vendor/golang.org/x/tools/internal/stdlib/manifest.go
1745437948|Alan Donovan|M|src/cmd/vendor/golang.org/x/tools/internal/typeparams/free.go
1745437948|Alan Donovan|M|src/cmd/vendor/golang.org/x/tools/internal/typeparams/termlist.go
1745437948|Alan Donovan|M|src/cmd/vendor/golang.org/x/tools/internal/typeparams/typeterm.go
1745437948|Alan Donovan|A|src/cmd/vendor/golang.org/x/tools/internal/typesinternal/classify_call.go
1745437948|Alan Donovan|M|src/cmd/vendor/golang.org/x/tools/internal/typesinternal/types.go
1745437948|Alan Donovan|M|src/cmd/vendor/modules.txt
1745437948|Alan Donovan|M|src/go.mod
1745437948|Alan Donovan|M|src/go.sum
1745437948|Alan Donovan|M|src/net/http/h2_bundle.go
1745437948|Alan Donovan|M|src/vendor/golang.org/x/crypto/cryptobyte/asn1.go
1745437948|Alan Donovan|M|src/vendor/golang.org/x/crypto/internal/poly1305/mac_noasm.go
1745437948|Alan Donovan|D|src/vendor/golang.org/x/crypto/internal/poly1305/sum_amd64.go
1745437948|Alan Donovan|A|src/vendor/golang.org/x/crypto/internal/poly1305/sum_asm.go
1745437948|Alan Donovan|A|src/vendor/golang.org/x/crypto/internal/poly1305/sum_loong64.s
1745437948|Alan Donovan|D|src/vendor/golang.org/x/crypto/internal/poly1305/sum_ppc64x.go
1745437948|Alan Donovan|M|src/vendor/golang.org/x/sys/cpu/cpu.go
1745437948|Alan Donovan|A|src/vendor/golang.org/x/sys/cpu/cpu_linux_loong64.go
1745437948|Alan Donovan|M|src/vendor/golang.org/x/sys/cpu/cpu_linux_noinit.go
1745437948|Alan Donovan|M|src/vendor/golang.org/x/sys/cpu/cpu_loong64.go
1745437948|Alan Donovan|A|src/vendor/golang.org/x/sys/cpu/cpu_loong64.s
1745437948|Alan Donovan|M|src/vendor/golang.org/x/sys/cpu/parse.go
1745437948|Alan Donovan|M|src/vendor/modules.txt
1744754106|Keith Randall|M|src/runtime/export_test.go
1744754106|Keith Randall|M|src/runtime/lfstack.go
1744754106|Keith Randall|M|src/runtime/lfstack_test.go
1744754106|Keith Randall|M|src/runtime/mgc.go
1744754106|Keith Randall|M|src/runtime/mspanset.go
1744754106|Keith Randall|M|src/runtime/netpoll.go
1744754106|Keith Randall|M|src/runtime/tagptr.go
1744754106|Keith Randall|M|src/runtime/tagptr_32bit.go
1744754106|Keith Randall|M|src/runtime/tagptr_64bit.go
1744299947|qmuntal|M|src/internal/poll/fd_plan9.go
1744299947|qmuntal|M|src/internal/poll/fd_poll_runtime.go
1744299947|qmuntal|M|src/internal/poll/fd_unix.go
1744299947|qmuntal|M|src/internal/poll/fd_windows.go
1744299947|qmuntal|M|src/internal/syscall/windows/syscall_windows.go
1744299947|qmuntal|M|src/internal/syscall/windows/types_windows.go
1744299947|qmuntal|M|src/os/file.go
1744299947|qmuntal|M|src/os/file_windows.go
1744299947|qmuntal|M|src/os/os_windows_test.go
1745509136|Keith Randall|M|src/cmd/compile/internal/walk/range.go
1745509136|Keith Randall|A|test/fixedbugs/issue73491.go
1745360057|Keith Randall|M|src/cmd/compile/internal/types2/range.go
1745360057|Keith Randall|M|src/go/types/range.go
1745360057|Keith Randall|A|test/fixedbugs/issue73476.go
1745360057|Keith Randall|A|test/fixedbugs/issue73476.out
1695819426|Mateusz Poliwczak|M|src/sync/atomic/type.go
1745375439|Guoqi Chen|M|src/cmd/asm/internal/asm/testdata/loong64enc1.s
1745375439|Guoqi Chen|M|src/cmd/internal/obj/loong64/asm.go
1739314928|Keith Randall|M|src/cmd/internal/obj/arm/obj5.go
1739314928|Keith Randall|M|src/cmd/internal/obj/arm64/obj7.go
1739314928|Keith Randall|M|src/cmd/internal/obj/loong64/obj.go
1739314928|Keith Randall|M|src/cmd/internal/obj/mips/obj0.go
1739314928|Keith Randall|M|src/cmd/internal/obj/plist.go
1739314928|Keith Randall|M|src/cmd/internal/obj/ppc64/obj9.go
1739314928|Keith Randall|M|src/cmd/internal/obj/riscv/obj.go
1739314928|Keith Randall|M|src/cmd/internal/obj/s390x/objz.go
1739314928|Keith Randall|M|src/cmd/internal/obj/x86/obj6.go
1739314928|Keith Randall|M|src/runtime/preempt.go
1739314928|Keith Randall|M|src/runtime/runtime2.go
1739314928|Keith Randall|M|src/runtime/stack.go
1743878112|David du Colombier|M|src/runtime/os_plan9.go
1745340582|Julien Cretel|M|src/mime/grammar.go
1745340582|Julien Cretel|M|src/mime/mediatype.go
1745340582|Julien Cretel|M|src/mime/mediatype_test.go
1744232886|John Bampton|M|src/crypto/internal/hpke/hpke.go
1744232886|John Bampton|M|src/crypto/internal/hpke/hpke_test.go
1744232886|John Bampton|M|src/crypto/tls/ech.go
1744232886|John Bampton|M|src/crypto/tls/handshake_server_tls13.go
1745927169|John Bampton|M|doc/godebug.md
1745927169|John Bampton|M|doc/next/5-toolchain.md
1745942046|Sean Liao|M|src/testing/allocs.go
1745942046|Sean Liao|M|src/testing/benchmark.go
1745942046|Sean Liao|M|src/testing/fuzz.go
1745942046|Sean Liao|M|src/testing/testing.go
1742857266|Jake Bailey|M|src/syscall/syscall_windows.go
1742857266|Jake Bailey|M|src/syscall/syscall_windows_test.go
1745624596|Dmitri Shuralyov|M|src/cmd/go/internal/work/buildid.go
1745624596|Dmitri Shuralyov|M|src/cmd/internal/objabi/flag.go
1745542090|Dmitri Shuralyov|M|src/cmd/dist/build.go
1739364028|Joel Sing|M|src/cmd/asm/internal/asm/testdata/riscv64.s
1739364028|Joel Sing|M|src/cmd/asm/internal/asm/testdata/riscv64error.s
1739364028|Joel Sing|M|src/cmd/asm/internal/asm/testdata/riscv64validation.s
1739364028|Joel Sing|M|src/cmd/internal/obj/riscv/anames.go
1739364028|Joel Sing|M|src/cmd/internal/obj/riscv/cpu.go
1739364028|Joel Sing|M|src/cmd/internal/obj/riscv/obj.go
1742393363|Joel Sing|M|src/cmd/compile/internal/riscv64/ssa.go
1742393363|Joel Sing|M|src/cmd/compile/internal/ssa/_gen/RISCV64.rules
1742393363|Joel Sing|M|src/cmd/compile/internal/ssa/_gen/RISCV64Ops.go
1742393363|Joel Sing|M|src/cmd/compile/internal/ssa/opGen.go
1742393363|Joel Sing|M|src/cmd/compile/internal/ssa/rewriteRISCV64.go
1742393363|Joel Sing|M|src/cmd/compile/internal/ssagen/intrinsics.go
1742393363|Joel Sing|M|src/cmd/compile/internal/ssagen/intrinsics_test.go
1742393363|Joel Sing|M|test/codegen/mathbits.go
1731356474|Keith Randall|M|src/cmd/compile/internal/ssa/_gen/AMD64.rules
1731356474|Keith Randall|M|src/cmd/compile/internal/ssa/_gen/ARM64.rules
1731356474|Keith Randall|M|src/cmd/compile/internal/ssa/_gen/ARM64latelower.rules
1731356474|Keith Randall|M|src/cmd/compile/internal/ssa/_gen/rulegen.go
1731356474|Keith Randall|M|src/cmd/compile/internal/ssa/config.go
1731356474|Keith Randall|M|src/cmd/compile/internal/ssa/rewrite.go
1731356474|Keith Randall|M|src/cmd/compile/internal/ssa/rewriteAMD64.go
1731356474|Keith Randall|M|src/cmd/compile/internal/ssa/rewriteARM64.go
1731356474|Keith Randall|M|src/cmd/compile/internal/ssa/rewriteARM64latelower.go
1731356474|Keith Randall|M|src/cmd/compile/internal/test/mulconst_test.go
1731356474|Keith Randall|M|test/codegen/arithmetic.go
1731356474|Keith Randall|A|test/codegen/multiply.go
1746112180|Josh Rickmar|M|src/internal/syscall/unix/at_openbsd.go
1746112180|Josh Rickmar|M|src/os/root_test.go
1738498152|Joel Sing|M|src/cmd/asm/internal/asm/testdata/riscv64.s
1738498152|Joel Sing|M|src/cmd/asm/internal/asm/testdata/riscv64error.s
1738498152|Joel Sing|M|src/cmd/asm/internal/asm/testdata/riscv64validation.s
1738498152|Joel Sing|M|src/cmd/internal/obj/riscv/anames.go
1738498152|Joel Sing|M|src/cmd/internal/obj/riscv/cpu.go
1738498152|Joel Sing|M|src/cmd/internal/obj/riscv/obj.go
1745897300|Dmitri Shuralyov|M|src/cmd/api/api_test.go
1745336966|Stefan Schlosser|M|src/cmd/go/internal/vcs/vcs.go
1745336966|Stefan Schlosser|A|src/cmd/go/testdata/script/version_buildvcs_svn.txt
1746040490|Michael Pratt|M|src/runtime/asm_arm64.s
1746306401|Russ Cox|M|src/go/types/api.go
1746102045|Mateusz Poliwczak|M|src/go/parser/parser.go
1746102045|Mateusz Poliwczak|M|src/go/parser/parser_test.go
1746467512|Keith Randall|M|src/cmd/internal/obj/arm/obj5.go
1746467512|Keith Randall|M|src/cmd/internal/obj/arm64/obj7.go
1746467512|Keith Randall|M|src/cmd/internal/obj/loong64/obj.go
1746467512|Keith Randall|M|src/cmd/internal/obj/mips/obj0.go
1746467512|Keith Randall|M|src/cmd/internal/obj/plist.go
1746467512|Keith Randall|M|src/cmd/internal/obj/ppc64/obj9.go
1746467512|Keith Randall|M|src/cmd/internal/obj/riscv/obj.go
1746467512|Keith Randall|M|src/cmd/internal/obj/s390x/objz.go
1746467512|Keith Randall|M|src/cmd/internal/obj/x86/obj6.go
1746467512|Keith Randall|M|src/runtime/preempt.go
1746467512|Keith Randall|M|src/runtime/runtime2.go
1746467512|Keith Randall|M|src/runtime/stack.go
1746290702|tdakkota|M|src/bytes/iter.go
1746290702|tdakkota|A|src/bytes/iter_test.go
1746290702|tdakkota|M|src/strings/iter.go
1746290702|tdakkota|A|src/strings/iter_test.go
1744298849|Mark Freeman|M|src/cmd/compile/internal/types2/check.go
1744298849|Mark Freeman|M|src/cmd/compile/internal/types2/decl.go
1744298849|Mark Freeman|M|src/go/types/check.go
1744298849|Mark Freeman|M|src/go/types/decl.go
1745861534|Mark Freeman|M|src/internal/pkgbits/decoder.go
1745861534|Mark Freeman|M|src/internal/pkgbits/encoder.go
1745861534|Mark Freeman|M|src/internal/pkgbits/reloc.go
1746462826|Mark Freeman|M|doc/next/4-runtime.md
1746462826|Mark Freeman|M|src/cmd/go/testdata/script/test_cleanup_failnow.txt
1746462826|Mark Freeman|M|src/cmd/go/testdata/script/test_fuzz_return.txt
1746462826|Mark Freeman|M|src/runtime/crash_test.go
1746462826|Mark Freeman|M|src/runtime/panic.go
1746462826|Mark Freeman|M|src/runtime/runtime2.go
1746462826|Mark Freeman|M|src/runtime/testdata/testprog/crash.go
1746466855|Mark Freeman|M|src/cmd/compile/internal/importer/ureader.go
1746466855|Mark Freeman|M|src/cmd/compile/internal/noder/linker.go
1746466855|Mark Freeman|M|src/cmd/compile/internal/noder/reader.go
1746466855|Mark Freeman|M|src/cmd/compile/internal/noder/writer.go
1746466855|Mark Freeman|M|src/go/internal/gcimporter/ureader.go
1746466855|Mark Freeman|M|src/internal/pkgbits/reloc.go
1746148406|cuishuang|M|src/cmd/go/internal/generate/generate_test.go
1746148406|cuishuang|M|src/cmd/go/internal/list/list.go
1746148406|cuishuang|M|src/cmd/go/internal/work/shell.go
1746640837|Michael Pratt|M|src/runtime/error.go
1692408154|Guoqi Chen|M|src/cmd/dist/test.go
1692408154|Guoqi Chen|M|src/internal/platform/supported.go
1692408154|Guoqi Chen|M|src/race.bash
1692408154|Guoqi Chen|M|src/runtime/asm_loong64.s
1692408154|Guoqi Chen|M|src/runtime/race/README
1692408154|Guoqi Chen|M|src/runtime/race/race.go
1692408154|Guoqi Chen|A|src/runtime/race/race_linux_loong64.syso
1692408154|Guoqi Chen|A|src/runtime/race_loong64.s
1715899716|Rhys Hiltner|M|src/runtime/export_test.go
1715899716|Rhys Hiltner|M|src/runtime/metrics_test.go
1732936416|khr@golang.org|M|src/cmd/compile/internal/reflectdata/map_swiss.go
1732936416|khr@golang.org|M|src/internal/runtime/maps/map.go
1732936416|khr@golang.org|M|src/internal/runtime/maps/table.go
1746120290|Damien Neil|M|src/runtime/chan.go
1746120290|Damien Neil|M|src/runtime/coro.go
1746120290|Damien Neil|M|src/runtime/mgc.go
1746120290|Damien Neil|M|src/runtime/mgcmark.go
1746120290|Damien Neil|M|src/runtime/panic.go
1746120290|Damien Neil|M|src/runtime/proc.go
1746120290|Damien Neil|M|src/runtime/runtime2.go
1746120290|Damien Neil|M|src/runtime/select.go
1746120290|Damien Neil|M|src/runtime/sema.go
1746120290|Damien Neil|M|src/runtime/synctest.go
1746120290|Damien Neil|M|src/runtime/time.go
1746120290|Damien Neil|M|src/runtime/traceback.go
1746479153|Rhys Hiltner|M|src/cmd/compile/internal/test/inl_test.go
1746529354|Mark Ryan|M|src/cmd/asm/internal/asm/testdata/riscv64.s
1746529354|Mark Ryan|M|src/cmd/internal/obj/riscv/cpu.go
1741033915|Roland Shoemaker|A|api/next/63405.txt
1741033915|Roland Shoemaker|A|doc/next/6-stdlib/99-minor/crypto/63405.md
1741033915|Roland Shoemaker|A|doc/next/6-stdlib/99-minor/crypto/x509/63405.md
1741033915|Roland Shoemaker|M|src/crypto/crypto.go
1741033915|Roland Shoemaker|A|src/crypto/crypto_test.go
1741033915|Roland Shoemaker|M|src/crypto/x509/x509.go
1741033915|Roland Shoemaker|M|src/crypto/x509/x509_test.go
1746474483|Mark Freeman|M|src/internal/pkgbits/doc.go
1746169840|Constantin Konstantinidis|M|src/cmd/go/internal/load/pkg.go
1746169840|Constantin Konstantinidis|M|src/cmd/go/internal/search/search.go
1746169840|Constantin Konstantinidis|A|src/cmd/go/testdata/script/install_backslash.txt
1745058686|Jakub Ciolek|M|src/cmd/compile/internal/ssa/phiopt.go
1745058686|Jakub Ciolek|M|test/codegen/bool.go
1745058686|Jakub Ciolek|M|test/phiopt.go
1739982801|Michael Anthony Knyszek|M|src/cmd/internal/objabi/funcid.go
1739982801|Michael Anthony Knyszek|M|src/internal/abi/symtab.go
1739982801|Michael Anthony Knyszek|M|src/runtime/abi_test.go
1739982801|Michael Anthony Knyszek|M|src/runtime/crash_test.go
1739982801|Michael Anthony Knyszek|M|src/runtime/export_test.go
1739982801|Michael Anthony Knyszek|M|src/runtime/lockrank.go
1739982801|Michael Anthony Knyszek|M|src/runtime/mcleanup.go
1739982801|Michael Anthony Knyszek|M|src/runtime/mcleanup_test.go
1739982801|Michael Anthony Knyszek|M|src/runtime/mfinal.go
1739982801|Michael Anthony Knyszek|M|src/runtime/mgc.go
1739982801|Michael Anthony Knyszek|M|src/runtime/mgcmark.go
1739982801|Michael Anthony Knyszek|M|src/runtime/mgcsweep.go
1739982801|Michael Anthony Knyszek|M|src/runtime/mheap.go
1739982801|Michael Anthony Knyszek|M|src/runtime/mklockrank.go
1739982801|Michael Anthony Knyszek|M|src/runtime/mprof.go
1739982801|Michael Anthony Knyszek|M|src/runtime/pprof/pprof_test.go
1739982801|Michael Anthony Knyszek|M|src/runtime/proc.go
1739982801|Michael Anthony Knyszek|M|src/runtime/runtime2.go
1739982801|Michael Anthony Knyszek|M|src/runtime/testdata/testprog/finalizer_deadlock.go
1739982801|Michael Anthony Knyszek|M|src/runtime/traceback.go
1739982801|Michael Anthony Knyszek|M|src/sync/oncefunc_test.go
1739982801|Michael Anthony Knyszek|M|src/unique/handle.go
1739982801|Michael Anthony Knyszek|M|src/unique/handle_test.go
1739982801|Michael Anthony Knyszek|M|test/fixedbugs/issue30908.go
1746727158|Rhys Hiltner|M|src/runtime/lock_spinbit.go
1746731017|Michael Anthony Knyszek|M|src/crypto/tls/cache_test.go
1746479562|Austin Clements|M|src/hash/adler32/adler32_test.go
1746479562|Austin Clements|M|src/hash/crc32/crc32_test.go
1746479562|Austin Clements|M|src/hash/crc64/crc64_test.go
1746479562|Austin Clements|M|src/hash/fnv/fnv_test.go
1746479562|Austin Clements|M|src/hash/maphash/maphash_test.go
1745931851|Xiaolin Zhao|M|src/crypto/internal/fips140/sha512/sha512block_loong64.s
1745377455|limeidan|M|src/internal/bytealg/indexbyte_loong64.s
1746650942|Mark Freeman|M|src/cmd/compile/internal/noder/doc.go
1745951595|Daniel McCarney|M|src/crypto/tls/bogo_config.json
1745951595|Daniel McCarney|M|src/crypto/tls/handshake_client.go
1745962748|Daniel McCarney|M|src/crypto/tls/bogo_config.json
1745962748|Daniel McCarney|M|src/crypto/tls/common.go
1745962748|Daniel McCarney|M|src/crypto/tls/handshake_client.go
1745962748|Daniel McCarney|M|src/crypto/tls/handshake_server.go
1745962748|Daniel McCarney|M|src/crypto/tls/tls_test.go
1745962913|Daniel McCarney|M|src/crypto/tls/bogo_config.json
1745962913|Daniel McCarney|M|src/crypto/tls/bogo_shim_test.go
1746739995|Daniel McCarney|M|src/crypto/tls/bogo_config.json
1746739995|Daniel McCarney|M|src/crypto/tls/handshake_server.go
1746755775|Xiaolin Zhao|M|src/crypto/sha1/sha1block_loong64.s
1746706396|Tobias Klauser|M|src/bytes/example_test.go
1746706396|Tobias Klauser|M|src/strings/example_test.go
1745580532|ArsenySamoylov|M|src/runtime/mgcsweep.go
1746805368|qmuntal|M|src/cmd/link/internal/ld/data.go
1746805368|qmuntal|M|src/cmd/link/internal/ld/pe.go
1746805368|qmuntal|M|test/nilptr.go
1744872910|Spike Curtis|M|src/net/lookup_windows.go
1746999418|Sean Liao|M|src/testing/testing.go
1746999418|Sean Liao|M|src/testing/testing_test.go
1746823755|Mark Freeman|M|src/internal/pkgbits/doc.go
1745549584|Guoqi Chen|M|src/cmd/asm/internal/arch/loong64.go
1745549584|Guoqi Chen|M|src/cmd/asm/internal/asm/asm.go
1745549584|Guoqi Chen|M|src/cmd/asm/internal/asm/testdata/loong64enc1.s
1745549584|Guoqi Chen|M|src/cmd/internal/obj/loong64/a.out.go
1745549584|Guoqi Chen|M|src/cmd/internal/obj/loong64/anames.go
1745549584|Guoqi Chen|M|src/cmd/internal/obj/loong64/asm.go
1746803379|Yao Zi|M|src/cmd/link/internal/loadelf/ldelf.go
1747097125|Radu Berinde|M|src/crypto/internal/fips140/sha256/sha256.go
1747097125|Radu Berinde|M|src/crypto/md5/md5.go
1747097125|Radu Berinde|M|src/crypto/md5/md5_test.go
1747097125|Radu Berinde|M|src/crypto/sha256/sha256_test.go
1746996957|Sean Liao|M|src/runtime/pprof/pprof.go
1746996957|Sean Liao|M|src/runtime/pprof/proto.go
1746996957|Sean Liao|M|src/runtime/pprof/proto_test.go
1746996957|Sean Liao|M|src/runtime/pprof/protomem.go
1746548830|Roland Shoemaker|M|src/crypto/x509/verify.go
1746548830|Roland Shoemaker|M|src/crypto/x509/verify_test.go
1745425852|Carlos Amedee|M|src/reflect/all_test.go
1747171835|suntala|A|api/next/59928.txt
1747171835|suntala|A|doc/next/6-stdlib/99-minor/testing/59928.md
1747171835|suntala|M|src/testing/benchmark.go
1747171835|suntala|M|src/testing/fuzz.go
1747171835|suntala|M|src/testing/panic_test.go
1747171835|suntala|M|src/testing/sub_test.go
1747171835|suntala|M|src/testing/testing.go
1747104651|Xiaolin Zhao|M|src/cmd/asm/internal/asm/testdata/loong64enc1.s
1747104651|Xiaolin Zhao|M|src/cmd/internal/obj/loong64/asm.go
1747154496|Ian Alexander|M|src/cmd/internal/script/scripttest/setup.go
1747175719|Damien Neil|M|src/internal/syscall/windows/at_windows.go
1747175719|Damien Neil|M|src/os/os_test.go
1747175719|Damien Neil|M|src/syscall/syscall_windows.go
1746896956|qiulaidongfeng|M|src/cmd/go/internal/envcmd/env.go
1746896956|qiulaidongfeng|M|src/cmd/go/internal/work/gccgo.go
1746896956|qiulaidongfeng|M|src/cmd/go/testdata/script/env_changed.txt
1743659910|kmvijay|M|src/runtime/memclr_s390x.s
1747204541|Xiaolin Zhao|M|src/cmd/compile/internal/ssa/_gen/LOONG64.rules
1747204541|Xiaolin Zhao|M|src/cmd/compile/internal/ssa/rewrite.go
1747204541|Xiaolin Zhao|M|src/cmd/compile/internal/ssa/rewriteLOONG64.go
1747204541|Xiaolin Zhao|M|test/codegen/arithmetic.go
1740523810|Michael Anthony Knyszek|M|src/runtime/mcleanup.go
1740523810|Michael Anthony Knyszek|M|src/runtime/race.go
1740523810|Michael Anthony Knyszek|M|src/runtime/race/testdata/finalizer_test.go
1740523810|Michael Anthony Knyszek|M|src/runtime/race0.go
1747135882|qmuntal|M|src/internal/poll/fd_windows.go
1747135882|qmuntal|M|src/net/fd_windows.go
1747135882|qmuntal|M|src/net/file_test.go
1747135882|qmuntal|M|src/net/file_windows.go
1747135882|qmuntal|M|src/os/file_windows.go
1747139281|qmuntal|M|src/net/net_test.go
1747306874|Nick Ripley|M|src/runtime/pprof/pprof_test.go
1747322194|Jonathan Amsterdam|M|src/testing/sub_test.go
1747322194|Jonathan Amsterdam|M|src/testing/testing.go
1745530450|Keith Randall|M|src/cmd/compile/internal/ssa/_gen/ARM64.rules
1745530450|Keith Randall|M|src/cmd/compile/internal/ssa/rewrite.go
1745530450|Keith Randall|M|src/cmd/compile/internal/ssa/rewriteARM64.go
1747251988|Keith Randall|M|src/bytes/bytes_test.go
1747251988|Keith Randall|M|src/strings/strings_test.go
1746800987|Daniel McCarney|M|src/crypto/tls/bogo_config.json
1747293666|Guoqi Chen|M|src/cmd/asm/internal/asm/asm.go
1747293666|Guoqi Chen|M|src/cmd/asm/internal/asm/testdata/loong64enc1.s
1747293666|Guoqi Chen|M|src/cmd/asm/internal/asm/testdata/loong64enc5.s
1747293666|Guoqi Chen|M|src/cmd/internal/obj/loong64/asm.go
1747293666|Guoqi Chen|M|src/cmd/internal/obj/loong64/doc.go
1736361050|Sam Thanawalla|M|src/cmd/go/alldocs.go
1736361050|Sam Thanawalla|M|src/cmd/go/internal/load/pkg.go
1736361050|Sam Thanawalla|M|src/cmd/go/internal/modcmd/edit.go
1736361050|Sam Thanawalla|M|src/cmd/go/internal/modload/modfile.go
1736361050|Sam Thanawalla|M|src/cmd/go/internal/modload/search.go
1736361050|Sam Thanawalla|M|src/cmd/go/internal/search/search.go
1736361050|Sam Thanawalla|M|src/cmd/go/testdata/script/build_dash_x.txt
1736361050|Sam Thanawalla|A|src/cmd/go/testdata/script/build_ignoredirective.txt
1736361050|Sam Thanawalla|A|src/cmd/go/testdata/script/list_ignore.txt
1736361050|Sam Thanawalla|A|src/cmd/go/testdata/script/list_ignore_dependency.txt
1736361050|Sam Thanawalla|A|src/cmd/go/testdata/script/list_ignore_workspace.txt
1736361050|Sam Thanawalla|M|src/cmd/go/testdata/script/mod_edit.txt
1736361050|Sam Thanawalla|A|src/cmd/go/testdata/script/mod_tidy_ignore.txt
1747370558|Michael Anthony Knyszek|M|src/sync/pool_test.go
1747412071|Julian Zhu|M|src/cmd/compile/internal/ssa/_gen/MIPS64.rules
1747412071|Julian Zhu|M|src/cmd/compile/internal/ssa/rewriteMIPS64.go
1747412071|Julian Zhu|M|test/codegen/arithmetic.go
1747337457|Michael Matloob|M|src/cmd/distpack/pack.go
1747337457|Michael Matloob|M|src/cmd/go/internal/doc/doc.go
1747337457|Michael Matloob|M|src/cmd/go/internal/fix/fix.go
1747337457|Michael Matloob|M|src/cmd/go/internal/work/cover.go
1696843874|limeidan|M|src/cmd/link/internal/loadelf/ldelf.go
1696843874|limeidan|M|src/cmd/link/internal/loong64/asm.go
1733949726|Alan Donovan|M|src/bytes/buffer_test.go
1733949726|Alan Donovan|M|src/cmd/compile/internal/noder/linker.go
1733949726|Alan Donovan|M|src/cmd/compile/internal/noder/writer.go
1733949726|Alan Donovan|M|src/compress/flate/inflate_test.go
1733949726|Alan Donovan|M|src/internal/pkgbits/encoder.go
1733949726|Alan Donovan|M|src/runtime/pprof/pprof_test.go
1747674324|Alan Donovan|M|src/bytes/buffer.go
1747674324|Alan Donovan|M|src/strings/builder.go
1737584299|Michael Pratt|M|src/cmd/link/internal/ld/dwarf_test.go
1737584299|Michael Pratt|M|src/cmd/link/internal/ld/elf_test.go
1737584299|Michael Pratt|M|src/cmd/link/internal/ld/ld_test.go
1737584299|Michael Pratt|M|src/cmd/link/internal/ld/macho_test.go
1737584299|Michael Pratt|M|src/cmd/link/link_test.go
1737584299|Michael Pratt|M|src/cmd/nm/nm_cgo_test.go
1737584299|Michael Pratt|M|src/cmd/pack/pack_test.go
1737584299|Michael Pratt|M|src/internal/testenv/testenv.go
1737584299|Michael Pratt|M|src/os/exec/exec_test.go
1737584299|Michael Pratt|M|src/runtime/crash_cgo_test.go
1737584299|Michael Pratt|M|src/runtime/crash_test.go
1737584299|Michael Pratt|M|src/runtime/ehooks_test.go
1737584299|Michael Pratt|M|src/runtime/gc_test.go
1737584299|Michael Pratt|M|src/runtime/stack_test.go
1737584299|Michael Pratt|M|src/runtime/testdata/testprog/lockosthread_linux.go
1737584299|Michael Pratt|M|src/runtime/time_test.go
1737573213|Michael Pratt|M|src/runtime/asan_amd64.s
1737573213|Michael Pratt|M|src/runtime/asan_arm64.s
1737573213|Michael Pratt|M|src/runtime/asan_loong64.s
1737573213|Michael Pratt|M|src/runtime/asan_ppc64le.s
1737573213|Michael Pratt|M|src/runtime/asan_riscv64.s
1737573213|Michael Pratt|M|src/runtime/crash_cgo_test.go
1737573213|Michael Pratt|M|src/runtime/msan_amd64.s
1737573213|Michael Pratt|M|src/runtime/msan_arm64.s
1737573213|Michael Pratt|M|src/runtime/msan_loong64.s
1737573213|Michael Pratt|M|src/runtime/race_amd64.s
1737573213|Michael Pratt|M|src/runtime/race_arm64.s
1737573213|Michael Pratt|M|src/runtime/race_ppc64le.s
1737573213|Michael Pratt|M|src/runtime/race_s390x.s
1737573213|Michael Pratt|M|src/runtime/testdata/testprogcgo/tracebackctxt.go
1737573213|Michael Pratt|M|src/runtime/testdata/testprogcgo/tracebackctxt_c.c
1747412857|Julian Zhu|M|src/cmd/compile/internal/ssa/_gen/MIPS.rules
1747412857|Julian Zhu|M|src/cmd/compile/internal/ssa/rewriteMIPS.go
1747412857|Julian Zhu|M|test/codegen/arithmetic.go
1747660804|Jonathan Amsterdam|M|src/net/http/server.go
1747407525|Mark Freeman|M|src/cmd/compile/internal/noder/doc.go
1747674975|Mark Freeman|M|src/cmd/compile/internal/noder/doc.go
1747156367|Michael Pratt|M|src/runtime/debug.go
1747156367|Michael Pratt|M|src/runtime/heapdump.go
1747156367|Michael Pratt|M|src/runtime/lock_spinbit.go
1747156367|Michael Pratt|M|src/runtime/mgc.go
1747156367|Michael Pratt|M|src/runtime/os3_solaris.go
1747156367|Michael Pratt|M|src/runtime/os_aix.go
1747156367|Michael Pratt|M|src/runtime/os_darwin.go
1747156367|Michael Pratt|M|src/runtime/os_dragonfly.go
1747156367|Michael Pratt|M|src/runtime/os_freebsd.go
1747156367|Michael Pratt|M|src/runtime/os_freebsd_arm.go
1747156367|Michael Pratt|M|src/runtime/os_illumos.go
1747156367|Michael Pratt|M|src/runtime/os_linux.go
1747156367|Michael Pratt|M|src/runtime/os_netbsd.go
1747156367|Michael Pratt|M|src/runtime/os_netbsd_arm.go
1747156367|Michael Pratt|M|src/runtime/os_only_solaris.go
1747156367|Michael Pratt|M|src/runtime/os_openbsd.go
1747156367|Michael Pratt|M|src/runtime/os_openbsd_arm.go
1747156367|Michael Pratt|M|src/runtime/os_plan9.go
1747156367|Michael Pratt|M|src/runtime/os_wasm.go
1747156367|Michael Pratt|M|src/runtime/os_windows.go
1747156367|Michael Pratt|M|src/runtime/proc.go
1747156367|Michael Pratt|M|src/runtime/runtime2.go
1747156367|Michael Pratt|M|src/runtime/vgetrandom_linux.go
1747686047|Michael Pratt|M|src/runtime/crash_cgo_test.go
1745545069|Keith Randall|M|src/cmd/compile/internal/ssa/prove.go
1745545069|Keith Randall|M|test/codegen/shift.go
1747184025|khr@golang.org|M|src/cmd/compile/internal/ssa/layout.go
1747184025|khr@golang.org|M|src/cmd/compile/internal/ssa/regalloc.go
1747727213|Mateusz Poliwczak|M|src/testing/sub_test.go
1747184055|David Finkel|M|src/cmd/go/internal/modfetch/codehost/git_test.go
1747184055|David Finkel|A|src/cmd/go/testdata/script/build_git_sha256_go_get_branch.txt
1747184055|David Finkel|A|src/cmd/go/testdata/script/build_git_sha256_moddep.txt
1747184055|David Finkel|M|src/cmd/go/testdata/vcstest/git/gitrepo-sha256.txt
1747166997|Michael Anthony Knyszek|M|src/runtime/malloc.go
1747166997|Michael Anthony Knyszek|M|src/runtime/mbitmap.go
1747166997|Michael Anthony Knyszek|M|src/runtime/mgcmark.go
1744998484|Marc-Antoine Ruel|M|src/net/http/client.go
1744998484|Marc-Antoine Ruel|M|src/net/http/client_test.go
1739403548|thepudds|M|src/cmd/compile/internal/base/debug.go
1739403548|thepudds|M|src/cmd/compile/internal/walk/convert.go
1739403548|thepudds|A|test/escape_iface_data.go
1747198903|Jake Bailey|M|src/cmd/internal/testdir/testdir_test.go
1747489550|Julian Zhu|M|src/cmd/compile/internal/ssa/_gen/RISCV64.rules
1747489550|Julian Zhu|M|src/cmd/compile/internal/ssa/rewriteRISCV64.go
1747428055|Michael Matloob|M|src/cmd/go/internal/modload/load.go
1747428055|Michael Matloob|A|src/cmd/go/testdata/script/list_empty_importpath.txt
1747463407|Julian Zhu|M|src/cmd/compile/internal/ssa/_gen/ARM64.rules
1747463407|Julian Zhu|M|src/cmd/compile/internal/ssa/rewriteARM64.go
1747463407|Julian Zhu|M|test/codegen/arithmetic.go
1746816786|Michael Anthony Knyszek|M|src/runtime/gc_test.go
1746816786|Michael Anthony Knyszek|M|src/runtime/malloc.go
1746816786|Michael Anthony Knyszek|M|src/runtime/mcheckmark.go
1746816786|Michael Anthony Knyszek|M|src/runtime/mheap.go
1746816786|Michael Anthony Knyszek|M|src/runtime/runtime1.go
1746816786|Michael Anthony Knyszek|M|src/runtime/testdata/testprog/checkfinalizers.go
1743557850|Michael Anthony Knyszek|M|src/runtime/mcheckmark.go
1743557850|Michael Anthony Knyszek|M|src/runtime/mgcmark.go
1747690125|Michael Pratt|M|src/runtime/coro_test.go
1747690125|Michael Pratt|M|src/runtime/crash_cgo_test.go
1747690125|Michael Pratt|M|src/runtime/crash_test.go
1747690125|Michael Pratt|M|src/runtime/trace_cgo_test.go
1743558405|Michael Anthony Knyszek|M|src/runtime/extern.go
1746814034|Damien Neil|M|src/runtime/traceback.go
1747755562|Mateusz Poliwczak|A|api/next/62121.txt
1747755562|Mateusz Poliwczak|A|doc/next/6-stdlib/99-minor/reflect/62121.md
1747755562|Mateusz Poliwczak|M|src/reflect/all_test.go
1747755562|Mateusz Poliwczak|M|src/reflect/value.go
1747685202|Mark Freeman|M|src/cmd/compile/internal/noder/doc.go
1747685202|Mark Freeman|M|src/cmd/compile/internal/noder/linker.go
1747685202|Mark Freeman|M|src/internal/pkgbits/decoder.go
1747685202|Mark Freeman|M|src/internal/pkgbits/encoder.go
1747685202|Mark Freeman|M|src/internal/pkgbits/reloc.go
1747683097|Michael Matloob|M|src/cmd/doc/main.go
1747683097|Michael Matloob|M|src/cmd/doc/main.go
1747683097|Michael Matloob|M|src/cmd/doc/main.go
1747332195|Damien Neil|M|src/encoding/json/encode.go
1747332195|Damien Neil|M|src/encoding/json/encode_test.go
1747332195|Damien Neil|M|src/encoding/json/v2_encode_test.go
1736331408|Filippo Valsorda|M|src/crypto/ecdsa/ecdsa.go
1736331408|Filippo Valsorda|M|src/crypto/ed25519/ed25519.go
1736331408|Filippo Valsorda|M|src/crypto/ed25519/ed25519_test.go
1736331408|Filippo Valsorda|A|src/crypto/internal/fips140cache/cache.go
1736331408|Filippo Valsorda|A|src/crypto/internal/fips140cache/cache_test.go
1736331408|Filippo Valsorda|M|src/go/build/deps_test.go
1747781942|khr@golang.org|M|src/reflect/all_test.go
1747645368|Xiaolin Zhao|M|src/cmd/compile/internal/loong64/ssa.go
1747645368|Xiaolin Zhao|M|test/codegen/bits.go
1747364703|Xiaolin Zhao|M|src/crypto/internal/fips140/subtle/xor_asm.go
1747364703|Xiaolin Zhao|A|src/crypto/internal/fips140/subtle/xor_loong64.go
1747364703|Xiaolin Zhao|M|src/crypto/internal/fips140/subtle/xor_loong64.s
1747364703|Xiaolin Zhao|M|src/crypto/internal/fips140deps/cpu/cpu.go
1747785731|Damien Neil|M|src/os/os_test.go
1740755236|Felix Geisendörfer|M|src/internal/trace/base.go
1740755236|Felix Geisendörfer|M|src/internal/trace/batch.go
1740755236|Felix Geisendörfer|M|src/internal/trace/generation.go
1740755236|Felix Geisendörfer|M|src/internal/trace/reader.go
1740755236|Felix Geisendörfer|M|src/internal/trace/tracev2/events.go
1740755236|Felix Geisendörfer|M|src/internal/trace/version/version.go
1740755236|Felix Geisendörfer|M|src/runtime/trace.go
1740755236|Felix Geisendörfer|M|src/runtime/tracetime.go
1746276983|Felix Geisendörfer|M|src/internal/trace/gc_test.go
1746276983|Felix Geisendörfer|M|src/internal/trace/reader_test.go
1746276983|Felix Geisendörfer|M|src/internal/trace/summary_test.go
1746276983|Felix Geisendörfer|M|src/internal/trace/testtrace/format.go
1746276983|Felix Geisendörfer|M|src/internal/trace/testtrace/validation.go
1746276983|Felix Geisendörfer|M|src/internal/trace/trace_test.go
1746276983|Felix Geisendörfer|M|src/internal/trace/tracev1_test.go
1740760254|Felix Geisendörfer|M|src/internal/trace/internal/testgen/trace.go
1740760254|Felix Geisendörfer|M|src/internal/trace/reader_test.go
1740760254|Felix Geisendörfer|A|src/internal/trace/testdata/generators/go123-sync.go
1740760254|Felix Geisendörfer|A|src/internal/trace/testdata/generators/go125-sync.go
1740760254|Felix Geisendörfer|A|src/internal/trace/testdata/tests/go123-sync.test
1740760254|Felix Geisendörfer|A|src/internal/trace/testdata/tests/go125-sync.test
1700126926|Guoqi Chen|M|src/cmd/internal/obj/loong64/a.out.go
1747765983|Mark Freeman|M|src/internal/pkgbits/decoder.go
1747765983|Mark Freeman|M|src/internal/pkgbits/encoder.go
1747765983|Mark Freeman|M|src/internal/pkgbits/reloc.go
1747772816|Michael Anthony Knyszek|M|src/runtime/malloc.go
1747772816|Michael Anthony Knyszek|M|src/runtime/testdata/testprog/checkfinalizers.go
1742605135|Roland Shoemaker|M|src/os/pidfd_linux.go
1742605135|Roland Shoemaker|M|src/runtime/arena.go
1742605135|Roland Shoemaker|M|src/runtime/malloc.go
1742605135|Roland Shoemaker|M|src/runtime/mgcmark.go
1742605135|Roland Shoemaker|M|src/runtime/mgcsweep.go
1742605135|Roland Shoemaker|M|src/runtime/mheap.go
1742605135|Roland Shoemaker|M|src/runtime/proc.go
1742605135|Roland Shoemaker|M|src/runtime/runtime2.go
1742605135|Roland Shoemaker|M|src/runtime/sizeof_test.go
1742605135|Roland Shoemaker|M|src/runtime/stack.go
1742605135|Roland Shoemaker|A|src/runtime/valgrind.go
1742605135|Roland Shoemaker|A|src/runtime/valgrind0.go
1742605135|Roland Shoemaker|A|src/runtime/valgrind_amd64.s
1742605135|Roland Shoemaker|A|src/runtime/valgrind_arm64.s
1742605135|Roland Shoemaker|M|src/syscall/exec_linux.go
1747685346|Damien Neil|M|api/next/67002.txt
1747685346|Damien Neil|M|doc/next/6-stdlib/99-minor/os/67002.md
1747685346|Damien Neil|M|src/internal/syscall/windows/at_windows.go
1747685346|Damien Neil|M|src/internal/syscall/windows/syscall_windows.go
1747685346|Damien Neil|M|src/os/path_test.go
1747685346|Damien Neil|M|src/os/root.go
1747685346|Damien Neil|M|src/os/root_noopenat.go
1747685346|Damien Neil|M|src/os/root_openat.go
1747685346|Damien Neil|M|src/os/root_test.go
1747685346|Damien Neil|M|src/os/root_unix.go
1747685346|Damien Neil|M|src/os/root_windows.go
1745317477|Michael Pratt|A|src/internal/runtime/cgroup/cgroup_linux.go
1745317477|Michael Pratt|A|src/internal/runtime/cgroup/cgroup_linux_test.go
1745317477|Michael Pratt|A|src/internal/runtime/cgroup/export_linux_test.go
1745317477|Michael Pratt|A|src/internal/runtime/cgroup/runtime.go
1745317477|Michael Pratt|M|src/runtime/panic.go
1737829682|Roland Shoemaker|M|src/crypto/tls/cache.go
1737829682|Roland Shoemaker|M|src/crypto/tls/cache_test.go
1737829682|Roland Shoemaker|M|src/crypto/tls/conn.go
1737829682|Roland Shoemaker|M|src/crypto/tls/handshake_client.go
1737829682|Roland Shoemaker|M|src/crypto/tls/handshake_client_tls13.go
1737829682|Roland Shoemaker|M|src/crypto/tls/handshake_messages_test.go
1737829682|Roland Shoemaker|M|src/crypto/tls/ticket.go
1747831288|Filippo Valsorda|A|lib/fips140/inprocess.txt
1747840224|Michael Pratt|M|src/runtime/race_s390x.s
1747254417|Sean Liao|A|api/next/66365.txt
1747254417|Sean Liao|A|doc/next/6-stdlib/99-minor/log/slog/66365.md
1747254417|Sean Liao|M|src/log/slog/attr.go
1747254417|Sean Liao|M|src/log/slog/example_test.go
1743796276|thepudds|M|src/cmd/compile/internal/escape/call.go
1743796276|thepudds|M|src/cmd/compile/internal/escape/escape.go
1743796276|thepudds|M|src/cmd/compile/internal/escape/utils.go
1747849815|Michael Anthony Knyszek|M|src/internal/trace/reader_test.go
1747849815|Michael Anthony Knyszek|M|src/internal/trace/testtrace/validation.go
1747849815|Michael Anthony Knyszek|M|src/internal/trace/trace_test.go
1747758082|Mateusz Poliwczak|M|src/crypto/x509/parser.go
1747758082|Mateusz Poliwczak|M|src/crypto/x509/parser_test.go
1747758082|Mateusz Poliwczak|M|src/crypto/x509/x509.go
1747758082|Mateusz Poliwczak|M|src/crypto/x509/x509_test.go
1746725254|Roland Shoemaker|M|src/crypto/internal/fips140/sha3/sha3_s390x.s
1747830566|Filippo Valsorda|D|src/crypto/sha1/fallback_test.go
1747830566|Filippo Valsorda|M|src/crypto/sha1/issue15617_test.go
1747830566|Filippo Valsorda|M|src/crypto/sha1/sha1_test.go
1747830566|Filippo Valsorda|M|src/crypto/sha1/sha1block_amd64.go
1747830566|Filippo Valsorda|M|src/crypto/sha1/sha1block_arm64.go
1747830566|Filippo Valsorda|M|src/crypto/sha1/sha1block_decl.go
1747830566|Filippo Valsorda|M|src/crypto/sha1/sha1block_s390x.go
1747830566|Filippo Valsorda|M|src/crypto/sha1/sha1block_s390x.s
1747330874|Daniel McCarney|A|doc/next/6-stdlib/99-minor/crypto/tls/version_pref.md
1747330874|Daniel McCarney|M|src/crypto/tls/bogo_config.json
1747330874|Daniel McCarney|M|src/crypto/tls/common.go
1747849266|Filippo Valsorda|M|src/crypto/internal/fips140/ecdsa/ecdsa.go
1747849266|Filippo Valsorda|M|src/crypto/internal/fips140/ecdsa/hmacdrbg.go
1747849266|Filippo Valsorda|M|src/crypto/internal/fips140/fips140.go
1747849266|Filippo Valsorda|D|src/crypto/internal/fips140/hash.go
1747849266|Filippo Valsorda|M|src/crypto/internal/fips140/hkdf/hkdf.go
1747849266|Filippo Valsorda|M|src/crypto/internal/fips140/hmac/hmac.go
1747849266|Filippo Valsorda|M|src/crypto/internal/fips140/pbkdf2/pbkdf2.go
1747849266|Filippo Valsorda|M|src/crypto/internal/fips140/rsa/pkcs1v22.go
1747849266|Filippo Valsorda|M|src/crypto/internal/fips140/ssh/kdf.go
1747849266|Filippo Valsorda|M|src/crypto/internal/fips140/tls12/tls12.go
1747849266|Filippo Valsorda|M|src/crypto/internal/fips140/tls13/tls13.go
1747849266|Filippo Valsorda|M|src/crypto/internal/fips140test/acvp_test.go
1747849266|Filippo Valsorda|M|src/crypto/sha3/sha3_test.go
1747849266|Filippo Valsorda|M|src/go/build/deps_test.go
1739508590|thepudds|M|src/cmd/compile/internal/walk/order.go
1739508590|thepudds|M|src/cmd/compile/internal/walk/walk.go
1739508590|thepudds|M|src/fmt/fmt_test.go
1739508590|thepudds|M|test/codegen/zerosize.go
1739508590|thepudds|M|test/escape_iface_data.go
1739508590|thepudds|M|test/live.go
1739508590|thepudds|M|test/live_regabi.go
1740857403|thepudds|M|src/reflect/value.go
1747416854|Daniel McCarney|M|src/crypto/tls/key_schedule.go
1747420827|Daniel McCarney|M|src/crypto/tls/bogo_config.json
1747853380|Michael Pratt|M|src/runtime/gomaxprocs_windows_test.go
1747853380|Michael Pratt|M|src/runtime/testdata/testprog/gomaxprocs_windows.go
1694110533|thepudds|M|src/reflect/value.go
1747854067|Filippo Valsorda|M|src/crypto/internal/fips140/nistec/p256_asm_s390x.s
1747844459|Michael Matloob|M|src/cmd/go/internal/base/base.go
1747844459|Michael Matloob|M|src/cmd/go/internal/doc/doc.go
1747858459|Michael Pratt|M|src/runtime/crash_test.go
1745442951|Filippo Valsorda|M|src/crypto/internal/cryptotest/implementations.go
1747847628|Dmitri Shuralyov|M|src/cmd/link/internal/ld/macho.go
1747847628|Dmitri Shuralyov|M|src/cmd/link/link_test.go
1747755297|Filippo Valsorda|A|api/next/63963.txt
1747755297|Filippo Valsorda|A|doc/next/6-stdlib/99-minor/crypto/ecdsa/63963.md
1747755297|Filippo Valsorda|M|src/crypto/ecdsa/ecdsa.go
1747755297|Filippo Valsorda|M|src/crypto/ecdsa/ecdsa_test.go
1746746856|Roland Shoemaker|M|src/crypto/crypto_test.go
1747495041|Daniel McCarney|M|src/crypto/tls/bogo_config.json
1747495041|Daniel McCarney|M|src/crypto/tls/conn.go
1747495041|Daniel McCarney|M|src/crypto/tls/handshake_server_test.go
1747495041|Daniel McCarney|M|src/crypto/tls/quic_test.go
1747767071|Filippo Valsorda|M|doc/godebug.md
1747767071|Filippo Valsorda|A|doc/next/6-stdlib/99-minor/crypto/x509/71746.md
1747767071|Filippo Valsorda|M|src/crypto/x509/x509.go
1747767071|Filippo Valsorda|M|src/internal/godebugs/table.go
1747767071|Filippo Valsorda|M|src/runtime/metrics/doc.go
1743640654|Damien Neil|A|api/next/43936.txt
1743640654|Damien Neil|A|doc/next/6-stdlib/99-minor/testing/43936.md
1743640654|Damien Neil|M|src/cmd/internal/test2json/test2json.go
1743640654|Damien Neil|A|src/cmd/internal/test2json/testdata/attr.json
1743640654|Damien Neil|A|src/cmd/internal/test2json/testdata/attr.test
1743640654|Damien Neil|M|src/testing/testing.go
1743640654|Damien Neil|M|src/testing/testing_test.go
1747851324|Keith Randall|M|src/cmd/compile/internal/escape/graph.go
1747864543|Filippo Valsorda|A|api/next/69521.txt
1747864543|Filippo Valsorda|A|doc/next/6-stdlib/99-minor/crypto/sha3/69521.md
1747864543|Filippo Valsorda|A|doc/next/6-stdlib/99-minor/hash/69521.md
1747864543|Filippo Valsorda|A|doc/next/6-stdlib/99-minor/hash/maphash/69521.md
1747864543|Filippo Valsorda|M|src/crypto/hmac/hmac_test.go
1747864543|Filippo Valsorda|M|src/crypto/internal/cryptotest/hash.go
1747864543|Filippo Valsorda|M|src/crypto/internal/fips140/hmac/hmac.go
1747864543|Filippo Valsorda|M|src/crypto/internal/fips140/sha256/sha256.go
1747864543|Filippo Valsorda|M|src/crypto/internal/fips140/sha512/sha512.go
1747864543|Filippo Valsorda|M|src/crypto/md5/md5.go
1747864543|Filippo Valsorda|M|src/crypto/md5/md5_test.go
1747864543|Filippo Valsorda|M|src/crypto/sha1/sha1.go
1747864543|Filippo Valsorda|M|src/crypto/sha1/sha1_test.go
1747864543|Filippo Valsorda|M|src/crypto/sha256/sha256_test.go
1747864543|Filippo Valsorda|M|src/crypto/sha3/sha3.go
1747864543|Filippo Valsorda|M|src/crypto/sha3/sha3_test.go
1747864543|Filippo Valsorda|M|src/crypto/sha512/sha512_test.go
1747864543|Filippo Valsorda|M|src/hash/adler32/adler32.go
1747864543|Filippo Valsorda|M|src/hash/crc32/crc32.go
1747864543|Filippo Valsorda|M|src/hash/crc64/crc64.go
1747864543|Filippo Valsorda|M|src/hash/fnv/fnv.go
1747864543|Filippo Valsorda|M|src/hash/hash.go
1747864543|Filippo Valsorda|M|src/hash/maphash/maphash.go
1747864543|Filippo Valsorda|M|src/internal/testhash/hash.go
1747253604|Carlos Amedee|A|api/next/63185.txt
1747253604|Carlos Amedee|A|doc/next/6-stdlib/99-minor/runtime/trace/63185.md
1747253604|Carlos Amedee|M|src/internal/trace/testtrace/validation.go
1747253604|Carlos Amedee|M|src/internal/trace/tracev2/events.go
1747253604|Carlos Amedee|M|src/runtime/trace.go
1747253604|Carlos Amedee|A|src/runtime/trace/batch.go
1747253604|Carlos Amedee|A|src/runtime/trace/encoding.go
1747253604|Carlos Amedee|A|src/runtime/trace/flightrecorder.go
1747253604|Carlos Amedee|A|src/runtime/trace/flightrecorder_test.go
1747253604|Carlos Amedee|A|src/runtime/trace/recorder.go
1747253604|Carlos Amedee|A|src/runtime/trace/subscribe.go
1747253604|Carlos Amedee|M|src/runtime/trace/trace.go
1747253604|Carlos Amedee|M|src/runtime/traceregion.go
1747253604|Carlos Amedee|M|src/runtime/tracetime.go
1747852393|Cherry Mui|M|src/cmd/compile/internal/escape/call.go
1747852393|Cherry Mui|M|src/cmd/compile/internal/inline/inl.go
1747852393|Cherry Mui|M|src/cmd/compile/internal/walk/expr.go
1747852393|Cherry Mui|M|src/hash/maphash/maphash.go
1747852393|Cherry Mui|M|src/internal/abi/escape.go
1747852393|Cherry Mui|M|src/unique/clone.go
1747852393|Cherry Mui|M|src/unique/handle_test.go
1747852393|Cherry Mui|A|test/escape_unique.go
1747107594|Jake Bailey|M|src/cmd/compile/internal/ssa/_gen/generic.rules
1747107594|Jake Bailey|M|src/cmd/compile/internal/ssa/rewritegeneric.go
1747107594|Jake Bailey|M|src/unique/handle_test.go
1747107594|Jake Bailey|A|test/codegen/unique.go
1747930486|Cherry Mui|M|codereview.cfg
1747930368|Michael Matloob|M|src/cmd/doc/main.go
1747930368|Michael Matloob|M|src/cmd/go/internal/load/pkg.go
1745583232|Cuong Manh Le|M|src/cmd/compile/internal/noder/reader.go
1745583232|Cuong Manh Le|M|src/cmd/compile/internal/types2/stdlib_test.go
1745583232|Cuong Manh Le|M|src/go/types/stdlib_test.go
1745583232|Cuong Manh Le|A|test/fixedbugs/issue73309.go
1747873754|Michael Anthony Knyszek|M|src/runtime/testdata/testprog/checkfinalizers.go
1744836644|Keith Randall|M|doc/next/5-toolchain.md
1747935208|Carlos Amedee|M|src/runtime/trace/flightrecorder_test.go
1748026153|David Chase|M|api/next/63796.txt
1748026153|David Chase|M|doc/next/6-stdlib/1-synctest.md
1748026153|David Chase|D|doc/next/6-stdlib/99-minor/sync/63769.md
1748026153|David Chase|A|doc/next/6-stdlib/99-minor/sync/63796.md
1748026153|David Chase|A|doc/next/9-todo.md
1734972763|Carlos Amedee|M|src/net/fd_fake.go
1734972763|Carlos Amedee|M|src/net/fd_posix.go
1748021317|Mateusz Poliwczak|M|src/hash/hash.go
1747821493|Antonio Pitasi|M|src/log/slog/handler.go
1747821493|Antonio Pitasi|M|src/log/slog/handler_test.go
1747821493|Antonio Pitasi|M|src/log/slog/record.go
1747719618|jiahua wang|M|src/errors/example_test.go
1748356670|Michael Pratt|M|src/runtime/mcleanup.go
1748014541|Alan Donovan|A|src/go/token/export_test.go
1748014541|Alan Donovan|M|src/go/token/position_bench_test.go
1748369488|Sean Liao|M|src/log/slog/logger_test.go
1748032911|Carlos Amedee|M|src/runtime/trace/subscribe.go
1748032911|Carlos Amedee|A|src/runtime/trace/subscribe_test.go
1747952091|David Chase|M|src/internal/buildcfg/exp.go
1747865288|Damien Neil|M|src/runtime/testdata/testsynctest/main.go
1747865288|Damien Neil|M|src/testing/synctest/synctest.go
1743378323|David Chase|M|src/cmd/compile/internal/abi/abiutils.go
1743378323|David Chase|A|src/cmd/compile/internal/amd64/simdssa.go
1743378323|David Chase|M|src/cmd/compile/internal/amd64/ssa.go
1743378323|David Chase|M|src/cmd/compile/internal/ssa/_gen/AMD64.rules
1743378323|David Chase|M|src/cmd/compile/internal/ssa/_gen/AMD64Ops.go
1743378323|David Chase|M|src/cmd/compile/internal/ssa/_gen/generic.rules
1743378323|David Chase|M|src/cmd/compile/internal/ssa/_gen/genericOps.go
1743378323|David Chase|M|src/cmd/compile/internal/ssa/_gen/main.go
1743378323|David Chase|M|src/cmd/compile/internal/ssa/_gen/rulegen.go
1743378323|David Chase|A|src/cmd/compile/internal/ssa/_gen/simdAMD64.rules
1743378323|David Chase|A|src/cmd/compile/internal/ssa/_gen/simdAMD64ops.go
1743378323|David Chase|A|src/cmd/compile/internal/ssa/_gen/simdgenericOps.go
1743378323|David Chase|M|src/cmd/compile/internal/ssa/config.go
1743378323|David Chase|M|src/cmd/compile/internal/ssa/decompose.go
1743378323|David Chase|M|src/cmd/compile/internal/ssa/expand_calls.go
1743378323|David Chase|M|src/cmd/compile/internal/ssa/opGen.go
1743378323|David Chase|M|src/cmd/compile/internal/ssa/rewriteAMD64.go
1743378323|David Chase|M|src/cmd/compile/internal/ssa/rewritegeneric.go
1743378323|David Chase|M|src/cmd/compile/internal/ssa/value.go
1743378323|David Chase|M|src/cmd/compile/internal/ssagen/intrinsics.go
1743378323|David Chase|A|src/cmd/compile/internal/ssagen/simdintrinsics.go
1743378323|David Chase|M|src/cmd/compile/internal/ssagen/ssa.go
1743378323|David Chase|M|src/cmd/compile/internal/types/size.go
1743378323|David Chase|M|src/cmd/compile/internal/types/type.go
1743378323|David Chase|A|src/internal/simd/dummy.s
1743378323|David Chase|A|src/internal/simd/testdata/sample.go
1748451659|Junyang Shao|M|src/cmd/compile/internal/amd64/ssa.go
1748451659|Junyang Shao|M|src/cmd/compile/internal/types/type.go
1747852341|Cherry Mui|M|src/cmd/link/internal/loader/loader.go
1747852341|Cherry Mui|M|src/cmd/link/link_test.go
1747852341|Cherry Mui|A|src/cmd/link/testdata/linkname/textvar/asm.s
1747852341|Cherry Mui|A|src/cmd/link/testdata/linkname/textvar/main.go
1748454520|Michael Anthony Knyszek|M|doc/next/7-ports.md
1748454520|Michael Anthony Knyszek|M|doc/next/9-todo.md
1748455838|Michael Pratt|M|src/runtime/lockrank.go
1748455838|Michael Pratt|M|src/runtime/mklockrank.go
1748455838|Michael Pratt|M|src/runtime/proc.go
1748450300|Gopher Robot|A|api/go1.25.txt
1748450300|Gopher Robot|D|api/next/43936.txt
1748450300|Gopher Robot|D|api/next/46771.txt
1748450300|Gopher Robot|D|api/next/49580.txt
1748450300|Gopher Robot|D|api/next/59928.txt
1748450300|Gopher Robot|D|api/next/62121.txt
1748450300|Gopher Robot|D|api/next/63185.txt
1748450300|Gopher Robot|D|api/next/63405.txt
1748450300|Gopher Robot|D|api/next/63796.txt
1748450300|Gopher Robot|D|api/next/63963.txt
1748450300|Gopher Robot|D|api/next/66365.txt
1748450300|Gopher Robot|D|api/next/67002.txt
1748450300|Gopher Robot|D|api/next/67434.txt
1748450300|Gopher Robot|D|api/next/67516.txt
1748450300|Gopher Robot|D|api/next/69518.txt
1748450300|Gopher Robot|D|api/next/69521.txt
1748450300|Gopher Robot|D|api/next/70250.txt
1748450300|Gopher Robot|D|api/next/70280.txt
1748450300|Gopher Robot|D|api/next/70780.txt
1748450300|Gopher Robot|D|api/next/71122.txt
1748450300|Gopher Robot|D|api/next/71920.txt
1748450300|Gopher Robot|D|api/next/72843.txt
1748450300|Gopher Robot|D|api/next/73088.txt
1748450300|Gopher Robot|D|api/next/73126.txt
1748450300|Gopher Robot|D|api/next/73193.txt
1748450300|Gopher Robot|D|api/next/73205.txt
1748450300|Gopher Robot|D|api/next/73319.txt
1748450300|Gopher Robot|D|api/next/73626.txt
1748454704|Junyang Shao|M|src/cmd/compile/internal/ssa/_gen/AMD64Ops.go
1748454704|Junyang Shao|M|src/cmd/compile/internal/ssa/_gen/simdAMD64ops.go
1747781803|Damien Neil|M|src/go/build/deps_test.go
1747781803|Damien Neil|M|src/internal/synctest/synctest.go
1747781803|Damien Neil|M|src/internal/synctest/synctest_test.go
1747781803|Damien Neil|M|src/runtime/mheap.go
1747781803|Damien Neil|M|src/runtime/runtime2.go
1747781803|Damien Neil|M|src/runtime/sema.go
1747781803|Damien Neil|M|src/runtime/synctest.go
1747781803|Damien Neil|M|src/sync/runtime.go
1747781803|Damien Neil|M|src/sync/waitgroup.go
1747781803|Damien Neil|M|src/testing/synctest/synctest.go
1748538609|Gopher Robot|D|doc/next/1-intro.md
1748538609|Gopher Robot|D|doc/next/2-language.md
1748538609|Gopher Robot|D|doc/next/3-tools.md
1748538609|Gopher Robot|D|doc/next/4-runtime.md
1748538609|Gopher Robot|D|doc/next/5-toolchain.md
1748538609|Gopher Robot|D|doc/next/6-stdlib/0-heading.md
1748538609|Gopher Robot|D|doc/next/6-stdlib/1-synctest.md
1748538609|Gopher Robot|D|doc/next/6-stdlib/99-minor/0-heading.md
1748538609|Gopher Robot|D|doc/next/6-stdlib/99-minor/README
1748538609|Gopher Robot|D|doc/next/6-stdlib/99-minor/archive/tar/49580.md
1748538609|Gopher Robot|D|doc/next/6-stdlib/99-minor/crypto/63405.md
1748538609|Gopher Robot|D|doc/next/6-stdlib/99-minor/crypto/ecdsa/63963.md
1748538609|Gopher Robot|D|doc/next/6-stdlib/99-minor/crypto/elliptic/hidden.md
1748538609|Gopher Robot|D|doc/next/6-stdlib/99-minor/crypto/sha3/69521.md
1748538609|Gopher Robot|D|doc/next/6-stdlib/99-minor/crypto/tls/67516.md
1748538609|Gopher Robot|D|doc/next/6-stdlib/99-minor/crypto/tls/71920.md
1748538609|Gopher Robot|D|doc/next/6-stdlib/99-minor/crypto/tls/72883.md
1748538609|Gopher Robot|D|doc/next/6-stdlib/99-minor/crypto/tls/fips.md
1748538609|Gopher Robot|D|doc/next/6-stdlib/99-minor/crypto/tls/version_pref.md
1748538609|Gopher Robot|D|doc/next/6-stdlib/99-minor/crypto/x509/63405.md
1748538609|Gopher Robot|D|doc/next/6-stdlib/99-minor/crypto/x509/71746.md
1748538609|Gopher Robot|D|doc/next/6-stdlib/99-minor/debug/elf/72843.md
1748538609|Gopher Robot|D|doc/next/6-stdlib/99-minor/go/ast/73088.md
1748538609|Gopher Robot|D|doc/next/6-stdlib/99-minor/go/ast/73319.md
1748538609|Gopher Robot|D|doc/next/6-stdlib/99-minor/go/parser/71122.md
1748538609|Gopher Robot|D|doc/next/6-stdlib/99-minor/go/token/73205.md
1748538609|Gopher Robot|D|doc/next/6-stdlib/99-minor/go/types/70250.md
1748538609|Gopher Robot|D|doc/next/6-stdlib/99-minor/go/types/70737.md
1748538609|Gopher Robot|D|doc/next/6-stdlib/99-minor/hash/69518.md
1748538609|Gopher Robot|D|doc/next/6-stdlib/99-minor/hash/69521.md
1748538609|Gopher Robot|D|doc/next/6-stdlib/99-minor/hash/maphash/69521.md
1748538609|Gopher Robot|D|doc/next/6-stdlib/99-minor/io/fs/49580.md
1748538609|Gopher Robot|D|doc/next/6-stdlib/99-minor/log/slog/66365.md
1748538609|Gopher Robot|D|doc/next/6-stdlib/99-minor/log/slog/70280.md
1748538609|Gopher Robot|D|doc/next/6-stdlib/99-minor/mime/multipart/46771.md
1748538609|Gopher Robot|D|doc/next/6-stdlib/99-minor/net/10350.md
1748538609|Gopher Robot|D|doc/next/6-stdlib/99-minor/net/56025.md
1748538609|Gopher Robot|D|doc/next/6-stdlib/99-minor/net/63529.md
1748538609|Gopher Robot|D|doc/next/6-stdlib/99-minor/net/9503.md
1748538609|Gopher Robot|D|doc/next/6-stdlib/99-minor/net/http/73626.md
1748538609|Gopher Robot|D|doc/next/6-stdlib/99-minor/os/15388.md
1748538609|Gopher Robot|D|doc/next/6-stdlib/99-minor/os/49580.md
1748538609|Gopher Robot|D|doc/next/6-stdlib/99-minor/os/67002.md
1748538609|Gopher Robot|D|doc/next/6-stdlib/99-minor/os/73126.md
1748538609|Gopher Robot|D|doc/next/6-stdlib/99-minor/reflect/62121.md
1748538609|Gopher Robot|D|doc/next/6-stdlib/99-minor/regexp/syntax/70781.md
1748538609|Gopher Robot|D|doc/next/6-stdlib/99-minor/runtime/71825.md
1748538609|Gopher Robot|D|doc/next/6-stdlib/99-minor/runtime/72949.md
1748538609|Gopher Robot|D|doc/next/6-stdlib/99-minor/runtime/73193.md
1748538609|Gopher Robot|D|doc/next/6-stdlib/99-minor/runtime/pprof/66999.md
1748538609|Gopher Robot|D|doc/next/6-stdlib/99-minor/runtime/trace/63185.md
1748538609|Gopher Robot|D|doc/next/6-stdlib/99-minor/sync/63796.md
1748538609|Gopher Robot|D|doc/next/6-stdlib/99-minor/testing/43936.md
1748538609|Gopher Robot|D|doc/next/6-stdlib/99-minor/testing/59928.md
1748538609|Gopher Robot|D|doc/next/6-stdlib/99-minor/testing/fstest/49580.md
1748538609|Gopher Robot|D|doc/next/6-stdlib/99-minor/testing/synctest/67434.md
1748538609|Gopher Robot|D|doc/next/6-stdlib/99-minor/unicode/70780.md
1748538609|Gopher Robot|D|doc/next/6-stdlib/99-minor/unique/71772.md
1748538609|Gopher Robot|D|doc/next/6-stdlib/99-minor/unique/71846.md
1748538609|Gopher Robot|D|doc/next/7-ports.md
1748538609|Gopher Robot|D|doc/next/9-todo.md
1748536881|Michael Pratt|M|src/runtime/lockrank.go
1748536881|Michael Pratt|M|src/runtime/mklockrank.go
1748536881|Michael Pratt|M|src/runtime/vgetrandom_linux.go
1747926383|Mark Freeman|M|src/internal/pkgbits/reloc.go
1748545540|Junyang Shao|M|src/cmd/dist/test.go
1747937693|Damien Neil|M|src/runtime/crash_test.go
1747937693|Damien Neil|M|src/runtime/sema.go
1747937693|Damien Neil|A|src/runtime/testdata/testprog/synctest.go
1747937693|Damien Neil|M|src/testing/synctest/synctest.go
1748547743|Cherry Mui|M|src/cmd/compile/default.pgo
1748544863|Mark Freeman|M|src/cmd/compile/internal/noder/doc.go
1748128078|Roxy Light|M|src/os/root.go
1748623511|David Chase|M|src/cmd/compile/internal/ssagen/intrinsics_test.go
1748622143|Michael Matloob|M|src/cmd/distpack/pack.go
1748622143|Michael Matloob|M|src/cmd/go/internal/work/gc.go
1748635504|Carlos Amedee|A|src/internal/trace/export_reader_test.go
1748635504|Carlos Amedee|M|src/internal/trace/reader_test.go
1748702475|Mateusz Poliwczak|M|api/go1.25.txt
1748702475|Mateusz Poliwczak|M|src/testing/testing.go
1748549187|Mark Freeman|M|src/cmd/compile/internal/noder/doc.go
1748634251|Mark Freeman|M|src/cmd/compile/internal/noder/doc.go
1748544486|Damien Neil|M|src/internal/synctest/synctest_test.go
1748544486|Damien Neil|M|src/runtime/time.go
1748906647|Keith Randall|M|src/runtime/memmove_test.go
1748961835|Alan Donovan|M|src/go/token/tree.go
1748643605|Michael Matloob|A|src/cmd/doc/doc.go
1748643605|Michael Matloob|M|src/cmd/go/go_test.go
1748643605|Michael Matloob|M|src/cmd/go/internal/doc/doc.go
1748643605|Michael Matloob|A|src/cmd/go/internal/doc/doc_bootstrap.go
1748643605|Michael Matloob|D|src/cmd/doc/dirs.go
1748643605|Michael Matloob|A|src/cmd/internal/doc/dirs.go
1748643605|Michael Matloob|D|src/cmd/doc/doc_test.go
1748643605|Michael Matloob|A|src/cmd/internal/doc/doc_test.go
1748643605|Michael Matloob|D|src/cmd/doc/main.go
1748643605|Michael Matloob|A|src/cmd/internal/doc/main.go
1748643605|Michael Matloob|D|src/cmd/doc/pkg.go
1748643605|Michael Matloob|A|src/cmd/internal/doc/pkg.go
1748643605|Michael Matloob|D|src/cmd/doc/signal_notunix.go
1748643605|Michael Matloob|A|src/cmd/internal/doc/signal_notunix.go
1748643605|Michael Matloob|D|src/cmd/doc/signal_unix.go
1748643605|Michael Matloob|A|src/cmd/internal/doc/signal_unix.go
1748643605|Michael Matloob|D|src/cmd/doc/testdata/merge/aa.go
1748643605|Michael Matloob|A|src/cmd/internal/doc/testdata/merge/aa.go
1748643605|Michael Matloob|D|src/cmd/doc/testdata/merge/bb.go
1748643605|Michael Matloob|A|src/cmd/internal/doc/testdata/merge/bb.go
1748643605|Michael Matloob|D|src/cmd/doc/testdata/nested/empty/empty.go
1748643605|Michael Matloob|A|src/cmd/internal/doc/testdata/nested/empty/empty.go
1748643605|Michael Matloob|D|src/cmd/doc/testdata/nested/ignore.go
1748643605|Michael Matloob|A|src/cmd/internal/doc/testdata/nested/ignore.go
1748643605|Michael Matloob|D|src/cmd/doc/testdata/nested/nested/real.go
1748643605|Michael Matloob|A|src/cmd/internal/doc/testdata/nested/nested/real.go
1748643605|Michael Matloob|D|src/cmd/doc/testdata/pkg.go
1748643605|Michael Matloob|A|src/cmd/internal/doc/testdata/pkg.go
1748962887|qiulaidongfeng|M|src/cmd/compile/internal/noder/noder.go
1748978880|Michael Anthony Knyszek|M|src/runtime/mgc.go
1748978880|Michael Anthony Knyszek|M|src/runtime/mgcmark_greenteagc.go
1748978880|Michael Anthony Knyszek|M|src/runtime/mgcmark_nogreenteagc.go
1748978880|Michael Anthony Knyszek|M|src/runtime/mstats.go
1748979872|Cherry Mui|M|src/cmd/compile/internal/inline/inl.go
1748979872|Cherry Mui|M|src/cmd/compile/internal/inline/interleaved/interleaved.go
1748979872|Cherry Mui|M|src/cmd/compile/internal/ir/expr.go
1748979872|Cherry Mui|M|src/cmd/compile/internal/ir/node_gen.go
1748979872|Cherry Mui|M|src/cmd/compile/internal/ir/stmt.go
1748979872|Cherry Mui|M|src/cmd/compile/internal/noder/reader.go
1748979872|Cherry Mui|M|src/cmd/compile/internal/ssagen/ssa.go
1748979872|Cherry Mui|M|src/cmd/compile/internal/typecheck/stmt.go
1748979872|Cherry Mui|M|src/cmd/compile/internal/walk/stmt.go
1748979872|Cherry Mui|M|test/tailcall.go
1747943952|Junyang Shao|M|src/cmd/compile/internal/amd64/simdssa.go
1747943952|Junyang Shao|M|src/cmd/compile/internal/ssa/_gen/simdAMD64.rules
1747943952|Junyang Shao|M|src/cmd/compile/internal/ssa/_gen/simdAMD64ops.go
1747943952|Junyang Shao|M|src/cmd/compile/internal/ssa/_gen/simdgenericOps.go
1747943952|Junyang Shao|M|src/cmd/compile/internal/ssa/opGen.go
1747943952|Junyang Shao|M|src/cmd/compile/internal/ssa/rewriteAMD64.go
1747943952|Junyang Shao|M|src/cmd/compile/internal/ssagen/simdintrinsics.go
1747943952|Junyang Shao|A|src/simd/simd_test.go
1747943952|Junyang Shao|A|src/simd/stubs_amd64.go
1747943952|Junyang Shao|A|src/simd/types_amd64.go
1749150559|David Chase|M|src/go/doc/comment/std_test.go
1749150559|David Chase|M|src/simd/cpu.go
1749150559|David Chase|A|src/simd/genslice.go
1749150559|David Chase|A|src/simd/no_tag.go
1749150559|David Chase|M|src/simd/simd_test.go
1749150559|David Chase|A|src/simd/slice_amd64.go
1745506004|Olivier Mengué|M|src/os/signal/doc.go
1749386965|Jonathan Amsterdam|M|src/log/slog/json_handler.go
1749386965|Jonathan Amsterdam|M|src/log/slog/text_handler.go
1749481853|Michael Matloob|M|src/cmd/internal/doc/main.go
1749158507|Damien Neil|M|src/runtime/runtime2.go
1749158507|Damien Neil|M|src/runtime/traceback.go
1749488258|Junyang Shao|M|src/cmd/compile/internal/ssa/_gen/AMD64Ops.go
1749488258|Junyang Shao|M|src/cmd/compile/internal/ssa/_gen/simdAMD64ops.go
1749045071|Paul Murphy|M|src/cmd/compile/internal/ssa/rewrite.go
1749045071|Paul Murphy|M|test/codegen/shift.go
1749505533|Michael Anthony Knyszek|M|src/runtime/sema.go
1749572763|Austin Clements|M|src/net/http/csrf.go
1749509694|Michael Anthony Knyszek|M|src/internal/trace/trace_test.go
1749573779|Michael Anthony Knyszek|M|src/runtime/mprof.go
1749573779|Michael Anthony Knyszek|M|src/runtime/pprof/pprof_test.go
1749579346|David Chase|M|src/cmd/compile/internal/ssa/_gen/README
1749579346|David Chase|M|src/cmd/compile/internal/ssa/_gen/allocators.go
1749579346|David Chase|M|src/cmd/compile/internal/ssa/_gen/main.go
1749579346|David Chase|M|src/cmd/compile/internal/ssa/_gen/rulegen.go
1749579346|David Chase|A|src/cmd/compile/internal/ssa/_gen/vendor/golang.org/x/tools/LICENSE
1749579346|David Chase|A|src/cmd/compile/internal/ssa/_gen/vendor/golang.org/x/tools/PATENTS
1749579346|David Chase|A|src/cmd/compile/internal/ssa/_gen/vendor/golang.org/x/tools/go/ast/astutil/enclosing.go
1749579346|David Chase|A|src/cmd/compile/internal/ssa/_gen/vendor/golang.org/x/tools/go/ast/astutil/imports.go
1749579346|David Chase|A|src/cmd/compile/internal/ssa/_gen/vendor/golang.org/x/tools/go/ast/astutil/rewrite.go
1749579346|David Chase|A|src/cmd/compile/internal/ssa/_gen/vendor/golang.org/x/tools/go/ast/astutil/util.go
1749579346|David Chase|A|src/cmd/compile/internal/ssa/_gen/vendor/modules.txt
1749579346|David Chase|A|src/cmd/compile/internal/ssa/generate_test.go
1749502740|Cherry Mui|M|src/net/iprawsock.go
1749502740|Cherry Mui|M|src/net/tcpsock.go
1749502740|Cherry Mui|M|src/net/udpsock.go
1749716368|Alberto Donizetti|M|src/cmd/go/internal/bug/bug.go
1749716368|Alberto Donizetti|M|src/cmd/go/internal/cache/default.go
1749716368|Alberto Donizetti|M|src/os/exec/exec.go
1749756262|Austin Clements|M|src/internal/cpu/cpu.go
1749756262|Austin Clements|M|src/internal/cpu/cpu_x86.go
1749700474|Junyang Shao|M|src/cmd/compile/internal/amd64/simdssa.go
1749700474|Junyang Shao|M|src/cmd/compile/internal/ssa/_gen/simdAMD64.rules
1749700474|Junyang Shao|M|src/cmd/compile/internal/ssa/_gen/simdAMD64ops.go
1749700474|Junyang Shao|M|src/cmd/compile/internal/ssa/opGen.go
1749700474|Junyang Shao|M|src/cmd/compile/internal/ssa/rewriteAMD64.go
1749700474|Junyang Shao|M|src/cmd/compile/internal/ssagen/simdintrinsics.go
1749700474|Junyang Shao|M|src/simd/stubs_amd64.go
1749700474|Junyang Shao|M|src/simd/types_amd64.go
1749829140|Cherry Mui|M|src/runtime/mfinal.go
1749745295|Junyang Shao|M|src/cmd/compile/internal/amd64/simdssa.go
1749745295|Junyang Shao|M|src/cmd/compile/internal/ssa/_gen/simdAMD64.rules
1749745295|Junyang Shao|M|src/cmd/compile/internal/ssa/_gen/simdAMD64ops.go
1749745295|Junyang Shao|M|src/cmd/compile/internal/ssa/_gen/simdgenericOps.go
1749745295|Junyang Shao|M|src/cmd/compile/internal/ssa/opGen.go
1749745295|Junyang Shao|M|src/cmd/compile/internal/ssa/rewriteAMD64.go
1749745295|Junyang Shao|M|src/cmd/compile/internal/ssagen/simdintrinsics.go
1749745295|Junyang Shao|M|src/simd/stubs_amd64.go
1749746522|Junyang Shao|M|src/simd/stubs_amd64.go
1749746700|Junyang Shao|M|src/cmd/compile/internal/amd64/simdssa.go
1749746700|Junyang Shao|M|src/cmd/compile/internal/ssa/_gen/simdAMD64.rules
1749746700|Junyang Shao|M|src/cmd/compile/internal/ssa/_gen/simdAMD64ops.go
1749746700|Junyang Shao|M|src/cmd/compile/internal/ssa/_gen/simdgenericOps.go
1749746700|Junyang Shao|M|src/cmd/compile/internal/ssa/opGen.go
1749746700|Junyang Shao|M|src/cmd/compile/internal/ssa/rewriteAMD64.go
1749746700|Junyang Shao|M|src/cmd/compile/internal/ssagen/simdintrinsics.go
1749746700|Junyang Shao|M|src/simd/stubs_amd64.go
1749844558|David Chase|M|src/cmd/compile/internal/ssagen/intrinsics.go
1749845422|David Chase|M|src/cmd/compile/internal/ssagen/intrinsics.go
1749845422|David Chase|M|src/cmd/compile/internal/ssagen/simdintrinsics.go
1750104687|Junyang Shao|M|src/cmd/compile/internal/amd64/simdssa.go
1750104687|Junyang Shao|M|src/cmd/compile/internal/ssa/_gen/simdAMD64.rules
1750104687|Junyang Shao|M|src/cmd/compile/internal/ssa/_gen/simdAMD64ops.go
1750104687|Junyang Shao|M|src/cmd/compile/internal/ssa/opGen.go
1750104687|Junyang Shao|M|src/cmd/compile/internal/ssa/rewriteAMD64.go
1750104687|Junyang Shao|M|src/cmd/compile/internal/ssagen/simdintrinsics.go
1750104687|Junyang Shao|M|src/simd/stubs_amd64.go
1750104687|Junyang Shao|M|src/simd/types_amd64.go
1749944306|Keith Randall|M|src/internal/reflectlite/value.go
1750171439|David Chase|M|src/cmd/compile/internal/ssagen/simdintrinsics.go
1750053117|Kevin Burke|M|src/encoding/json/jsontext/doc.go
1749869108|Michael Anthony Knyszek|M|src/runtime/mgc.go
1749869108|Michael Anthony Knyszek|M|src/runtime/mgcmark.go
1749869108|Michael Anthony Knyszek|M|src/runtime/proc.go
1749869108|Michael Anthony Knyszek|M|src/runtime/runtime2.go
1749869108|Michael Anthony Knyszek|M|src/runtime/stack.go
1749869108|Michael Anthony Knyszek|M|src/runtime/trace.go
1749869108|Michael Anthony Knyszek|M|src/runtime/tracestatus.go
1750188671|Junyang Shao|M|src/cmd/compile/internal/amd64/simdssa.go
1750188671|Junyang Shao|M|src/cmd/compile/internal/ssa/_gen/simdAMD64.rules
1750188671|Junyang Shao|M|src/cmd/compile/internal/ssa/_gen/simdAMD64ops.go
1750188671|Junyang Shao|M|src/cmd/compile/internal/ssa/_gen/simdgenericOps.go
1750188671|Junyang Shao|M|src/cmd/compile/internal/ssa/opGen.go
1750188671|Junyang Shao|M|src/cmd/compile/internal/ssa/rewriteAMD64.go
1750188671|Junyang Shao|M|src/cmd/compile/internal/ssagen/simdintrinsics.go
1750188671|Junyang Shao|M|src/simd/stubs_amd64.go
1750270298|David Chase|M|src/cmd/compile/internal/ssa/_gen/AMD64Ops.go
1750270298|David Chase|M|src/cmd/compile/internal/ssa/_gen/simdAMD64ops.go
1750417462|Sean Liao|M|src/crypto/cipher/gcm.go
1750435338|Cherry Mui|M|src/cmd/compile/internal/base/print.go
1750447083|David Chase|M|src/cmd/compile/internal/amd64/ssa.go
1750451294|Cherry Mui|M|src/cmd/compile/internal/gc/compile.go
1750451294|Cherry Mui|M|src/cmd/compile/internal/gc/main.go
1750451294|Cherry Mui|M|src/cmd/compile/internal/ir/expr.go
1750451294|Cherry Mui|M|src/cmd/compile/internal/ssagen/abi.go
1750451294|Cherry Mui|M|src/cmd/compile/internal/ssagen/intrinsics.go
1750687446|Robert Findley|M|src/cmd/compile/internal/types2/interface.go
1750687446|Robert Findley|M|src/go/types/interface.go
1750447855|David Chase|M|src/cmd/compile/internal/amd64/simdssa.go
1750447855|David Chase|M|src/cmd/compile/internal/ssa/_gen/simdAMD64.rules
1750447855|David Chase|M|src/cmd/compile/internal/ssa/_gen/simdAMD64ops.go
1750447855|David Chase|M|src/cmd/compile/internal/ssa/_gen/simdgenericOps.go
1750447855|David Chase|M|src/cmd/compile/internal/ssa/opGen.go
1750447855|David Chase|M|src/cmd/compile/internal/ssa/rewriteAMD64.go
1750447855|David Chase|M|src/cmd/compile/internal/ssagen/simdintrinsics.go
1750447855|David Chase|M|src/simd/simd_test.go
1750447855|David Chase|M|src/simd/stubs_amd64.go
1750618887|Cherry Mui|M|src/runtime/mem_sbrk.go
1750709658|Michael Anthony Knyszek|M|src/internal/trace/testdata/testprog/gc-stress.go
1750188862|Joe Tsai|M|src/encoding/json/v2/arshal_test.go
1750188862|Joe Tsai|M|src/encoding/json/v2/arshal_time.go
1750188862|Joe Tsai|M|src/encoding/json/v2/bench_test.go
1750188862|Joe Tsai|M|src/encoding/json/v2_diff_test.go
1750112104|yuuji.yaginuma|M|doc/godebug.md
1750695559|Julien Cretel|M|src/net/http/csrf.go
1750725517|Rob Findley|M|src/cmd/compile/internal/types2/api_test.go
1750725517|Rob Findley|M|src/go/types/api_test.go
1749841644|Cherry Mui|M|src/cmd/link/internal/loader/loader.go
1750797190|Michael Pratt|M|src/runtime/debug.go
1750797190|Michael Pratt|M|src/runtime/testdata/testprog/gomaxprocs.go
1750737570|Junyang Shao|M|src/cmd/compile/internal/amd64/ssa.go
1750822536|Joe Tsai|M|src/encoding/json/jsontext/encode.go
1750892471|thepudds|M|src/cmd/compile/internal/escape/escape.go
1750892471|thepudds|A|test/fixedbugs/issue74379.go
1750892471|thepudds|A|test/fixedbugs/issue74379b.go
1750892471|thepudds|A|test/fixedbugs/issue74379c.go
1750881497|David Chase|M|src/cmd/compile/internal/ssa/_gen/simdAMD64.rules
1750881497|David Chase|M|src/simd/simd_wrapped_test.go
1750778489|Junyang Shao|M|src/cmd/compile/internal/amd64/simdssa.go
1750778489|Junyang Shao|M|src/cmd/compile/internal/ssa/_gen/simdAMD64.rules
1750778489|Junyang Shao|M|src/cmd/compile/internal/ssa/_gen/simdAMD64ops.go
1750778489|Junyang Shao|M|src/cmd/compile/internal/ssa/_gen/simdgenericOps.go
1750778489|Junyang Shao|M|src/cmd/compile/internal/ssa/opGen.go
1750778489|Junyang Shao|M|src/cmd/compile/internal/ssa/rewriteAMD64.go
1750778489|Junyang Shao|M|src/cmd/compile/internal/ssagen/simdintrinsics.go
1750778489|Junyang Shao|M|src/simd/simd_wrapped_test.go
1750778489|Junyang Shao|M|src/simd/stubs_amd64.go
1750987112|Joe Tsai|M|src/encoding/json/v2_options.go
1750985989|Michael Anthony Knyszek|M|src/internal/trace/testdata/testprog/stacks.go
1750985989|Michael Anthony Knyszek|M|src/internal/trace/trace_test.go
1750985989|Michael Anthony Knyszek|M|src/runtime/proc.go
1750985989|Michael Anthony Knyszek|M|src/runtime/runtime2.go
1750985989|Michael Anthony Knyszek|M|src/runtime/stack.go
1750985989|Michael Anthony Knyszek|M|src/runtime/traceruntime.go
1750985989|Michael Anthony Knyszek|M|src/runtime/tracestack.go
1751015814|qmuntal|M|src/os/removeall_at.go
1751067922|Cherry Mui|M|src/runtime/testdata/testprogcgo/needmdeadlock.go
1751021577|Mikhail Mazurskiy|M|src/iter/iter.go
1747929602|Filippo Valsorda|M|src/crypto/hmac/hmac_test.go
1747929602|Filippo Valsorda|M|src/crypto/internal/fips140/hmac/hmac.go
1747929602|Filippo Valsorda|M|src/hash/hash.go
1751123144|David Chase|M|src/cmd/compile/internal/amd64/ssa.go
1751123144|David Chase|M|src/cmd/compile/internal/ssagen/intrinsics.go
1751123144|David Chase|M|src/cmd/compile/internal/ssagen/simdintrinsics.go
1751123144|David Chase|M|src/simd/stubs_amd64.go
1751059280|Michael Pratt|M|src/runtime/proc.go
1751059280|Michael Pratt|M|src/runtime/runtime2.go
1749756821|Austin Clements|M|src/runtime/cpuflags.go
1749756821|Austin Clements|M|src/runtime/mkpreempt.go
1749756821|Austin Clements|M|src/runtime/preempt_amd64.go
1749756821|Austin Clements|M|src/runtime/preempt_amd64.s
1751308668|Junyang Shao|M|src/cmd/compile/internal/ssa/_gen/simdAMD64.rules
1751308668|Junyang Shao|M|src/cmd/compile/internal/ssa/_gen/simdgenericOps.go
1751308668|Junyang Shao|M|src/cmd/compile/internal/ssa/opGen.go
1751308668|Junyang Shao|M|src/cmd/compile/internal/ssa/rewriteAMD64.go
1751308668|Junyang Shao|M|src/cmd/compile/internal/ssagen/simdintrinsics.go
1751308668|Junyang Shao|M|src/simd/simd_wrapped_test.go
1751308668|Junyang Shao|M|src/simd/stubs_amd64.go
1751064387|thepudds|M|src/cmd/compile/internal/escape/escape.go
1751316139|Austin Clements|M|src/runtime/mkpreempt.go
1751316139|Austin Clements|M|src/runtime/preempt.go
1751316139|Austin Clements|M|src/runtime/preempt_amd64.go
1751316139|Austin Clements|M|src/runtime/preempt_xreg.go
1750816823|Joe Tsai|M|src/encoding/json/jsontext/encode.go
1751070022|Jorropo|M|src/slices/slices_test.go
1751363748|Filippo Valsorda|M|src/crypto/ecdsa/ecdsa.go
1751392833|Junyang Shao|M|src/internal/cpu/cpu.go
1751392833|Junyang Shao|M|src/internal/cpu/cpu_x86.go
1751392833|Junyang Shao|M|src/simd/cpu.go
1751392833|Junyang Shao|M|src/simd/simd_test.go
1751293603|Deleplace|M|src/testing/synctest/run.go
1751363497|Filippo Valsorda|M|src/hash/hash.go
1751480890|David Chase|M|src/cmd/compile/internal/ssagen/intrinsics.go
1751827288|John Giorshev|M|src/sort/sort.go
1746444936|Filippo Valsorda|M|src/crypto/internal/fips140/rsa/pkcs1v22.go
1751042443|Michael Anthony Knyszek|M|src/runtime/export_test.go
1751042443|Michael Anthony Knyszek|M|src/runtime/symtab.go
1751042443|Michael Anthony Knyszek|M|src/runtime/trace.go
1751042443|Michael Anthony Knyszek|M|src/runtime/traceevent.go
1751042443|Michael Anthony Knyszek|M|src/runtime/tracestack.go
1751042443|Michael Anthony Knyszek|A|src/runtime/tracestack_test.go
1751908757|Michael Anthony Knyszek|M|src/internal/trace/trace_test.go
1750890050|David Chase|M|src/cmd/compile/internal/amd64/simdssa.go
1750890050|David Chase|M|src/cmd/compile/internal/ssa/_gen/simdAMD64.rules
1750890050|David Chase|M|src/cmd/compile/internal/ssa/_gen/simdAMD64ops.go
1750890050|David Chase|M|src/cmd/compile/internal/ssa/_gen/simdgenericOps.go
1750890050|David Chase|M|src/cmd/compile/internal/ssa/opGen.go
1750890050|David Chase|M|src/cmd/compile/internal/ssa/rewriteAMD64.go
1750890050|David Chase|M|src/cmd/compile/internal/ssagen/simdintrinsics.go
1750890050|David Chase|M|src/simd/simd_test.go
1750890050|David Chase|M|src/simd/simd_wrapped_test.go
1750890050|David Chase|M|src/simd/stubs_amd64.go
1750974100|David Chase|M|src/simd/simd_test.go
1750974100|David Chase|A|src/simd/slicepart_amd64.go
1750974100|David Chase|A|src/simd/slicepart_test.go
1751918494|Ian Lance Taylor|M|src/cmd/compile/doc.go
1749493426|Roland Shoemaker|M|doc/godebug.md
1749493426|Roland Shoemaker|M|src/cmd/go/internal/load/pkg.go
1749493426|Roland Shoemaker|M|src/cmd/go/internal/modfetch/repo.go
1749493426|Roland Shoemaker|M|src/cmd/go/internal/vcs/vcs.go
1749493426|Roland Shoemaker|M|src/cmd/go/internal/vcs/vcs_test.go
1749493426|Roland Shoemaker|A|src/cmd/go/testdata/script/test_multivcs.txt
1749493426|Roland Shoemaker|M|src/cmd/go/testdata/script/version_buildvcs_nested.txt
1749493426|Roland Shoemaker|M|src/internal/godebugs/table.go
1749493426|Roland Shoemaker|M|src/runtime/metrics/doc.go
1751995619|Junyang Shao|M|src/cmd/compile/internal/amd64/simdssa.go
1751995619|Junyang Shao|M|src/cmd/compile/internal/ssa/_gen/simdAMD64.rules
1751995619|Junyang Shao|M|src/cmd/compile/internal/ssa/_gen/simdAMD64ops.go
1751995619|Junyang Shao|M|src/cmd/compile/internal/ssa/_gen/simdgenericOps.go
1751995619|Junyang Shao|M|src/cmd/compile/internal/ssa/opGen.go
1751995619|Junyang Shao|M|src/cmd/compile/internal/ssa/rewriteAMD64.go
1751995619|Junyang Shao|M|src/cmd/compile/internal/ssagen/simdintrinsics.go
1751995619|Junyang Shao|M|src/simd/simd_wrapped_test.go
1751995619|Junyang Shao|M|src/simd/stubs_amd64.go
1751995772|Junyang Shao|D|src/simd/stubs_amd64.go
1751995772|Junyang Shao|A|src/simd/ops_amd64.go
1752005544|Junyang Shao|M|src/cmd/compile/internal/amd64/simdssa.go
1752005544|Junyang Shao|M|src/cmd/compile/internal/amd64/ssa.go
1752005544|Junyang Shao|M|src/cmd/compile/internal/ssa/_gen/AMD64Ops.go
1752005544|Junyang Shao|M|src/cmd/compile/internal/ssa/_gen/simdAMD64ops.go
1752008819|Junyang Shao|M|src/cmd/compile/internal/ssa/_gen/AMD64Ops.go
1752008819|Junyang Shao|M|src/cmd/compile/internal/ssa/_gen/simdAMD64ops.go
1752008819|Junyang Shao|M|src/cmd/compile/internal/ssa/opGen.go
1751993550|David Chase|M|src/cmd/compile/internal/ssa/_gen/simdAMD64.rules
1751993550|David Chase|M|src/cmd/compile/internal/ssa/rewriteAMD64.go
1752076206|Michael Anthony Knyszek|M|src/runtime/runtime-gdb_test.go
1752076206|Michael Anthony Knyszek|M|src/runtime/testdata/testprognet/signalexec.go
1752090729|Markus Kusano|M|src/crypto/cipher/cfb.go
1751654442|Christian Hoeppner|M|src/testing/synctest/example_test.go
1751654442|Christian Hoeppner|M|src/testing/synctest/synctest.go
1751654442|Christian Hoeppner|M|src/testing/synctest/synctest_test.go
1752122760|Cherry Mui|M|src/cmd/link/internal/loader/loader.go
1752087973|Junyang Shao|M|src/cmd/compile/internal/amd64/ssa.go
1752087973|Junyang Shao|M|src/cmd/compile/internal/ssa/_gen/AMD64Ops.go
1752087973|Junyang Shao|M|src/cmd/compile/internal/ssa/opGen.go
1752159965|Filippo Valsorda|M|src/crypto/rsa/rsa.go
1752105314|Joe Tsai|M|src/encoding/json/decode_test.go
1752105314|Joe Tsai|M|src/encoding/json/v2/arshal.go
1752105314|Joe Tsai|M|src/encoding/json/v2/arshal_test.go
1752105314|Joe Tsai|M|src/encoding/json/v2_decode_test.go
1752105314|Joe Tsai|M|src/encoding/json/v2_scanner.go
1752105314|Joe Tsai|M|src/encoding/json/v2_stream.go
1752267106|Tobias Klauser|M|src/runtime/ehooks_test.go
1752267106|Tobias Klauser|M|src/runtime/os3_solaris.go
1752267106|Tobias Klauser|M|src/runtime/os_aix.go
1752267106|Tobias Klauser|M|src/runtime/os_darwin.go
1752267106|Tobias Klauser|M|src/runtime/os_dragonfly.go
1752267106|Tobias Klauser|M|src/runtime/os_linux.go
1752267106|Tobias Klauser|M|src/runtime/os_netbsd.go
1752267106|Tobias Klauser|M|src/runtime/os_openbsd.go
1752267106|Tobias Klauser|M|src/runtime/os_windows.go
1752200112|Junyang Shao|M|src/simd/ops_amd64.go
1751347061|Joe Tsai|M|src/encoding/json/jsontext/doc.go
1751347061|Joe Tsai|M|src/encoding/json/jsontext/options.go
1751347061|Joe Tsai|M|src/encoding/json/v2/doc.go
1751347061|Joe Tsai|M|src/encoding/json/v2_encode.go
1752307984|Junyang Shao|M|src/cmd/compile/internal/liveness/plive.go
1752307984|Junyang Shao|M|src/cmd/compile/internal/ssa/func.go
1752513799|Junyang Shao|M|src/cmd/compile/internal/amd64/simdssa.go
1752513799|Junyang Shao|M|src/cmd/compile/internal/ssa/_gen/simdAMD64.rules
1752513799|Junyang Shao|M|src/cmd/compile/internal/ssa/_gen/simdAMD64ops.go
1752513799|Junyang Shao|M|src/cmd/compile/internal/ssa/_gen/simdgenericOps.go
1752513799|Junyang Shao|M|src/cmd/compile/internal/ssa/opGen.go
1752513799|Junyang Shao|M|src/cmd/compile/internal/ssa/rewriteAMD64.go
1752513799|Junyang Shao|M|src/cmd/compile/internal/ssagen/simdintrinsics.go
1752513799|Junyang Shao|M|src/simd/ops_amd64.go
1752513799|Junyang Shao|M|src/simd/simd_wrapped_test.go
1710229072|guoguangwu|M|src/os/os_windows_test.go
1752520407|Michael Anthony Knyszek|M|src/runtime/mgcmark_greenteagc.go
1752521337|Michael Anthony Knyszek|M|src/runtime/mgcmark_greenteagc.go
1752593199|Michael Matloob|M|src/cmd/internal/doc/main.go
1752522297|Junyang Shao|M|src/simd/ops_amd64.go
1752530429|Junyang Shao|M|src/cmd/compile/internal/ssagen/simdintrinsics.go
1752530429|Junyang Shao|M|src/simd/ops_amd64.go
1752530429|Junyang Shao|M|src/simd/simd_test.go
1725053067|Cherry Mui|M|src/runtime/asm_wasm.s
1752536160|thepudds|M|src/cmd/compile/internal/escape/escape.go
1752354104|thepudds|M|src/cmd/compile/internal/escape/escape.go
1752354104|thepudds|M|src/cmd/compile/internal/ssa/debug_lines_test.go
1752354104|thepudds|A|src/cmd/compile/internal/ssa/testdata/i74576a.go
1752354104|thepudds|A|src/cmd/compile/internal/ssa/testdata/i74576b.go
1752354104|thepudds|A|src/cmd/compile/internal/ssa/testdata/i74576c.go
1752685367|Junyang Shao|M|src/simd/ops_amd64.go
1752692748|Carlos Amedee|M|src/os/file.go
1752692748|Carlos Amedee|M|src/os/file_plan9.go
1752692748|Carlos Amedee|M|src/os/file_unix.go
1752692748|Carlos Amedee|M|src/os/file_windows.go
1752692748|Carlos Amedee|M|src/os/root_openat.go
1752692748|Carlos Amedee|M|src/os/root_unix.go
1752692748|Carlos Amedee|M|src/os/root_windows.go
1752807984|Meng Zhuo|M|src/cmd/internal/obj/fips140.go
1752942844|Keith Randall|M|src/runtime/asan_riscv64.s
1752812819|Junyang Shao|M|src/cmd/compile/internal/amd64/ssa.go
1752812819|Junyang Shao|M|src/cmd/compile/internal/ssa/_gen/AMD64.rules
1752812819|Junyang Shao|M|src/cmd/compile/internal/ssa/_gen/AMD64Ops.go
1752812819|Junyang Shao|M|src/cmd/compile/internal/ssa/_gen/genericOps.go
1752812819|Junyang Shao|M|src/cmd/compile/internal/ssa/opGen.go
1752812819|Junyang Shao|M|src/cmd/compile/internal/ssa/rewriteAMD64.go
1752812819|Junyang Shao|M|src/cmd/compile/internal/ssagen/intrinsics.go
1752812819|Junyang Shao|M|src/cmd/compile/internal/ssagen/simdintrinsics.go
1752812819|Junyang Shao|M|src/simd/simd_test.go
1752812819|Junyang Shao|M|src/simd/types_amd64.go
1752615508|Junyang Shao|M|src/internal/cpu/cpu.go
1752615508|Junyang Shao|M|src/internal/cpu/cpu_x86.go
1752615508|Junyang Shao|M|src/simd/cpu.go
1749455235|cuishuang|M|src/cmd/internal/objabi/reloctype.go
1753053611|Lyle Dean|M|src/net/dial.go
1753293155|Derek Parker|M|src/cmd/compile/internal/dwarfgen/dwarf.go
1753293155|Derek Parker|M|src/cmd/link/dwarf_test.go
1753293006|Michael Anthony Knyszek|A|doc/next/1-intro.md
1753293006|Michael Anthony Knyszek|A|doc/next/2-language.md
1753293006|Michael Anthony Knyszek|A|doc/next/3-tools.md
1753293006|Michael Anthony Knyszek|A|doc/next/4-runtime.md
1753293006|Michael Anthony Knyszek|A|doc/next/5-toolchain.md
1753293006|Michael Anthony Knyszek|A|doc/next/6-stdlib/0-heading.md
1753293006|Michael Anthony Knyszek|A|doc/next/6-stdlib/99-minor/0-heading.md
1753293006|Michael Anthony Knyszek|A|doc/next/6-stdlib/99-minor/README
1753293006|Michael Anthony Knyszek|A|doc/next/7-ports.md
1752862456|Michael Matloob|M|src/cmd/go/internal/tool/tool.go
1752862456|Michael Matloob|M|src/cmd/go/internal/work/action.go
1752862456|Michael Matloob|M|src/cmd/go/internal/work/buildid.go
1752862456|Michael Matloob|A|src/cmd/go/testdata/script/tool_n_issue72824.txt
1750675160|Adi Aloni|M|src/cmd/go/internal/clean/clean.go
1747934749|Keith Randall|M|src/cmd/api/testdata/src/pkg/p1/golden.txt
1747934749|Keith Randall|M|src/cmd/api/testdata/src/pkg/p2/golden.txt
1747934749|Keith Randall|M|src/cmd/api/testdata/src/pkg/p4/golden.txt
1749838133|Keith Randall|M|src/cmd/compile/internal/ssa/biasedsparsemap.go
1749838133|Keith Randall|M|src/cmd/compile/internal/ssa/deadcode.go
1749838133|Keith Randall|M|src/cmd/compile/internal/ssa/deadstore.go
1749838133|Keith Randall|M|src/cmd/compile/internal/ssa/nilcheck.go
1749838133|Keith Randall|M|src/cmd/compile/internal/ssa/rewrite.go
1749838133|Keith Randall|M|src/cmd/compile/internal/ssa/sparsemap.go
1749838133|Keith Randall|M|src/cmd/compile/internal/ssa/xposmap.go
1748424377|Tobias Klauser|M|src/cmd/cgo/out.go
1747793024|Roland Shoemaker|A|src/internal/goexperiment/exp_randomizedheapbase64_off.go
1747793024|Roland Shoemaker|A|src/internal/goexperiment/exp_randomizedheapbase64_on.go
1747793024|Roland Shoemaker|M|src/internal/goexperiment/flags.go
1747793024|Roland Shoemaker|M|src/runtime/export_test.go
1747793024|Roland Shoemaker|M|src/runtime/malloc.go
1747793024|Roland Shoemaker|M|src/runtime/mheap.go
1747793024|Roland Shoemaker|M|src/runtime/mpagealloc.go
1747793024|Roland Shoemaker|M|src/runtime/proc.go
1753285501|Michael Matloob|M|src/cmd/go/internal/doc/dirs.go
1753285501|Michael Matloob|M|src/cmd/go/internal/doc/doc.go
1753285501|Michael Matloob|D|src/cmd/go/internal/doc/main.go
1753285501|Michael Matloob|M|src/cmd/go/internal/doc/pkg.go
1753285501|Michael Matloob|A|src/cmd/go/internal/doc/pkgsite.go
1753285501|Michael Matloob|D|src/cmd/go/internal/doc/doc_bootstrap.go
1753285501|Michael Matloob|A|src/cmd/go/internal/doc/pkgsite_bootstrap.go
1753365530|Jes Cok|M|src/internal/runtime/exithook/hooks.go
1750131427|Julian Zhu|M|src/runtime/memclr_mips64x.s
1752532139|Derek Parker|M|src/cmd/compile/internal/dwarfgen/dwarf.go
1750238786|Julian Zhu|M|src/runtime/memmove_test.go
1751447548|qmuntal|M|src/internal/poll/fd_windows.go
1751447548|qmuntal|M|src/internal/poll/sendfile_windows.go
1747118657|Alexander Musman|M|src/cmd/compile/internal/ssa/looprotate.go
1747118657|Alexander Musman|A|src/cmd/compile/internal/ssa/looprotate_test.go
1749286811|Alexander Musman|M|src/cmd/compile/internal/ssa/_gen/ARM64.rules
1749286811|Alexander Musman|M|src/cmd/compile/internal/ssa/rewriteARM64.go
1749286811|Alexander Musman|M|test/codegen/slices.go
1751613801|Jorropo|M|src/cmd/compile/internal/ssa/prove.go
1751613801|Jorropo|M|test/prove.go
1751613801|Jorropo|M|test/prove_constant_folding.go
1751613998|Jorropo|M|src/cmd/compile/internal/ssa/prove.go
1751613998|Jorropo|M|test/prove.go
1751504245|Jorropo|M|src/cmd/compile/internal/ssa/_gen/generic.rules
1751504245|Jorropo|M|src/cmd/compile/internal/ssa/rewritegeneric.go
1751504245|Jorropo|M|test/codegen/condmove.go
1750283423|Keith Randall|M|src/cmd/compile/internal/ir/symtab.go
1750283423|Keith Randall|M|src/cmd/compile/internal/ssa/_gen/rulegen.go
1750283423|Keith Randall|M|src/cmd/compile/internal/ssa/check.go
1750283423|Keith Randall|M|src/cmd/compile/internal/ssa/op.go
1750283423|Keith Randall|M|src/cmd/compile/internal/ssa/rewrite.go
1750283423|Keith Randall|M|src/cmd/compile/internal/ssagen/ssa.go
1750283423|Keith Randall|M|src/internal/abi/bounds.go
1750283423|Keith Randall|M|src/internal/abi/symtab.go
1750283423|Keith Randall|M|src/runtime/panic.go
1750636216|Keith Randall|M|src/cmd/compile/internal/ssa/prove.go
1750636216|Keith Randall|M|test/prove.go
1750618137|Keith Randall|M|src/unicode/utf8/utf8.go
1750618137|Keith Randall|M|src/unicode/utf8/utf8_test.go
1751407213|Keith Randall|M|src/cmd/internal/obj/arm/obj5.go
1751407213|Keith Randall|M|src/cmd/internal/obj/arm64/obj7.go
1751407213|Keith Randall|M|src/cmd/internal/obj/loong64/obj.go
1751407213|Keith Randall|M|src/cmd/internal/obj/mips/obj0.go
1751407213|Keith Randall|M|src/cmd/internal/obj/ppc64/obj9.go
1751407213|Keith Randall|M|src/cmd/internal/obj/riscv/obj.go
1751407213|Keith Randall|M|src/cmd/internal/obj/s390x/objz.go
1751407213|Keith Randall|M|src/cmd/internal/obj/wasm/wasmobj.go
1751407213|Keith Randall|M|src/cmd/internal/obj/x86/obj6.go
1751407213|Keith Randall|M|src/runtime/panic.go
1751407213|Keith Randall|M|src/runtime/runtime2.go
1753338203|cxbdasheng|M|src/time/time.go
1753384595|Joe Tsai|M|src/encoding/json/jsontext/decode.go
1753384595|Joe Tsai|M|src/encoding/json/v2/arshal.go
1750816586|Joe Tsai|M|src/encoding/json/jsontext/decode.go
1750816586|Joe Tsai|M|src/encoding/json/jsontext/decode_test.go
1750816586|Joe Tsai|M|src/encoding/json/jsontext/encode.go
1750816586|Joe Tsai|M|src/encoding/json/jsontext/encode_test.go
1751408952|Keith Randall|M|src/runtime/panic.go
1751408952|Keith Randall|A|test/fixedbugs/issue73916.go
1751408952|Keith Randall|A|test/fixedbugs/issue73916b.go
1751408952|Keith Randall|A|test/fixedbugs/issue73917.go
1751408952|Keith Randall|A|test/fixedbugs/issue73920.go
1753227111|Michael Anthony Knyszek|M|src/runtime/mgcmark.go
1753227111|Michael Anthony Knyszek|M|src/runtime/mgcmark_greenteagc.go
1753227111|Michael Anthony Knyszek|M|src/runtime/mgcmark_nogreenteagc.go
1753364315|qmuntal|M|src/os/user/user_windows_test.go
1750799784|Mark Freeman|M|src/cmd/compile/internal/types2/alias.go
1750799784|Mark Freeman|M|src/cmd/compile/internal/types2/decl.go
1750799784|Mark Freeman|M|src/go/types/alias.go
1750799784|Mark Freeman|A|src/go/types/alias_test.go
1750799784|Mark Freeman|M|src/go/types/decl.go
1753478150|Keith Randall|M|src/cmd/compile/internal/ssa/likelyadjust.go
1753478150|Keith Randall|M|src/cmd/compile/internal/ssa/looprotate.go
1753101544|qmuntal|M|src/cmd/internal/objabi/pkgspecial.go
1753101544|qmuntal|M|src/go/build/deps_test.go
1753101544|qmuntal|M|src/internal/coverage/pkid.go
1753101544|qmuntal|A|src/internal/runtime/syscall/windows/asm_windows_386.s
1753101544|qmuntal|A|src/internal/runtime/syscall/windows/asm_windows_amd64.s
1753101544|qmuntal|A|src/internal/runtime/syscall/windows/asm_windows_arm.s
1753101544|qmuntal|A|src/internal/runtime/syscall/windows/asm_windows_arm64.s
1753101544|qmuntal|A|src/internal/runtime/syscall/windows/syscall_windows.go
1753101544|qmuntal|M|src/runtime/cgocall.go
1753101544|qmuntal|M|src/runtime/export_windows_test.go
1753101544|qmuntal|M|src/runtime/os_aix.go
1753101544|qmuntal|M|src/runtime/os_solaris.go
1753101544|qmuntal|M|src/runtime/os_windows.go
1753101544|qmuntal|M|src/runtime/runtime2.go
1753101544|qmuntal|M|src/runtime/sys_aix_ppc64.s
1753101544|qmuntal|M|src/runtime/sys_solaris_amd64.s
1753101544|qmuntal|M|src/runtime/sys_windows_386.s
1753101544|qmuntal|M|src/runtime/sys_windows_amd64.s
1753101544|qmuntal|M|src/runtime/sys_windows_arm.s
1753101544|qmuntal|M|src/runtime/sys_windows_arm64.s
1753101544|qmuntal|M|src/runtime/syscall_windows.go
1753101544|qmuntal|M|src/runtime/syscall_windows_test.go
1753571869|Michael Munday|M|test/codegen/condmove.go
1753493775|Jorropo|M|src/cmd/compile/internal/ssa/_gen/generic.rules
1753493775|Jorropo|M|src/cmd/compile/internal/ssa/rewritegeneric.go
1753702577|Jes Cok|M|src/bytes/bytes_test.go
1753702577|Jes Cok|M|src/debug/dwarf/entry.go
1753702577|Jes Cok|M|src/net/tcpconn_keepalive_test.go
1753702577|Jes Cok|M|src/runtime/heapdump.go
1753702577|Jes Cok|M|src/runtime/mcleanup.go
1753702577|Jes Cok|M|src/runtime/mgcmark.go
1753702577|Jes Cok|M|src/runtime/mgcsweep.go
1753702577|Jes Cok|M|src/runtime/mheap.go
1753702577|Jes Cok|M|src/runtime/slice.go
1753702577|Jes Cok|M|src/runtime/traceallocfree.go
1753702577|Jes Cok|M|src/runtime/tracebuf.go
1753702577|Jes Cok|M|src/runtime/tracecpu.go
1753702577|Jes Cok|M|src/runtime/traceevent.go
1753702577|Jes Cok|M|src/runtime/traceruntime.go
1753702577|Jes Cok|M|src/runtime/tracestack.go
1753702577|Jes Cok|M|src/runtime/tracetype.go
1753702577|Jes Cok|M|src/sync/map_test.go
1753702577|Jes Cok|M|src/syscall/dirent.go
1753702577|Jes Cok|M|src/time/example_test.go
1753702577|Jes Cok|M|src/time/sleep.go
1739608448|Joel Sing|M|src/runtime/crash_unix_test.go
1739608448|Joel Sing|M|src/runtime/defs_openbsd.go
1739608448|Joel Sing|D|src/runtime/defs_openbsd_mips64.go
1739608448|Joel Sing|M|src/runtime/os_openbsd.go
1739608448|Joel Sing|D|src/runtime/os_openbsd_libc.go
1739608448|Joel Sing|D|src/runtime/os_openbsd_mips64.go
1739608448|Joel Sing|D|src/runtime/os_openbsd_syscall.go
1739608448|Joel Sing|D|src/runtime/os_openbsd_syscall1.go
1739608448|Joel Sing|D|src/runtime/os_openbsd_syscall2.go
1739608448|Joel Sing|D|src/runtime/rt0_openbsd_mips64.s
1739608448|Joel Sing|M|src/runtime/signal_mips64x.go
1739608448|Joel Sing|D|src/runtime/signal_openbsd_mips64.go
1739608448|Joel Sing|M|src/runtime/sys_libc.go
1739608448|Joel Sing|M|src/runtime/sys_openbsd.go
1739608448|Joel Sing|D|src/runtime/sys_openbsd1.go
1739608448|Joel Sing|D|src/runtime/sys_openbsd2.go
1739608448|Joel Sing|D|src/runtime/sys_openbsd3.go
1739608448|Joel Sing|D|src/runtime/sys_openbsd_mips64.s
1751452393|qmuntal|M|src/internal/poll/fd_windows.go
1751452393|qmuntal|M|src/internal/poll/sendfile_windows.go
1751453502|qmuntal|M|src/internal/poll/fd_windows.go
1752834960|Olivier Mengué|M|src/os/user/user_windows_test.go
1753341654|mohanson|M|src/crypto/elliptic/params.go
1752585865|qmuntal|M|src/cmd/go/internal/telemetrystats/telemetrystats.go
1750284929|Keith Randall|M|src/cmd/compile/internal/arm/ssa.go
1750284929|Keith Randall|M|src/cmd/compile/internal/ssa/_gen/ARM.rules
1750284929|Keith Randall|M|src/cmd/compile/internal/ssa/_gen/ARMOps.go
1750284929|Keith Randall|M|src/cmd/compile/internal/ssa/opGen.go
1750284929|Keith Randall|M|src/cmd/compile/internal/ssa/rewriteARM.go
1750284929|Keith Randall|M|src/runtime/asm_arm.s
1751318323|Cherry Mui|D|src/internal/goexperiment/exp_cacheprog_off.go
1751318323|Cherry Mui|D|src/internal/goexperiment/exp_cacheprog_on.go
1751318323|Cherry Mui|M|src/internal/goexperiment/flags.go
1751295539|Olivier Mengué|M|src/os/exec/dot_test.go
1751295539|Olivier Mengué|M|src/os/exec/exec.go
1751295539|Olivier Mengué|M|src/os/exec/lp_plan9.go
1751295539|Olivier Mengué|M|src/os/exec/lp_unix.go
1751295539|Olivier Mengué|M|src/os/exec/lp_windows.go
1753271298|Cuong Manh Le|M|src/cmd/compile/internal/ssa/_gen/generic.rules
1753271298|Cuong Manh Le|M|src/cmd/compile/internal/ssa/rewrite.go
1753271298|Cuong Manh Le|M|src/cmd/compile/internal/ssa/rewritegeneric.go
1753271298|Cuong Manh Le|A|test/codegen/issue74485.go
1753807148|Cuong Manh Le|M|src/cmd/compile/internal/ssa/rewrite.go
1750671926|Xiaolin Zhao|M|src/cmd/compile/internal/ssa/_gen/LOONG64.rules
1750671926|Xiaolin Zhao|M|src/cmd/compile/internal/ssa/rewriteLOONG64.go
1753828269|Keith Randall|M|src/reflect/map_noswiss.go
1748981185|Keith Randall|M|src/cmd/compile/internal/arm64/ggen.go
1750285019|Keith Randall|M|src/cmd/compile/internal/loong64/ssa.go
1750285019|Keith Randall|M|src/cmd/compile/internal/ssa/_gen/LOONG64.rules
1750285019|Keith Randall|M|src/cmd/compile/internal/ssa/_gen/LOONG64Ops.go
1750285019|Keith Randall|M|src/cmd/compile/internal/ssa/opGen.go
1750285019|Keith Randall|M|src/cmd/compile/internal/ssa/rewriteLOONG64.go
1750285019|Keith Randall|M|src/runtime/asm_loong64.s
1750286992|Keith Randall|M|src/cmd/compile/internal/mips/ssa.go
1750286992|Keith Randall|M|src/cmd/compile/internal/ssa/_gen/MIPS.rules
1750286992|Keith Randall|M|src/cmd/compile/internal/ssa/_gen/MIPSOps.go
1750286992|Keith Randall|M|src/cmd/compile/internal/ssa/opGen.go
1750286992|Keith Randall|M|src/cmd/compile/internal/ssa/rewriteMIPS.go
1750286992|Keith Randall|M|src/runtime/asm_mipsx.s
1753786409|Youlin Feng|M|src/cmd/compile/internal/ssa/expand_calls.go
1753786409|Youlin Feng|M|src/cmd/internal/testdir/testdir_test.go
1753786409|Youlin Feng|M|test/codegen/README
1753786409|Youlin Feng|A|test/codegen/issue74788.go
1753811915|Michael Pratt|M|src/cmd/compile/internal/reflectdata/map.go
1753811915|Michael Pratt|M|src/cmd/compile/internal/reflectdata/reflect.go
1753811915|Michael Pratt|M|src/cmd/compile/internal/rttype/rttype.go
1753811915|Michael Pratt|M|src/cmd/compile/internal/ssagen/intrinsics.go
1753811915|Michael Pratt|M|src/cmd/compile/internal/ssagen/ssa.go
1753811915|Michael Pratt|M|src/cmd/compile/internal/types/fmt.go
1753811915|Michael Pratt|M|src/cmd/compile/internal/types/type.go
1753811915|Michael Pratt|M|src/cmd/compile/internal/walk/builtin.go
1753811915|Michael Pratt|M|src/cmd/compile/internal/walk/order.go
1753811915|Michael Pratt|M|src/cmd/compile/internal/walk/range.go
1753811915|Michael Pratt|M|src/cmd/compile/internal/walk/walk.go
1753811915|Michael Pratt|M|src/cmd/link/internal/ld/deadcode.go
1753811915|Michael Pratt|M|src/cmd/link/internal/ld/decodesym.go
1753811915|Michael Pratt|M|src/cmd/link/internal/ld/dwarf.go
1753811915|Michael Pratt|M|src/cmd/link/internal/ld/dwarf_test.go
1753811915|Michael Pratt|M|src/hash/maphash/maphash_runtime.go
1753811915|Michael Pratt|M|src/internal/abi/map.go
1753811915|Michael Pratt|M|src/internal/abi/type.go
1753811915|Michael Pratt|M|src/internal/runtime/maps/export_test.go
1753811915|Michael Pratt|M|src/internal/runtime/maps/group.go
1753811915|Michael Pratt|M|src/internal/runtime/maps/map.go
1753811915|Michael Pratt|M|src/internal/runtime/maps/map_test.go
1753811915|Michael Pratt|M|src/internal/runtime/maps/runtime.go
1753811915|Michael Pratt|M|src/internal/runtime/maps/runtime_fast32.go
1753811915|Michael Pratt|M|src/internal/runtime/maps/runtime_fast64.go
1753811915|Michael Pratt|M|src/internal/runtime/maps/runtime_faststr.go
1753811915|Michael Pratt|M|src/internal/runtime/maps/table.go
1753811915|Michael Pratt|M|src/internal/runtime/maps/table_debug.go
1753811915|Michael Pratt|M|src/reflect/map.go
1753811915|Michael Pratt|M|src/runtime/linkname_shim.go
1753811915|Michael Pratt|M|src/runtime/map.go
1753811915|Michael Pratt|M|src/runtime/map_fast32.go
1753811915|Michael Pratt|M|src/runtime/map_fast64.go
1753811915|Michael Pratt|M|src/runtime/map_faststr.go
1753811915|Michael Pratt|M|src/runtime/map_test.go
1753811915|Michael Pratt|M|src/runtime/runtime-gdb.py
1753811915|Michael Pratt|M|src/runtime/type.go
1753823544|Michael Matloob|M|src/cmd/go/internal/gover/mod.go
1753823544|Michael Matloob|M|src/cmd/go/testdata/script/mod_get_toolchain.txt
1753240167|Michael Anthony Knyszek|M|src/runtime/metrics.go
1753240167|Michael Anthony Knyszek|M|src/runtime/metrics/description.go
1753240167|Michael Anthony Knyszek|M|src/runtime/metrics/doc.go
1753240167|Michael Anthony Knyszek|M|src/runtime/metrics_test.go
1753256234|Junyang Shao|M|src/cmd/compile/internal/amd64/simdssa.go
1753256234|Junyang Shao|M|src/cmd/compile/internal/amd64/ssa.go
1753256234|Junyang Shao|M|src/cmd/compile/internal/ssa/_gen/AMD64.rules
1753256234|Junyang Shao|M|src/cmd/compile/internal/ssa/_gen/AMD64Ops.go
1753256234|Junyang Shao|M|src/cmd/compile/internal/ssa/_gen/genericOps.go
1753256234|Junyang Shao|M|src/cmd/compile/internal/ssa/_gen/simdAMD64.rules
1753256234|Junyang Shao|M|src/cmd/compile/internal/ssa/_gen/simdAMD64ops.go
1753256234|Junyang Shao|M|src/cmd/compile/internal/ssa/_gen/simdgenericOps.go
1753256234|Junyang Shao|M|src/cmd/compile/internal/ssa/opGen.go
1753256234|Junyang Shao|M|src/cmd/compile/internal/ssa/rewriteAMD64.go
1753256234|Junyang Shao|M|src/cmd/compile/internal/ssagen/intrinsics.go
1753256234|Junyang Shao|M|src/cmd/compile/internal/ssagen/simdintrinsics.go
1753256234|Junyang Shao|M|src/simd/ops_amd64.go
1753256234|Junyang Shao|M|src/simd/simd_test.go
1753256234|Junyang Shao|M|src/simd/types_amd64.go
1747902070|Xiaolin Zhao|M|src/cmd/compile/internal/ssa/_gen/LOONG64.rules
1747902070|Xiaolin Zhao|A|src/cmd/compile/internal/ssa/_gen/LOONG64latelower.rules
1747902070|Xiaolin Zhao|M|src/cmd/compile/internal/ssa/config.go
1747902070|Xiaolin Zhao|M|src/cmd/compile/internal/ssa/rewriteLOONG64.go
1747902070|Xiaolin Zhao|A|src/cmd/compile/internal/ssa/rewriteLOONG64latelower.go
1747902070|Xiaolin Zhao|M|test/codegen/arithmetic.go
1747902070|Xiaolin Zhao|M|test/codegen/multiply.go
1753787757|qmuntal|M|src/cmd/go/internal/work/shell.go
1753787757|qmuntal|A|src/cmd/go/internal/work/shell_nonwindows.go
1753787757|qmuntal|A|src/cmd/go/internal/work/shell_windows.go
1753787757|qmuntal|M|src/internal/syscall/windows/security_windows.go
1753787757|qmuntal|M|src/internal/syscall/windows/types_windows.go
1753787757|qmuntal|M|src/internal/syscall/windows/zsyscall_windows.go
1753778134|qmuntal|M|src/runtime/export_windows_test.go
1753778134|qmuntal|M|src/runtime/mem_windows.go
1753778134|qmuntal|M|src/runtime/netpoll_windows.go
1753778134|qmuntal|M|src/runtime/os_windows.go
1753778134|qmuntal|M|src/runtime/os_windows_arm.go
1753778134|qmuntal|M|src/runtime/os_windows_arm64.go
1753778134|qmuntal|M|src/runtime/signal_windows.go
1753778134|qmuntal|M|src/runtime/syscall_windows.go
1751924904|David Chase|A|src/simd/binary_helpers_test.go
1751924904|David Chase|A|src/simd/binary_test.go
1751924904|David Chase|A|src/simd/compare_helpers_test.go
1751924904|David Chase|A|src/simd/compare_test.go
1751924904|David Chase|A|src/simd/comparemasked_helpers_test.go
1751924904|David Chase|A|src/simd/genfiles.go
1751924904|David Chase|D|src/simd/genslice.go
1751924904|David Chase|A|src/simd/helpers_test.go
1751924904|David Chase|M|src/simd/no_tag.go
1751924904|David Chase|M|src/simd/simd_test.go
1751924904|David Chase|D|src/simd/simd_wrapped_test.go
1751924904|David Chase|A|src/simd/simulation_helpers_test.go
1751924904|David Chase|M|src/simd/slice_amd64.go
1751924904|David Chase|M|src/simd/slicepart_test.go
1751924904|David Chase|A|src/simd/ternary_helpers_test.go
1751924904|David Chase|A|src/simd/ternary_test.go
1751924904|David Chase|A|src/simd/unary_helpers_test.go
1751924904|David Chase|A|src/simd/unary_test.go
1753122655|David Chase|M|src/cmd/compile/internal/ssagen/simdintrinsics.go
1753122655|David Chase|M|src/simd/simd_test.go
1753122655|David Chase|M|src/simd/slicepart_amd64.go
1753122655|David Chase|M|src/simd/slicepart_test.go
1753122655|David Chase|M|src/simd/types_amd64.go
1754079452|David Chase|M|src/cmd/compile/internal/ssa/_gen/simdAMD64ops.go
1754079452|David Chase|M|src/cmd/compile/internal/ssa/_gen/simdgenericOps.go
1754079452|David Chase|M|src/cmd/compile/internal/ssa/opGen.go
1753212895|David Chase|M|src/simd/binary_helpers_test.go
1753212895|David Chase|M|src/simd/compare_helpers_test.go
1753212895|David Chase|M|src/simd/comparemasked_helpers_test.go
1753212895|David Chase|M|src/simd/genfiles.go
1753212895|David Chase|M|src/simd/slice_amd64.go
1753212895|David Chase|M|src/simd/ternary_helpers_test.go
1753212895|David Chase|M|src/simd/unary_helpers_test.go
1753292828|David Chase|M|src/cmd/compile/internal/amd64/ssa.go
1753292828|David Chase|M|src/cmd/compile/internal/ssa/_gen/AMD64.rules
1753292828|David Chase|M|src/cmd/compile/internal/ssa/_gen/AMD64Ops.go
1753292828|David Chase|M|src/cmd/compile/internal/ssa/_gen/genericOps.go
1753292828|David Chase|M|src/cmd/compile/internal/ssa/opGen.go
1753292828|David Chase|M|src/cmd/compile/internal/ssa/rewriteAMD64.go
1753292828|David Chase|M|src/cmd/compile/internal/ssagen/intrinsics.go
1753292828|David Chase|M|src/cmd/compile/internal/ssagen/simdintrinsics.go
1753292828|David Chase|M|src/simd/types_amd64.go
1753319078|David Chase|M|src/cmd/compile/internal/amd64/ssa.go
1753319078|David Chase|M|src/cmd/compile/internal/ssa/_gen/AMD64.rules
1753319078|David Chase|M|src/cmd/compile/internal/ssa/_gen/AMD64Ops.go
1753319078|David Chase|M|src/cmd/compile/internal/ssa/_gen/genericOps.go
1753319078|David Chase|M|src/cmd/compile/internal/ssa/opGen.go
1753319078|David Chase|M|src/cmd/compile/internal/ssa/rewriteAMD64.go
1750334128|limeidan|M|src/runtime/asm_loong64.s
1749263263|Xiaolin Zhao|M|src/cmd/compile/internal/test/mulconst_test.go
1754172799|Cherry Mui|M|src/cmd/cgo/internal/test/test.go
1754005509|Junyang Shao|M|src/cmd/compile/internal/ssa/_gen/simdAMD64.rules
1754005509|Junyang Shao|M|src/cmd/compile/internal/ssa/_gen/simdgenericOps.go
1754005509|Junyang Shao|M|src/cmd/compile/internal/ssa/opGen.go
1754005509|Junyang Shao|M|src/cmd/compile/internal/ssa/rewriteAMD64.go
1754005509|Junyang Shao|M|src/cmd/compile/internal/ssagen/simdintrinsics.go
1754005509|Junyang Shao|M|src/simd/ops_amd64.go
1750289748|Keith Randall|M|src/cmd/compile/internal/riscv64/ssa.go
1750289748|Keith Randall|M|src/cmd/compile/internal/ssa/_gen/RISCV64.rules
1750289748|Keith Randall|M|src/cmd/compile/internal/ssa/_gen/RISCV64Ops.go
1750289748|Keith Randall|M|src/cmd/compile/internal/ssa/opGen.go
1750289748|Keith Randall|M|src/cmd/compile/internal/ssa/rewriteRISCV64.go
1750289748|Keith Randall|M|src/runtime/asm_riscv64.s
1754075593|Junyang Shao|M|src/cmd/compile/internal/ssa/_gen/simdAMD64.rules
1754075593|Junyang Shao|M|src/cmd/compile/internal/ssa/_gen/simdgenericOps.go
1754075593|Junyang Shao|M|src/cmd/compile/internal/ssa/opGen.go
1754075593|Junyang Shao|M|src/cmd/compile/internal/ssa/rewriteAMD64.go
1754075593|Junyang Shao|M|src/cmd/compile/internal/ssagen/simdintrinsics.go
1754075593|Junyang Shao|M|src/simd/binary_test.go
1754075593|Junyang Shao|M|src/simd/ops_amd64.go
1754078309|David Chase|M|src/cmd/compile/internal/amd64/simdssa.go
1754078309|David Chase|M|src/cmd/compile/internal/ssa/_gen/simdAMD64.rules
1754078309|David Chase|M|src/cmd/compile/internal/ssa/_gen/simdgenericOps.go
1754078309|David Chase|M|src/cmd/compile/internal/ssa/opGen.go
1754078309|David Chase|M|src/cmd/compile/internal/ssa/rewriteAMD64.go
1754078309|David Chase|M|src/cmd/compile/internal/ssagen/simdintrinsics.go
1754078309|David Chase|M|src/simd/binary_test.go
1754078309|David Chase|M|src/simd/ops_amd64.go
1754078309|David Chase|M|src/simd/unary_test.go
1753789523|Cuong Manh Le|M|src/cmd/compile/internal/walk/expr.go
1753789523|Cuong Manh Le|M|src/runtime/checkptr_test.go
1753789523|Cuong Manh Le|M|src/runtime/testdata/testprog/checkptr.go
1754308757|Cuong Manh Le|M|src/cmd/compile/internal/ssa/rewrite.go
1754309830|Cuong Manh Le|M|src/cmd/compile/internal/ssa/_gen/AMD64.rules
1754309830|Cuong Manh Le|M|src/cmd/compile/internal/ssa/rewrite.go
1754309830|Cuong Manh Le|M|src/cmd/compile/internal/ssa/rewriteAMD64.go
1749025341|Daniel Morsing|M|src/cmd/compile/internal/ssa/prove.go
1750291760|Keith Randall|M|src/cmd/compile/internal/ssa/op.go
1750291760|Keith Randall|M|src/cmd/compile/internal/ssagen/ssa.go
1750291760|Keith Randall|M|src/runtime/panic.go
1753296382|Michael Pratt|A|src/runtime/export_vdso_linux_test.go
1753296382|Michael Pratt|A|src/runtime/vdso_linux_test.go
1754412669|Mateusz Poliwczak|M|src/go/parser/error_test.go
1749756262|Austin Clements|M|src/internal/cpu/cpu.go
1749756262|Austin Clements|M|src/internal/cpu/cpu_x86.go
1749756821|Austin Clements|M|src/runtime/cpuflags.go
1749756821|Austin Clements|M|src/runtime/mkpreempt.go
1749756821|Austin Clements|M|src/runtime/preempt_amd64.go
1749756821|Austin Clements|M|src/runtime/preempt_amd64.s
1754426241|Keith Randall|M|src/cmd/compile/internal/ssa/_gen/dec.rules
1754426241|Keith Randall|M|src/cmd/compile/internal/ssa/rewritedec.go
1754426241|Keith Randall|A|test/fixedbugs/issue74888.go
1754335194|David Chase|M|src/cmd/compile/internal/amd64/simdssa.go
1754335194|David Chase|M|src/cmd/compile/internal/ssa/_gen/simdAMD64.rules
1754335194|David Chase|M|src/cmd/compile/internal/ssa/_gen/simdAMD64ops.go
1754335194|David Chase|M|src/cmd/compile/internal/ssa/_gen/simdgenericOps.go
1754335194|David Chase|M|src/cmd/compile/internal/ssa/opGen.go
1754335194|David Chase|M|src/cmd/compile/internal/ssa/rewriteAMD64.go
1754335194|David Chase|M|src/cmd/compile/internal/ssagen/simdintrinsics.go
1754335194|David Chase|M|src/simd/ops_amd64.go
1752129031|limeidan|M|src/cmd/asm/internal/asm/testdata/loong64enc1.s
1752129031|limeidan|M|src/cmd/internal/obj/loong64/a.out.go
1752129031|limeidan|M|src/cmd/internal/obj/loong64/anames.go
1752129031|limeidan|M|src/cmd/internal/obj/loong64/asm.go
1748970380|Julian Zhu|M|src/crypto/internal/fips140/sha256/sha256block_loong64.s
1739364082|Joel Sing|M|src/internal/bytealg/bytealg.go
1739364082|Joel Sing|M|src/internal/bytealg/equal_riscv64.s
1754497301|Keith Randall|M|src/cmd/compile/internal/ssa/_gen/generic.rules
1754497301|Keith Randall|M|src/cmd/compile/internal/ssa/rewritegeneric.go
1754497301|Keith Randall|A|test/fixedbugs/issue74908.go
1753306014|Damien Neil|M|src/database/sql/convert.go
1753306014|Damien Neil|M|src/database/sql/fakedb_test.go
1753306014|Damien Neil|M|src/database/sql/sql.go
1753306014|Damien Neil|M|src/database/sql/sql_test.go
1754172506|Cherry Mui|M|src/cmd/internal/testdir/testdir_test.go
1754499552|Keith Randall|M|src/cmd/compile/internal/ssa/_gen/PPC64Ops.go
1754499552|Keith Randall|M|src/cmd/compile/internal/ssa/opGen.go
1754499552|Keith Randall|M|src/runtime/asm_ppc64x.s
1754422932|Junyang Shao|M|src/cmd/compile/internal/amd64/simdssa.go
1754422932|Junyang Shao|M|src/cmd/compile/internal/ssa/_gen/simdAMD64.rules
1754422932|Junyang Shao|M|src/cmd/compile/internal/ssa/_gen/simdAMD64ops.go
1754422932|Junyang Shao|M|src/cmd/compile/internal/ssa/_gen/simdgenericOps.go
1754422932|Junyang Shao|M|src/cmd/compile/internal/ssa/opGen.go
1754422932|Junyang Shao|M|src/cmd/compile/internal/ssa/rewriteAMD64.go
1754422932|Junyang Shao|M|src/cmd/compile/internal/ssagen/simdintrinsics.go
1754422932|Junyang Shao|M|src/simd/ops_amd64.go
1754422932|Junyang Shao|M|src/simd/simd_test.go
1742930464|Cherry Mui|M|src/runtime/race/README
1742930464|Cherry Mui|M|src/runtime/race/internal/amd64v1/race_darwin.syso
1742930464|Cherry Mui|M|src/runtime/race/race_darwin_amd64.go
1742930464|Cherry Mui|M|src/runtime/race/race_darwin_arm64.go
1742930464|Cherry Mui|M|src/runtime/race/race_darwin_arm64.syso
1754586350|Junyang Shao|M|src/cmd/compile/internal/amd64/simdssa.go
1754586350|Junyang Shao|M|src/cmd/compile/internal/ssa/_gen/simdAMD64.rules
1754586350|Junyang Shao|M|src/cmd/compile/internal/ssa/_gen/simdAMD64ops.go
1754586350|Junyang Shao|M|src/cmd/compile/internal/ssa/_gen/simdgenericOps.go
1754586350|Junyang Shao|M|src/cmd/compile/internal/ssa/opGen.go
1754586350|Junyang Shao|M|src/cmd/compile/internal/ssa/rewriteAMD64.go
1754586350|Junyang Shao|M|src/cmd/compile/internal/ssagen/simdintrinsics.go
1754586350|Junyang Shao|M|src/simd/ops_amd64.go
1754586350|Junyang Shao|M|src/simd/simd_test.go
1754586350|Junyang Shao|M|src/simd/ternary_test.go
1754586350|Junyang Shao|M|src/simd/unary_test.go
1754449677|Xiaolin Zhao|M|src/cmd/asm/internal/asm/testdata/loong64enc1.s
1754449677|Xiaolin Zhao|M|src/cmd/internal/obj/loong64/a.out.go
1754449677|Xiaolin Zhao|M|src/cmd/internal/obj/loong64/anames.go
1754449677|Xiaolin Zhao|M|src/cmd/internal/obj/loong64/asm.go
1754463459|limeidan|M|src/cmd/asm/internal/asm/testdata/loong64enc1.s
1754463459|limeidan|M|src/cmd/internal/obj/loong64/asm.go
1754463459|limeidan|M|src/cmd/internal/obj/loong64/doc.go
1739364095|Joel Sing|M|src/internal/bytealg/compare_riscv64.s
1754637813|cuiweixie|M|src/internal/runtime/maps/group.go
1753427656|database64128|M|src/net/ipsock_posix.go
1753427656|database64128|M|src/net/udpsock_test.go
1753372452|jiahua wang|M|src/cmd/pprof/doc.go
1753372452|jiahua wang|M|src/context/context.go
1753372452|jiahua wang|M|src/encoding/gob/doc.go
1753372452|jiahua wang|M|src/net/http/httptrace/trace.go
1753372452|jiahua wang|M|src/net/http/pprof/pprof.go
1754009634|Michael Munday|M|src/math/exp.go
1753805991|Roland Shoemaker|M|src/cmd/go/alldocs.go
1753805991|Roland Shoemaker|M|src/cmd/go/internal/help/helpdoc.go
1754688131|Ian Lance Taylor|M|src/internal/sync/hashtriemap.go
1754516585|Michael Munday|M|src/cmd/compile/internal/ssa/branchelim.go
1754516585|Michael Munday|M|test/codegen/fuse.go
1754466624|Xiaolin Zhao|M|src/cmd/compile/internal/ssa/_gen/LOONG64.rules
1754466624|Xiaolin Zhao|M|src/cmd/compile/internal/ssa/rewriteLOONG64.go
1754704915|cuiweixie|M|src/internal/runtime/maps/runtime.go
1754704915|cuiweixie|M|src/internal/runtime/maps/runtime_fast32.go
1754704915|cuiweixie|M|src/internal/runtime/maps/runtime_fast64.go
1754704915|cuiweixie|M|src/internal/runtime/maps/runtime_faststr.go
1754704915|cuiweixie|M|src/internal/runtime/maps/table.go
1754686157|David Chase|A|src/cmd/compile/internal/ssa/_gen/multiscanner.go
1754686157|David Chase|M|src/cmd/compile/internal/ssa/_gen/rulegen.go
1753999307|Joe Tsai|M|src/encoding/json/v2/arshal.go
1753999307|Joe Tsai|M|src/encoding/json/v2/arshal_test.go
1754004101|Joe Tsai|M|src/encoding/json/scanner_test.go
1754004101|Joe Tsai|M|src/encoding/json/v2_indent.go
1754004101|Joe Tsai|M|src/encoding/json/v2_scanner_test.go
1754942520|Austin Clements|M|src/simd/ops_amd64.go
1754942621|Austin Clements|M|src/simd/cpu.go
1682867547|Michael Fraenkel|A|api/next/49097.txt
1682867547|Michael Fraenkel|A|doc/next/6-stdlib/99-minor/net/49097.md
1682867547|Michael Fraenkel|M|src/net/dial.go
1682867547|Michael Fraenkel|M|src/net/dial_test.go
1682867547|Michael Fraenkel|M|src/net/iprawsock.go
1682867547|Michael Fraenkel|M|src/net/tcpsock.go
1682867547|Michael Fraenkel|M|src/net/udpsock.go
1682867547|Michael Fraenkel|M|src/net/unixsock.go
1754495414|Tobias Klauser|M|src/cmd/link/internal/ld/fallocate_test.go
1754495414|Tobias Klauser|D|src/cmd/link/internal/ld/outbuf_freebsd.go
1754495414|Tobias Klauser|A|src/cmd/link/internal/ld/outbuf_bsd.go
1754495414|Tobias Klauser|M|src/cmd/link/internal/ld/outbuf_mmap.go
1754495414|Tobias Klauser|M|src/cmd/link/internal/ld/outbuf_nofallocate.go
1754495414|Tobias Klauser|M|src/internal/syscall/unix/at_sysnum_netbsd.go
1754495414|Tobias Klauser|D|src/internal/syscall/unix/fallocate_freebsd_386.go
1754495414|Tobias Klauser|A|src/internal/syscall/unix/fallocate_bsd_386.go
1754495414|Tobias Klauser|D|src/internal/syscall/unix/fallocate_freebsd_64bit.go
1754495414|Tobias Klauser|A|src/internal/syscall/unix/fallocate_bsd_64bit.go
1754495414|Tobias Klauser|D|src/internal/syscall/unix/fallocate_freebsd_arm.go
1754495414|Tobias Klauser|A|src/internal/syscall/unix/fallocate_bsd_arm.go
1754958602|Keith Randall|M|src/cmd/compile/internal/ssa/_gen/generic.rules
1754958602|Keith Randall|M|src/cmd/compile/internal/ssa/rewritegeneric.go
1754958602|Keith Randall|D|test/fixedbugs/issue74908.go
1754958725|Keith Randall|M|src/cmd/compile/internal/ssa/_gen/generic.rules
1754958725|Keith Randall|M|src/cmd/compile/internal/ssa/expand_calls.go
1754958725|Keith Randall|M|src/cmd/compile/internal/ssa/rewrite.go
1754958725|Keith Randall|M|src/cmd/compile/internal/ssa/rewritegeneric.go
1754958725|Keith Randall|M|src/cmd/compile/internal/types/type.go
1754958725|Keith Randall|M|src/internal/abi/type.go
1754958725|Keith Randall|M|src/reflect/type.go
1755009213|Keith Randall|M|src/cmd/compile/internal/ssa/prove.go
1749082441|Keith Randall|M|src/cmd/compile/internal/arm64/ssa.go
1749082441|Keith Randall|M|src/cmd/compile/internal/ssa/_gen/ARM64.rules
1749082441|Keith Randall|M|src/cmd/compile/internal/ssa/_gen/ARM64Ops.go
1749082441|Keith Randall|M|src/cmd/compile/internal/ssa/opGen.go
1749082441|Keith Randall|M|src/cmd/compile/internal/ssa/rewriteARM64.go
1754932910|Brad Fitzpatrick|M|src/net/http/transport.go
1750598974|Felix Geisendörfer|M|src/internal/trace/internal/testgen/trace.go
1750598974|Felix Geisendörfer|M|src/internal/trace/tracev2/events.go
1751479981|Felix Geisendörfer|M|src/internal/trace/resources.go
1751814970|Felix Geisendörfer|M|src/internal/trace/event.go
1755035843|Michael Anthony Knyszek|M|src/internal/runtime/gc/scan/scan_test.go
1755028305|Cherry Mui|M|src/runtime/race/README
1755028305|Cherry Mui|M|src/runtime/race/internal/amd64v1/race_darwin.syso
1755028305|Cherry Mui|M|src/runtime/race/race_darwin_amd64.go
1755028305|Cherry Mui|M|src/runtime/race/race_darwin_arm64.go
1755028305|Cherry Mui|M|src/runtime/race/race_darwin_arm64.syso
1754673854|Joel Sing|M|src/cmd/link/internal/ld/main.go
1754997826|Xiaolin Zhao|M|src/cmd/compile/internal/ssa/_gen/LOONG64.rules
1754997826|Xiaolin Zhao|M|src/cmd/compile/internal/ssa/rewriteLOONG64.go
1755032515|David Chase|M|src/cmd/compile/internal/ssa/_gen/simdAMD64.rules
1755032515|David Chase|M|src/cmd/compile/internal/ssa/rewriteAMD64.go
1755067075|Alexey Palazhchenko|M|src/runtime/trace/flightrecorder.go
1755103441|David Chase|M|src/cmd/compile/internal/amd64/ssa.go
1754054625|David Chase|M|src/cmd/compile/internal/amd64/simdssa.go
1754054625|David Chase|M|src/cmd/compile/internal/ssa/_gen/simdAMD64.rules
1754054625|David Chase|M|src/cmd/compile/internal/ssa/_gen/simdAMD64ops.go
1754054625|David Chase|M|src/cmd/compile/internal/ssa/_gen/simdgenericOps.go
1754054625|David Chase|M|src/cmd/compile/internal/ssa/opGen.go
1754054625|David Chase|M|src/cmd/compile/internal/ssa/rewriteAMD64.go
1754054625|David Chase|M|src/cmd/compile/internal/ssagen/simdintrinsics.go
1754054625|David Chase|M|src/simd/compare_test.go
1754054625|David Chase|M|src/simd/genfiles.go
1754054625|David Chase|M|src/simd/ops_amd64.go
1754054625|David Chase|M|src/simd/slice_amd64.go
1755114458|Austin Clements|M|src/cmd/compile/internal/types2/stdlib_test.go
1755114458|Austin Clements|M|src/go/types/stdlib_test.go
1755118783|Austin Clements|M|src/simd/_gen/simdgen/etetest.sh
1754561723|Richard Miller|M|src/os/exec/lp_plan9.go
1754988344|Joe Tsai|M|src/encoding/json/v2/arshal_any.go
1754988344|Joe Tsai|M|src/encoding/json/v2/arshal_test.go
1753394859|Joe Tsai|M|src/encoding/json/v2/arshal_default.go
1753394859|Joe Tsai|M|src/encoding/json/v2/arshal_inlined.go
1753394859|Joe Tsai|M|src/encoding/json/v2/arshal_time.go
1753394859|Joe Tsai|M|src/encoding/json/v2/errors.go
1631108928|Michael Munday|M|src/cmd/compile/internal/riscv64/ssa.go
1631108928|Michael Munday|M|src/cmd/compile/internal/ssa/_gen/RISCV64.rules
1631108928|Michael Munday|M|src/cmd/compile/internal/ssa/_gen/RISCV64Ops.go
1631108928|Michael Munday|M|src/cmd/compile/internal/ssa/opGen.go
1631108928|Michael Munday|M|src/cmd/compile/internal/ssa/rewriteRISCV64.go
1631108928|Michael Munday|M|src/cmd/compile/internal/test/float_test.go
1631108928|Michael Munday|M|test/codegen/math.go
1755017624|Junyang Shao|M|src/cmd/compile/internal/ssa/func.go
1755017624|Junyang Shao|M|src/cmd/compile/internal/ssa/func_test.go
1755017624|Junyang Shao|M|src/cmd/compile/internal/ssa/regalloc.go
1755017624|Junyang Shao|M|src/cmd/compile/internal/ssa/regalloc_test.go
1754066088|database64128|M|src/syscall/syscall_unix.go
1755115591|Jon San Miguel|M|src/cmd/go/internal/test/test.go
1755115591|Jon San Miguel|M|src/cmd/go/internal/work/action.go
1755115591|Jon San Miguel|M|src/cmd/go/internal/work/buildid.go
1755115591|Jon San Miguel|M|src/cmd/go/internal/work/cover.go
1755115591|Jon San Miguel|M|src/cmd/go/internal/work/exec.go
1755202897|Junyang Shao|M|src/cmd/compile/internal/amd64/ssa.go
1749182512|Keith Randall|M|src/cmd/internal/obj/arm64/asm7.go
1749182512|Keith Randall|M|src/cmd/internal/obj/arm64/obj7.go
1749182512|Keith Randall|D|src/runtime/duff_arm64.s
1749182512|Keith Randall|M|src/runtime/mkduff.go
1754105203|Michael Anthony Knyszek|M|src/runtime/mgc.go
1754105203|Michael Anthony Knyszek|M|src/runtime/proc.go
1754105203|Michael Anthony Knyszek|M|src/runtime/stack.go
1753296116|Michael Anthony Knyszek|M|src/runtime/metrics.go
1753296116|Michael Anthony Knyszek|M|src/runtime/metrics/description.go
1753296116|Michael Anthony Knyszek|M|src/runtime/metrics/doc.go
1753296116|Michael Anthony Knyszek|M|src/runtime/metrics_test.go
1753296116|Michael Anthony Knyszek|M|src/runtime/proc.go
1753296116|Michael Anthony Knyszek|M|src/runtime/runtime2.go
1755185156|Richard Miller|M|src/net/udpsock_test.go
1755292130|Michael Anthony Knyszek|M|src/runtime/metrics_test.go
1747680407|Felix Geisendörfer|M|src/runtime/tracetype.go
1755206775|David Chase|M|src/cmd/compile/internal/amd64/simdssa.go
1755206775|David Chase|M|src/cmd/compile/internal/ssa/_gen/simdAMD64.rules
1755206775|David Chase|M|src/cmd/compile/internal/ssa/_gen/simdAMD64ops.go
1755206775|David Chase|M|src/cmd/compile/internal/ssa/_gen/simdgenericOps.go
1755206775|David Chase|M|src/cmd/compile/internal/ssa/opGen.go
1755206775|David Chase|M|src/cmd/compile/internal/ssa/rewriteAMD64.go
1755206775|David Chase|M|src/cmd/compile/internal/ssagen/simdintrinsics.go
1755206775|David Chase|M|src/simd/_gen/simdgen/gen_simdMachineOps.go
1755206775|David Chase|M|src/simd/_gen/simdgen/godefs.go
1755206775|David Chase|M|src/simd/_gen/simdgen/ops/Moves/go.yaml
1755206775|David Chase|M|src/simd/ops_amd64.go
1753068357|Ian Alexander|M|src/cmd/go/alldocs.go
1753068357|Ian Alexander|M|src/cmd/go/internal/test/test.go
1755545753|Junyang Shao|M|src/cmd/compile/internal/ssagen/simdintrinsics.go
1755545753|Junyang Shao|M|src/simd/_gen/simdgen/gen_simdIntrinsics.go
1755545753|Junyang Shao|M|src/simd/_gen/simdgen/gen_simdTypes.go
1755545753|Junyang Shao|M|src/simd/compare_gen_amd64.go
1755545753|Junyang Shao|M|src/simd/comparemasked_helpers_test.go
1755545753|Junyang Shao|M|src/simd/genfiles.go
1755545753|Junyang Shao|M|src/simd/ops_amd64.go
1755545753|Junyang Shao|M|src/simd/other_gen_amd64.go
1755545753|Junyang Shao|M|src/simd/simd_test.go
1755545753|Junyang Shao|M|src/simd/slice_gen_amd64.go
1755357739|cuishuang|M|src/cmd/compile/internal/loopvar/loopvar_test.go
1755357739|cuishuang|M|src/cmd/compile/internal/pgoir/irgraph.go
1755357739|cuishuang|M|src/cmd/compile/internal/ssa/func_test.go
1755618449|Jes Cok|M|src/cmd/compile/README.md
1755631795|Michael Anthony Knyszek|M|src/unique/canonmap_test.go
1755431173|Sean Liao|M|src/cmd/go/alldocs.go
1755431173|Sean Liao|M|src/cmd/go/internal/work/build.go
1755291905|David Chase|M|src/cmd/compile/internal/amd64/simdssa.go
1755291905|David Chase|M|src/cmd/compile/internal/ssa/_gen/simdAMD64.rules
1755291905|David Chase|M|src/cmd/compile/internal/ssa/_gen/simdAMD64ops.go
1755291905|David Chase|M|src/cmd/compile/internal/ssa/_gen/simdgenericOps.go
1755291905|David Chase|M|src/cmd/compile/internal/ssa/opGen.go
1755291905|David Chase|M|src/cmd/compile/internal/ssa/rewriteAMD64.go
1755291905|David Chase|M|src/cmd/compile/internal/ssagen/simdintrinsics.go
1755291905|David Chase|M|src/simd/_gen/simdgen/ops/Converts/categories.yaml
1755291905|David Chase|M|src/simd/_gen/simdgen/ops/Converts/go.yaml
1755291905|David Chase|M|src/simd/ops_amd64.go
1755601202|qmuntal|M|src/internal/poll/fd_windows.go
1755601202|qmuntal|M|src/os/os_windows_test.go
1755435817|Sean Liao|M|src/errors/join.go
1755554310|David Chase|M|src/cmd/compile/internal/amd64/simdssa.go
1755554310|David Chase|M|src/cmd/compile/internal/ssa/_gen/AMD64.rules
1755554310|David Chase|M|src/cmd/compile/internal/ssa/_gen/simdAMD64.rules
1755554310|David Chase|M|src/cmd/compile/internal/ssa/_gen/simdAMD64ops.go
1755554310|David Chase|M|src/cmd/compile/internal/ssa/_gen/simdgenericOps.go
1755554310|David Chase|M|src/cmd/compile/internal/ssa/opGen.go
1755554310|David Chase|M|src/cmd/compile/internal/ssa/rewriteAMD64.go
1755554310|David Chase|M|src/cmd/compile/internal/ssagen/simdintrinsics.go
1755554310|David Chase|M|src/simd/_gen/simdgen/gen_simdssa.go
1755554310|David Chase|M|src/simd/_gen/simdgen/godefs.go
1755554310|David Chase|M|src/simd/_gen/simdgen/ops/Moves/categories.yaml
1755554310|David Chase|M|src/simd/_gen/simdgen/ops/Moves/go.yaml
1755554310|David Chase|M|src/simd/ops_amd64.go
1755634678|David Chase|M|src/simd/genfiles.go
1755707342|David Chase|M|src/cmd/compile/internal/ssa/_gen/generic.rules
1755707342|David Chase|M|src/cmd/compile/internal/ssa/rewritegeneric.go
1755707342|David Chase|M|test/prove.go
1755782912|Austin Clements|M|src/simd/_gen/unify/trace.go
1755782912|Austin Clements|M|src/simd/_gen/unify/yaml.go
1755722776|Junyang Shao|M|src/simd/_gen/simdgen/ops/Converts/categories.yaml
1755722776|Junyang Shao|M|src/simd/_gen/simdgen/ops/Converts/go.yaml
1755750826|Junyang Shao|M|src/cmd/compile/internal/amd64/simdssa.go
1755750826|Junyang Shao|M|src/cmd/compile/internal/ssa/_gen/simdAMD64.rules
1755750826|Junyang Shao|M|src/cmd/compile/internal/ssa/_gen/simdAMD64ops.go
1755750826|Junyang Shao|M|src/cmd/compile/internal/ssa/_gen/simdgenericOps.go
1755750826|Junyang Shao|M|src/cmd/compile/internal/ssa/opGen.go
1755750826|Junyang Shao|M|src/cmd/compile/internal/ssa/rewriteAMD64.go
1755750826|Junyang Shao|M|src/cmd/compile/internal/ssagen/simdintrinsics.go
1755750826|Junyang Shao|M|src/simd/_gen/simdgen/godefs.go
1755750826|Junyang Shao|M|src/simd/_gen/simdgen/ops/Converts/categories.yaml
1755750826|Junyang Shao|M|src/simd/_gen/simdgen/ops/Converts/go.yaml
1755750826|Junyang Shao|M|src/simd/ops_amd64.go
1755766322|Xiaolin Zhao|M|src/cmd/compile/internal/ssa/_gen/LOONG64.rules
1755766322|Xiaolin Zhao|M|src/cmd/compile/internal/ssa/rewriteLOONG64.go
1755766322|Xiaolin Zhao|M|test/codegen/shift.go
1754750407|Joel Sing|M|src/syscall/exec_libc.go
1754750407|Joel Sing|M|src/syscall/exec_unix.go
1754750407|Joel Sing|M|src/syscall/syscall_darwin.go
1754750407|Joel Sing|M|src/syscall/syscall_openbsd_libc.go
1753929671|limeidan|M|src/cmd/compile/internal/ssa/_gen/LOONG64.rules
1753929671|limeidan|M|src/cmd/compile/internal/ssa/rewriteLOONG64.go
1755602191|limeidan|M|src/cmd/compile/internal/loong64/ssa.go
1755602191|limeidan|M|src/cmd/compile/internal/ssa/_gen/LOONG64.rules
1755602191|limeidan|M|src/cmd/compile/internal/ssa/_gen/LOONG64Ops.go
1755602191|limeidan|M|src/cmd/compile/internal/ssa/_gen/LOONG64latelower.rules
1755602191|limeidan|M|src/cmd/compile/internal/ssa/opGen.go
1755602191|limeidan|M|src/cmd/compile/internal/ssa/regalloc.go
1755602191|limeidan|M|src/cmd/compile/internal/ssa/rewriteLOONG64.go
1755602191|limeidan|M|src/cmd/compile/internal/ssa/rewriteLOONG64latelower.go
1755602191|limeidan|M|test/codegen/bitfield.go
1755602191|limeidan|M|test/codegen/multiply.go
1755602191|limeidan|M|test/codegen/shift.go
1755792166|David Chase|M|src/simd/genfiles.go
1755792166|David Chase|D|src/simd/binary_helpers_test.go
1755792166|David Chase|A|src/simd/internal/simd_test/binary_helpers_test.go
1755792166|David Chase|D|src/simd/binary_test.go
1755792166|David Chase|A|src/simd/internal/simd_test/binary_test.go
1755792166|David Chase|D|src/simd/compare_helpers_test.go
1755792166|David Chase|A|src/simd/internal/simd_test/compare_helpers_test.go
1755792166|David Chase|D|src/simd/compare_test.go
1755792166|David Chase|A|src/simd/internal/simd_test/compare_test.go
1755792166|David Chase|D|src/simd/comparemasked_helpers_test.go
1755792166|David Chase|A|src/simd/internal/simd_test/comparemasked_helpers_test.go
1755792166|David Chase|D|src/simd/helpers_test.go
1755792166|David Chase|A|src/simd/internal/simd_test/helpers_test.go
1755792166|David Chase|A|src/simd/internal/simd_test/no_tag.go
1755792166|David Chase|D|src/simd/simd_test.go
1755792166|David Chase|A|src/simd/internal/simd_test/simd_test.go
1755792166|David Chase|D|src/simd/simulation_helpers_test.go
1755792166|David Chase|A|src/simd/internal/simd_test/simulation_helpers_test.go
1755792166|David Chase|D|src/simd/slicepart_test.go
1755792166|David Chase|A|src/simd/internal/simd_test/slicepart_test.go
1755792166|David Chase|D|src/simd/ternary_helpers_test.go
1755792166|David Chase|A|src/simd/internal/simd_test/ternary_helpers_test.go
1755792166|David Chase|D|src/simd/ternary_test.go
1755792166|David Chase|A|src/simd/internal/simd_test/ternary_test.go
1755792166|David Chase|D|src/simd/unary_helpers_test.go
1755792166|David Chase|A|src/simd/internal/simd_test/unary_helpers_test.go
1755792166|David Chase|D|src/simd/unary_test.go
1755792166|David Chase|A|src/simd/internal/simd_test/unary_test.go
1755516466|ZhouGuangyuan|M|src/cmd/internal/obj/x86/asm6.go
1755516466|ZhouGuangyuan|A|test/fixedbugs/issue74648.dir/a.s
1755516466|ZhouGuangyuan|A|test/fixedbugs/issue74648.dir/x.go
1755516466|ZhouGuangyuan|A|test/fixedbugs/issue74648.go
1755797630|Junyang Shao|M|src/cmd/compile/internal/amd64/simdssa.go
1755797630|Junyang Shao|M|src/cmd/compile/internal/ssa/_gen/simdAMD64.rules
1755797630|Junyang Shao|M|src/cmd/compile/internal/ssa/_gen/simdAMD64ops.go
1755797630|Junyang Shao|M|src/cmd/compile/internal/ssa/_gen/simdgenericOps.go
1755797630|Junyang Shao|M|src/cmd/compile/internal/ssa/opGen.go
1755797630|Junyang Shao|M|src/cmd/compile/internal/ssa/rewriteAMD64.go
1755797630|Junyang Shao|M|src/cmd/compile/internal/ssagen/simdintrinsics.go
1755797630|Junyang Shao|M|src/simd/_gen/simdgen/ops/Converts/categories.yaml
1755797630|Junyang Shao|M|src/simd/_gen/simdgen/ops/Converts/go.yaml
1755797630|Junyang Shao|M|src/simd/ops_amd64.go
1755803490|Junyang Shao|M|src/cmd/compile/internal/amd64/simdssa.go
1755803490|Junyang Shao|M|src/cmd/compile/internal/ssa/_gen/simdAMD64.rules
1755803490|Junyang Shao|M|src/cmd/compile/internal/ssa/_gen/simdAMD64ops.go
1755803490|Junyang Shao|M|src/cmd/compile/internal/ssa/opGen.go
1755803490|Junyang Shao|M|src/cmd/compile/internal/ssa/rewriteAMD64.go
1755803490|Junyang Shao|M|src/cmd/compile/internal/ssagen/simdintrinsics.go
1755803490|Junyang Shao|M|src/simd/_gen/simdgen/ops/Moves/categories.yaml
1755803490|Junyang Shao|M|src/simd/_gen/simdgen/ops/Moves/go.yaml
1755803490|Junyang Shao|M|src/simd/ops_amd64.go
1755795822|database64128|M|src/os/root_openat.go
1755845625|database64128|M|src/internal/poll/fd_windows.go
1755740455|guoguangwu|M|src/crypto/tls/quic.go
1755807202|Cherry Mui|M|src/cmd/compile/internal/ssa/_gen/AMD64Ops.go
1755807202|Cherry Mui|M|src/cmd/compile/internal/ssa/opGen.go
1755207069|David Chase|M|src/cmd/compile/internal/amd64/ssa.go
1755207069|David Chase|M|src/cmd/compile/internal/ssa/_gen/AMD64.rules
1755207069|David Chase|M|src/cmd/compile/internal/ssa/_gen/AMD64Ops.go
1755207069|David Chase|M|src/cmd/compile/internal/ssa/_gen/rulegen.go
1755207069|David Chase|M|src/cmd/compile/internal/ssa/opGen.go
1755207069|David Chase|M|src/cmd/compile/internal/ssa/rewriteAMD64.go
1755207069|David Chase|M|src/simd/internal/simd_test/simd_test.go
1745067035|Sean Liao|A|doc/next/6-stdlib/99-minor/net/http/httptest/31054.md
1745067035|Sean Liao|M|src/net/http/httptest/server.go
1745067035|Sean Liao|M|src/net/http/httptest/server_test.go
1755747414|Xiaolin Zhao|M|test/codegen/math.go
1755746067|Xiaolin Zhao|M|test/codegen/floats.go
1755884821|Damien Neil|M|src/os/root_test.go
1755884821|Damien Neil|M|src/os/root_unix.go
1755884821|Damien Neil|M|src/os/root_windows.go
1755882177|Joel Sing|M|src/internal/trace/trace_test.go
1752806166|limeidan|M|src/cmd/compile/internal/ssa/_gen/LOONG64.rules
1752806166|limeidan|M|src/cmd/compile/internal/ssa/rewriteLOONG64.go
1752806166|limeidan|M|test/codegen/arithmetic.go
1754951219|Michael Munday|M|src/math/bits.go
1753198016|Joel Sing|M|src/runtime/malloc.go
1754682282|Brad Fitzpatrick|M|src/syscall/exec_windows.go
1754682282|Brad Fitzpatrick|M|src/syscall/exec_windows_test.go
1754682282|Brad Fitzpatrick|M|src/syscall/export_windows_test.go
1756118977|qmuntal|M|src/internal/poll/fd_windows.go
1756157790|matloob|M|src/cmd/cgo/gcc.go
1756127245|Nicholas Husin|M|src/net/http/transport.go
1756127245|Nicholas Husin|M|src/net/http/transport_test.go
1756196721|Xiaolin Zhao|M|src/cmd/internal/obj/loong64/asm.go
1755954638|Julien Cretel|M|src/net/textproto/reader.go
1756209854|Tobias Klauser|M|src/syscall/exec_freebsd.go
1756209854|Tobias Klauser|M|src/syscall/exec_linux.go
1755257937|1911860538|M|src/net/http/httputil/dump.go
1756136513|goto1134|M|src/go/constant/value.go
1756136513|goto1134|M|src/go/constant/value_test.go
1756286327|qmuntal|A|doc/next/6-stdlib/99-minor/os/73676.md
1756286327|qmuntal|M|src/internal/syscall/windows/nonblocking_windows.go
1756286327|qmuntal|M|src/internal/syscall/windows/types_windows.go
1756286327|qmuntal|M|src/os/file_windows.go
1756286327|qmuntal|M|src/os/os_windows_test.go
1756286327|qmuntal|M|src/syscall/syscall_windows.go
1756286327|qmuntal|M|src/syscall/types_windows.go
1756154300|Julien Cretel|M|src/bytes/bytes.go
1756154300|Julien Cretel|M|src/strings/strings.go
1755007613|AN Long|M|src/cmd/go/alldocs.go
1755007613|AN Long|M|src/cmd/go/internal/help/helpdoc.go
1755007613|AN Long|M|src/testing/testing.go
1755007613|AN Long|M|src/testing/testing_test.go
1756392612|Tobias Klauser|M|src/internal/cpu/cpu.go
1756392612|Tobias Klauser|M|src/internal/cpu/cpu_test.go
1756392612|Tobias Klauser|M|src/runtime/proc.go
1756332456|Michael Munday|M|src/cmd/compile/internal/ssa/_gen/RISCV64.rules
1756332456|Michael Munday|M|src/cmd/compile/internal/ssa/rewriteRISCV64.go
1756155006|matloob|M|src/cmd/cgo/gcc.go
1756155006|matloob|M|src/cmd/cgo/main.go
1753440111|Joel Sing|M|src/cmd/dist/test.go
1753440111|Joel Sing|M|src/cmd/go/alldocs.go
1753440111|Joel Sing|M|src/cmd/go/internal/work/build.go
1753440111|Joel Sing|M|src/internal/platform/supported.go
1753440111|Joel Sing|M|src/race.bash
1753440111|Joel Sing|M|src/runtime/malloc.go
1753440111|Joel Sing|M|src/runtime/race/README
1753440111|Joel Sing|M|src/runtime/race/race.go
1753440111|Joel Sing|A|src/runtime/race/race_linux_riscv64.syso
1753440111|Joel Sing|A|src/runtime/race_riscv64.s
1756277158|Guoqi Chen|M|src/internal/runtime/atomic/atomic_loong64.s
1756380171|limeidan|M|src/cmd/compile/internal/loong64/ssa.go
1756380171|limeidan|M|src/cmd/compile/internal/ssa/_gen/LOONG64.rules
1756380171|limeidan|M|src/cmd/compile/internal/ssa/_gen/LOONG64Ops.go
1756380171|limeidan|M|src/cmd/compile/internal/ssa/opGen.go
1756380171|limeidan|M|src/cmd/compile/internal/ssa/rewriteLOONG64.go
1755810433|David Chase|M|src/cmd/compile/internal/amd64/ssa.go
1755810433|David Chase|M|src/cmd/compile/internal/ssa/_gen/AMD64.rules
1755810433|David Chase|M|src/cmd/compile/internal/ssa/_gen/AMD64Ops.go
1755810433|David Chase|M|src/cmd/compile/internal/ssa/opGen.go
1755810433|David Chase|M|src/cmd/compile/internal/ssa/rewriteAMD64.go
1755810433|David Chase|M|src/cmd/internal/obj/x86/obj6.go
1756545490|Youlin Feng|M|src/runtime/string.go
1756838121|Michael Anthony Knyszek|M|src/cmd/dist/test.go
1756158722|Michael Munday|M|src/math/modf.go
1756576483|Daniel Martí|M|src/cmd/gofmt/gofmt.go
1756576483|Daniel Martí|M|src/cmd/gofmt/long_test.go
1756799082|database64128|A|api/next/61642.txt
1756799082|database64128|A|doc/next/6-stdlib/99-minor/net/netip/61642.md
1756799082|database64128|M|src/net/netip/export_test.go
1756799082|database64128|M|src/net/netip/netip.go
1756799082|database64128|M|src/net/netip/netip_test.go
1756453231|limeidan|M|src/cmd/compile/internal/loong64/ssa.go
1756453231|limeidan|M|src/cmd/compile/internal/ssa/_gen/LOONG64.rules
1756453231|limeidan|M|src/cmd/compile/internal/ssa/_gen/LOONG64Ops.go
1756453231|limeidan|M|src/cmd/compile/internal/ssa/opGen.go
1756453231|limeidan|M|src/cmd/compile/internal/ssa/rewriteLOONG64.go
1756587217|Michael Munday|M|src/cmd/compile/internal/ssa/_gen/RISCV64.rules
1756587217|Michael Munday|M|src/cmd/compile/internal/ssa/rewriteRISCV64.go
1756908906|aimuz|D|src/runtime/os_freebsd_riscv64.go
1756908906|aimuz|M|src/runtime/os_linux.go
1756908906|aimuz|M|src/runtime/os_linux_arm.go
1756908906|aimuz|M|src/runtime/os_linux_arm64.go
1756908906|aimuz|M|src/runtime/os_linux_loong64.go
1756908906|aimuz|M|src/runtime/os_linux_mips64x.go
1756908906|aimuz|M|src/runtime/os_linux_mipsx.go
1756908906|aimuz|M|src/runtime/os_linux_ppc64x.go
1756908906|aimuz|M|src/runtime/os_linux_riscv64.go
1756908906|aimuz|M|src/runtime/os_linux_s390x.go
1756908906|aimuz|D|src/runtime/os_linux_x86.go
1756455616|Xiaolin Zhao|M|src/cmd/asm/internal/asm/testdata/loong64enc1.s
1756455616|Xiaolin Zhao|M|src/cmd/internal/obj/loong64/asm.go
1756455616|Xiaolin Zhao|M|src/cmd/internal/obj/loong64/doc.go
1756455616|Xiaolin Zhao|M|src/internal/chacha8rand/chacha8_loong64.s
1756926111|Mateusz Poliwczak|M|src/crypto/x509/root.go
1756926111|Mateusz Poliwczak|A|src/crypto/x509/root_linux_test.go
1756926111|Mateusz Poliwczak|M|src/crypto/x509/root_test.go
1754592780|Michael Anthony Knyszek|M|src/cmd/trace/pprof.go
1754592780|Michael Anthony Knyszek|A|src/cmd/trace/pprof_test.go
1754592780|Michael Anthony Knyszek|M|src/go/build/deps_test.go
1754592780|Michael Anthony Knyszek|A|src/internal/trace/testtrace/platforms.go
1756923959|Nicholas S. Husin|M|src/net/http/cookie.go
1756923959|Nicholas S. Husin|M|src/net/http/cookie_test.go
1756993127|Julian Zhu|M|src/cmd/compile/internal/mips64/ggen.go
1755095594|qiulaidongfeng|M|src/cmd/fix/cftype.go
1755095594|qiulaidongfeng|D|src/cmd/fix/cftype_test.go
1755095594|qiulaidongfeng|M|src/cmd/fix/context.go
1755095594|qiulaidongfeng|D|src/cmd/fix/context_test.go
1755095594|qiulaidongfeng|M|src/cmd/fix/egltype.go
1755095594|qiulaidongfeng|D|src/cmd/fix/egltype_test.go
1755095594|qiulaidongfeng|M|src/cmd/fix/gotypes.go
1755095594|qiulaidongfeng|D|src/cmd/fix/gotypes_test.go
1755095594|qiulaidongfeng|M|src/cmd/fix/jnitype.go
1755095594|qiulaidongfeng|D|src/cmd/fix/jnitype_test.go
1755095594|qiulaidongfeng|M|src/cmd/fix/netipv6zone.go
1755095594|qiulaidongfeng|D|src/cmd/fix/netipv6zone_test.go
1755095594|qiulaidongfeng|M|src/cmd/fix/printerconfig.go
1755095594|qiulaidongfeng|D|src/cmd/fix/printerconfig_test.go
1756984403|Xiaolin Zhao|M|src/cmd/compile/internal/ssa/_gen/LOONG64.rules
1756984403|Xiaolin Zhao|M|src/cmd/compile/internal/ssa/rewriteLOONG64.go
1756984403|Xiaolin Zhao|M|test/codegen/strings.go
1757020514|Cherry Mui|M|src/cmd/compile/internal/ssa/_gen/AMD64Ops.go
1757020514|Cherry Mui|M|src/cmd/compile/internal/ssa/opGen.go
1757020514|Cherry Mui|M|src/cmd/compile/internal/ssagen/intrinsics.go
1757020514|Cherry Mui|A|src/simd/extra_amd64.go
1757020514|Cherry Mui|M|src/simd/internal/simd_test/simd_test.go
1756976521|Guoqi Chen|M|src/runtime/cgo/gcc_loong64.S
1756982576|Richard Miller|M|src/os/file_plan9.go
1756919875|Junyang Shao|M|src/simd/_gen/simdgen/xed.go
1756919372|David Chase|M|src/cmd/compile/internal/ssa/prove.go
1756919372|David Chase|M|test/prove.go
1757249761|Filippo Valsorda|M|src/crypto/crypto.go
1757348374|1911860538|M|src/archive/tar/strconv.go
1757348374|1911860538|M|src/archive/tar/strconv_test.go
1757008586|Julian Zhu|M|src/cmd/compile/internal/mips/ggen.go
1757104607|Jake Bailey|M|src/cmd/compile/internal/reflectdata/reflect.go
1757104607|Jake Bailey|M|src/cmd/compile/internal/ssa/rewrite.go
1757360336|Junyang Shao|M|src/cmd/compile/internal/amd64/simdssa.go
1757360336|Junyang Shao|M|src/cmd/compile/internal/ssa/_gen/simdAMD64.rules
1757360336|Junyang Shao|M|src/cmd/compile/internal/ssa/_gen/simdAMD64ops.go
1757360336|Junyang Shao|M|src/cmd/compile/internal/ssa/_gen/simdgenericOps.go
1757360336|Junyang Shao|M|src/cmd/compile/internal/ssa/opGen.go
1757360336|Junyang Shao|M|src/cmd/compile/internal/ssa/rewriteAMD64.go
1757360336|Junyang Shao|M|src/cmd/compile/internal/ssagen/simdintrinsics.go
1757360336|Junyang Shao|A|src/simd/_gen/simdgen/ops/Others/categories.yaml
1757360336|Junyang Shao|A|src/simd/_gen/simdgen/ops/Others/go.yaml
1757360336|Junyang Shao|M|src/simd/internal/simd_test/simd_test.go
1757360336|Junyang Shao|M|src/simd/ops_amd64.go
1755549666|matloob|M|src/cmd/go/internal/test/test.go
1755549666|matloob|M|src/cmd/go/internal/work/action.go
1755549666|matloob|M|src/cmd/go/internal/work/exec.go
1755787273|Ch1n-ch1nless|M|src/cmd/compile/internal/arm64/ssa.go
1755787273|Ch1n-ch1nless|M|src/cmd/compile/internal/ssa/_gen/ARM64Ops.go
1755787273|Ch1n-ch1nless|M|src/cmd/compile/internal/ssa/_gen/rulegen.go
1755787273|Ch1n-ch1nless|M|src/cmd/compile/internal/ssa/check.go
1755787273|Ch1n-ch1nless|M|src/cmd/compile/internal/ssa/op.go
1755787273|Ch1n-ch1nless|M|src/cmd/compile/internal/ssa/opGen.go
1755787273|Ch1n-ch1nless|M|src/cmd/compile/internal/ssa/rewrite.go
1755787273|Ch1n-ch1nless|M|src/cmd/compile/internal/ssa/value.go
1755788457|Melnikov Denis|M|src/cmd/compile/internal/ssa/pair.go
1755788457|Melnikov Denis|M|test/codegen/memcombine.go
1757121183|Jake Bailey|M|src/cmd/compile/internal/inline/inl.go
1757121183|Jake Bailey|M|src/cmd/compile/internal/test/inl_test.go
1757121183|Jake Bailey|A|test/fixedbugs/issue75278.go
1757255860|Filippo Valsorda|M|src/crypto/internal/cryptotest/hash.go
1757255860|Filippo Valsorda|M|src/crypto/internal/fips140/fips140.go
1757255860|Filippo Valsorda|M|src/crypto/internal/fips140test/fips_test.go
1752236910|Filippo Valsorda|M|doc/next/6-stdlib/99-minor/crypto/rsa/74115.md
1752236910|Filippo Valsorda|M|src/crypto/internal/fips140/rsa/rsa.go
1752236910|Filippo Valsorda|M|src/crypto/rsa/rsa_test.go
1757450835|Michael Pratt|M|src/runtime/netpoll_epoll.go
1756156921|matloob|M|src/cmd/cgo/gcc.go
1756156921|matloob|M|src/cmd/cgo/main.go
1756156921|matloob|M|src/cmd/dist/buildtool.go
1755511183|Meng Zhuo|M|src/cmd/compile/internal/riscv64/ggen.go
1756864556|Meng Zhuo|M|src/cmd/compile/internal/riscv64/ssa.go
1756864556|Meng Zhuo|M|src/cmd/compile/internal/ssa/_gen/RISCV64.rules
1756864556|Meng Zhuo|M|src/cmd/compile/internal/ssa/_gen/RISCV64Ops.go
1756864556|Meng Zhuo|M|src/cmd/compile/internal/ssa/opGen.go
1756864556|Meng Zhuo|M|src/cmd/compile/internal/ssa/rewriteRISCV64.go
1757136277|Ian Lance Taylor|M|src/runtime/cgo/gcc_sigaction.c
1757136277|Ian Lance Taylor|M|src/runtime/cgo/sigaction.go
1757136277|Ian Lance Taylor|M|src/runtime/cgo_sigaction.go
1757136277|Ian Lance Taylor|M|src/runtime/crash_cgo_test.go
1757136277|Ian Lance Taylor|M|src/runtime/os_freebsd.go
1757136277|Ian Lance Taylor|M|src/runtime/os_linux.go
1757136277|Ian Lance Taylor|M|src/runtime/sigaction.go
1757136277|Ian Lance Taylor|M|src/runtime/sys_linux_386.s
1757455522|Filippo Valsorda|M|src/crypto/internal/cryptotest/hash.go
1757455522|Filippo Valsorda|M|src/crypto/internal/fips140/fips140.go
1757455522|Filippo Valsorda|M|src/crypto/internal/fips140test/fips_test.go
1757516119|Dmitri Shuralyov|M|src/go/token/tree.go
1757516119|Dmitri Shuralyov|M|src/syscall/env_unix_test.go
1756989051|1911860538|M|src/internal/trace/raw/textreader.go
1757092757|Keith Randall|A|src/cmd/compile/internal/dwarfgen/linenum_test.go
1757092757|Keith Randall|M|src/cmd/compile/internal/ssa/cse.go
1756952853|Kir Kolyshkin|M|src/cmd/dist/test.go
1756952853|Kir Kolyshkin|D|src/cmd/go/testdata/mod/golang.org_toolchain_v0.0.1-go1.999testmod.windows-arm.txt
1755736394|Keith Randall|M|src/internal/runtime/maps/table.go
1757502960|qmuntal|M|src/debug/macho/file.go
1757531307|Dmitri Shuralyov|M|src/syscall/env_unix_test.go
1757583602|apocelipes|M|src/encoding/gob/dec_helpers.go
1757583602|apocelipes|M|src/encoding/gob/decgen.go
1757583602|apocelipes|M|src/encoding/gob/decode.go
1757583602|apocelipes|M|src/encoding/gob/enc_helpers.go
1757583602|apocelipes|M|src/encoding/gob/encgen.go
1757583602|apocelipes|M|src/encoding/gob/encode.go
1757010059|Junyang Shao|M|src/cmd/compile/internal/amd64/simdssa.go
1757010059|Junyang Shao|M|src/cmd/compile/internal/amd64/ssa.go
1757010059|Junyang Shao|M|src/cmd/compile/internal/ssa/_gen/AMD64Ops.go
1757010059|Junyang Shao|M|src/cmd/compile/internal/ssa/_gen/simdAMD64ops.go
1757010059|Junyang Shao|M|src/cmd/compile/internal/ssa/opGen.go
1757010059|Junyang Shao|M|src/simd/_gen/simdgen/gen_simdMachineOps.go
1757010059|Junyang Shao|M|src/simd/_gen/simdgen/gen_simdssa.go
1757010059|Junyang Shao|M|src/simd/_gen/simdgen/gen_utility.go
1757010059|Junyang Shao|M|src/simd/_gen/simdgen/godefs.go
1757010059|Junyang Shao|M|src/simd/_gen/simdgen/xed.go
1756661687|David Finkel|M|src/testing/benchmark.go
1756661687|David Finkel|M|src/testing/loop_test.go
1756841896|matloob|M|src/internal/runtime/gc/sizeclasses.go
1756841896|matloob|D|src/internal/runtime/gc/mksizeclasses.go
1756841896|matloob|A|src/runtime/_mkmalloc/mksizeclasses.go
1726647244|Mark Ryan|M|src/cmd/asm/internal/arch/riscv64.go
1726647244|Mark Ryan|M|src/cmd/asm/internal/asm/asm.go
1726647244|Mark Ryan|M|src/cmd/asm/internal/asm/testdata/riscv64.s
1726647244|Mark Ryan|M|src/cmd/asm/internal/asm/testdata/riscv64error.s
1726647244|Mark Ryan|M|src/cmd/internal/obj/link.go
1726647244|Mark Ryan|M|src/cmd/internal/obj/riscv/cpu.go
1726647244|Mark Ryan|M|src/cmd/internal/obj/riscv/list.go
1726647244|Mark Ryan|M|src/cmd/internal/obj/riscv/obj.go
1757633560|Michael Anthony Knyszek|M|src/internal/testenv/testenv.go
1742226352|Michael Matloob|A|src/internal/goexperiment/exp_sizespecializedmalloc_off.go
1742226352|Michael Matloob|A|src/internal/goexperiment/exp_sizespecializedmalloc_on.go
1742226352|Michael Matloob|M|src/internal/goexperiment/flags.go
1757127898|Jake Bailey|M|src/cmd/compile/internal/reflectdata/reflect.go
1757127898|Jake Bailey|M|src/reflect/type.go
1757127898|Jake Bailey|A|test/codegen/reflect_type.go
1757619828|Junyang Shao|M|src/cmd/compile/internal/ssa/_gen/AMD64.rules
1757619828|Junyang Shao|M|src/cmd/compile/internal/ssa/rewriteAMD64.go
1757694998|Cherry Mui|M|src/cmd/link/elf_test.go
1755804183|qmuntal|A|src/internal/runtime/syscall/windows/defs_windows.go
1755804183|qmuntal|A|src/internal/runtime/syscall/windows/defs_windows_386.go
1755804183|qmuntal|A|src/internal/runtime/syscall/windows/defs_windows_amd64.go
1755804183|qmuntal|A|src/internal/runtime/syscall/windows/defs_windows_arm64.go
1755804183|qmuntal|D|src/internal/syscall/windows/memory_windows.go
1755804183|qmuntal|M|src/internal/syscall/windows/types_windows.go
1755804183|qmuntal|D|src/runtime/defs_windows.go
1755804183|qmuntal|D|src/runtime/defs_windows_386.go
1755804183|qmuntal|D|src/runtime/defs_windows_amd64.go
1755804183|qmuntal|D|src/runtime/defs_windows_arm64.go
1755804183|qmuntal|M|src/runtime/export_windows_test.go
1755804183|qmuntal|M|src/runtime/netpoll_windows.go
1755804183|qmuntal|M|src/runtime/os_windows.go
1755804183|qmuntal|M|src/runtime/os_windows_arm64.go
1755804183|qmuntal|M|src/runtime/runtime-seh_windows_test.go
1755804183|qmuntal|M|src/runtime/signal_windows.go
1755804183|qmuntal|A|src/runtime/signal_windows_386.go
1755804183|qmuntal|A|src/runtime/signal_windows_amd64.go
1755804183|qmuntal|A|src/runtime/signal_windows_arm64.go
1756287493|database64128|M|src/net/fd_unix.go
1757617717|apocelipes|M|src/cmd/compile/internal/base/flag.go
1757617717|apocelipes|M|src/cmd/compile/internal/ir/fmt.go
1757617717|apocelipes|M|src/cmd/compile/internal/rttype/rttype.go
1757617717|apocelipes|M|src/cmd/gofmt/rewrite.go
1757921862|Meng Zhuo|M|test/codegen/alloc.go
1757699191|Cherry Mui|M|src/cmd/link/internal/ld/lib.go
1757556019|Kir Kolyshkin|M|src/os/exec.go
1757556019|Kir Kolyshkin|M|src/os/exec_unix.go
1757556019|Kir Kolyshkin|M|src/os/pidfd_linux.go
1757968427|Alan Donovan|M|src/cmd/go.mod
1757968427|Alan Donovan|M|src/cmd/go.sum
1757968427|Alan Donovan|M|src/cmd/vendor/golang.org/x/tools/go/analysis/passes/asmdecl/asmdecl.go
1757968427|Alan Donovan|M|src/cmd/vendor/golang.org/x/tools/go/analysis/passes/buildtag/buildtag.go
1757968427|Alan Donovan|M|src/cmd/vendor/golang.org/x/tools/go/analysis/passes/hostport/hostport.go
1757968427|Alan Donovan|M|src/cmd/vendor/golang.org/x/tools/go/analysis/passes/printf/printf.go
1757968427|Alan Donovan|M|src/cmd/vendor/golang.org/x/tools/go/analysis/passes/unusedresult/unusedresult.go
1757968427|Alan Donovan|M|src/cmd/vendor/golang.org/x/tools/go/analysis/unitchecker/unitchecker.go
1757968427|Alan Donovan|M|src/cmd/vendor/golang.org/x/tools/internal/analysisinternal/analysis.go
1757968427|Alan Donovan|M|src/cmd/vendor/golang.org/x/tools/internal/analysisinternal/extractdoc.go
1757968427|Alan Donovan|M|src/cmd/vendor/golang.org/x/tools/internal/astutil/comment.go
1757968427|Alan Donovan|M|src/cmd/vendor/golang.org/x/tools/internal/typesinternal/qualifier.go
1757968427|Alan Donovan|M|src/cmd/vendor/modules.txt
1757634600|Michael Anthony Knyszek|M|src/cmd/internal/testdir/testdir_test.go
1757629195|Filippo Valsorda|M|src/cmd/dist/test.go
1757629195|Filippo Valsorda|M|src/cmd/go/internal/fips140/fips140.go
1757629195|Filippo Valsorda|M|src/crypto/internal/fips140/fips140.go
1757629195|Filippo Valsorda|A|src/crypto/internal/fips140/notpurego.go
1757629195|Filippo Valsorda|A|src/crypto/internal/fips140/purego.go
1757786080|Cole Garien|M|src/net/http/csrf.go
1757786080|Cole Garien|M|src/net/http/server.go
1757819635|cuishuang|M|lib/fips140/Makefile
1757819635|cuishuang|M|src/internal/coverage/test/counter_test.go
1757819635|cuishuang|M|src/net/interface_plan9.go
1757944942|qmuntal|M|src/runtime/runtime-seh_windows_test.go
1753845277|wangboyao|M|src/cmd/asm/internal/asm/testdata/riscv64.s
1753845277|wangboyao|M|src/cmd/asm/internal/asm/testdata/riscv64error.s
1753845277|wangboyao|M|src/cmd/asm/internal/asm/testdata/riscv64validation.s
1753845277|wangboyao|M|src/cmd/internal/obj/riscv/anames.go
1753845277|wangboyao|M|src/cmd/internal/obj/riscv/cpu.go
1753845277|wangboyao|M|src/cmd/internal/obj/riscv/inst.go
1753845277|wangboyao|M|src/cmd/internal/obj/riscv/obj.go
1757940700|qmuntal|M|src/cmd/link/internal/x86/asm.go
1757986039|Cherry Mui|M|src/cmd/compile/internal/ssa/regalloc.go
1757986039|Cherry Mui|M|src/cmd/compile/internal/ssa/value.go
1757986039|Cherry Mui|M|src/cmd/internal/testdir/testdir_test.go
1757986039|Cherry Mui|A|test/simd/bug1.go
1752834655|Oleksandr Redko|M|src/crypto/x509/internal/macos/corefoundation.go
1752834655|Oleksandr Redko|M|src/crypto/x509/internal/macos/security.go
1752834655|Oleksandr Redko|M|src/crypto/x509/root_darwin.go
1757991562|Keith Randall|M|src/cmd/compile/internal/mips/ggen.go
1757991562|Keith Randall|M|src/cmd/compile/internal/mips64/ggen.go
1757788344|qiulaidongfeng|M|src/cmd/go/internal/cfg/cfg.go
1742226352|Michael Matloob|A|src/runtime/_mkmalloc/astutil/clone.go
1753381786|Roland Shoemaker|M|src/internal/buildcfg/exp.go
1747128270|qmuntal|M|src/cmd/link/internal/loadpe/ldpe.go
1757957824|Mateusz Poliwczak|M|src/go/parser/parser_test.go
1758102440|apocelipes|M|src/testing/fuzz.go
1758102440|apocelipes|M|src/testing/quick/quick.go
1758143096|Roland Shoemaker|M|src/runtime/export_test.go
1758007662|Xiaolin Zhao|M|src/cmd/compile/internal/ssa/_gen/LOONG64.rules
1758007662|Xiaolin Zhao|M|src/cmd/compile/internal/ssa/_gen/LOONG64Ops.go
1758007662|Xiaolin Zhao|M|src/cmd/compile/internal/ssa/rewriteLOONG64.go
1758007662|Xiaolin Zhao|M|test/codegen/shift.go
1758129903|Michael Pratt|M|src/runtime/mbitmap.go
1758120289|Junyang Shao|M|src/cmd/compile/internal/ssa/_gen/simdAMD64.rules
1758120289|Junyang Shao|M|src/cmd/compile/internal/ssa/rewriteAMD64.go
1758120289|Junyang Shao|M|src/simd/_gen/simdgen/gen_simdrules.go
1757435378|Junyang Shao|M|src/cmd/compile/internal/amd64/ssa.go
1757435378|Junyang Shao|M|src/cmd/compile/internal/ssa/_gen/AMD64.rules
1757435378|Junyang Shao|M|src/cmd/compile/internal/ssa/_gen/AMD64Ops.go
1757435378|Junyang Shao|M|src/cmd/compile/internal/ssa/_gen/genericOps.go
1757435378|Junyang Shao|M|src/cmd/compile/internal/ssa/opGen.go
1757435378|Junyang Shao|M|src/cmd/compile/internal/ssa/rewriteAMD64.go
1757435378|Junyang Shao|M|src/cmd/compile/internal/ssagen/intrinsics.go
1757435378|Junyang Shao|M|src/simd/extra_amd64.go
1757435378|Junyang Shao|M|src/simd/internal/simd_test/simd_test.go
1757587880|David Chase|M|src/cmd/compile/internal/ssagen/intrinsics.go
1758219347|Damien Neil|M|src/context/context.go
1758219347|Damien Neil|M|src/context/x_test.go
1758054353|database64128|M|src/net/fd_unix.go
1758157172|Kir Kolyshkin|M|src/bytes/bytes_test.go
1758210222|Daniel Maslowski|M|src/runtime/defs2_linux.go
1758210222|Daniel Maslowski|M|src/runtime/defs_linux.go
1758210222|Daniel Maslowski|M|src/runtime/defs_linux_386.go
1758210222|Daniel Maslowski|M|src/runtime/defs_linux_amd64.go
1758210222|Daniel Maslowski|M|src/runtime/defs_linux_arm.go
1758210222|Daniel Maslowski|M|src/runtime/defs_linux_arm64.go
1758210222|Daniel Maslowski|M|src/runtime/defs_linux_loong64.go
1758210222|Daniel Maslowski|M|src/runtime/defs_linux_mips64x.go
1758210222|Daniel Maslowski|M|src/runtime/defs_linux_mipsx.go
1758210222|Daniel Maslowski|M|src/runtime/defs_linux_ppc64.go
1758210222|Daniel Maslowski|M|src/runtime/defs_linux_ppc64le.go
1758210222|Daniel Maslowski|M|src/runtime/defs_linux_riscv64.go
1758210222|Daniel Maslowski|M|src/runtime/defs_linux_s390x.go
1758210222|Daniel Maslowski|M|src/runtime/os_linux.go
1758210222|Daniel Maslowski|A|src/runtime/os_linux_futex32.go
1758210222|Daniel Maslowski|A|src/runtime/os_linux_futex64.go
1758210222|Daniel Maslowski|M|src/runtime/sys_linux_386.s
1758210222|Daniel Maslowski|M|src/runtime/sys_linux_arm.s
1758210222|Daniel Maslowski|M|src/runtime/sys_linux_mipsx.s
1758133516|David Chase|M|src/cmd/compile/internal/ssa/prove.go
1758278049|apocelipes|M|src/time/format.go
1758278049|apocelipes|M|src/time/time_test.go
1758277675|Sean Liao|M|src/testing/testing.go
1758049628|Michael Pratt|M|src/runtime/unsafepoint_test.go
1758143955|David Chase|M|src/cmd/compile/internal/ssa/prove.go
1758277106|qmuntal|M|src/cmd/cgo/internal/test/test.go
1758277106|qmuntal|M|src/cmd/cgo/internal/test/test_unix.go
1758277106|qmuntal|M|src/cmd/cgo/internal/test/test_windows.go
1758562563|Michael Anthony Knyszek|M|src/runtime/metrics_test.go
1758307105|Junyang Shao|M|src/cmd/compile/internal/ssa/regalloc.go
1758307105|Junyang Shao|M|test/simd/bug2.go
1758553049|Cherry Mui|M|src/cmd/compile/internal/ssa/deadstore.go
1758553049|Cherry Mui|M|src/runtime/testdata/testprog/badtraceback.go
1758553049|Cherry Mui|M|test/codegen/stack.go
1744302964|Michael Anthony Knyszek|M|src/runtime/mgcmark_greenteagc.go
1756928848|Michael Anthony Knyszek|M|src/runtime/proc.go
1758144097|David Chase|M|src/cmd/compile/internal/ssa/prove.go
1758144097|David Chase|M|test/loopbce.go
1757932306|Cuong Manh Le|M|src/cmd/compile/internal/noder/reader.go
1757932306|Cuong Manh Le|A|src/cmd/compile/testdata/script/issue75461.txt
1758367949|mohanson|M|src/cmd/compile/internal/noder/doc.go
1757939024|qmuntal|M|src/cmd/link/internal/amd64/asm.go
1758531269|Mateusz Poliwczak|M|src/go/token/position.go
1758531269|Mateusz Poliwczak|M|src/go/token/position_test.go
1758531269|Mateusz Poliwczak|M|src/go/token/position_test.go
1758218683|Alan Donovan|M|src/cmd/compile/internal/ir/node.go
1758218683|Alan Donovan|M|src/cmd/compile/internal/ir/type.go
1758218683|Alan Donovan|M|src/cmd/compile/internal/noder/reader.go
1758218683|Alan Donovan|M|src/cmd/compile/internal/noder/writer.go
1758218683|Alan Donovan|A|test/newexpr.go
1758218683|Alan Donovan|M|test/used.go
1755277745|Michael Anthony Knyszek|M|src/runtime/export_test.go
1755277745|Michael Anthony Knyszek|M|src/runtime/gc_test.go
1755277745|Michael Anthony Knyszek|M|src/runtime/mgc.go
1755277745|Michael Anthony Knyszek|M|src/runtime/mgcmark.go
1755277745|Michael Anthony Knyszek|M|src/runtime/mgcmark_greenteagc.go
1755277745|Michael Anthony Knyszek|M|src/runtime/mgcmark_nogreenteagc.go
1755277745|Michael Anthony Knyszek|M|src/runtime/mgcpacer.go
1755277745|Michael Anthony Knyszek|M|src/runtime/mgcsweep.go
1755277745|Michael Anthony Knyszek|M|src/runtime/mgcwork.go
1755277745|Michael Anthony Knyszek|M|src/runtime/mheap.go
1755277745|Michael Anthony Knyszek|M|src/runtime/proc.go
1753339784|wangboyao|M|src/cmd/asm/internal/asm/testdata/riscv64.s
1753339784|wangboyao|M|src/cmd/asm/internal/asm/testdata/riscv64error.s
1753339784|wangboyao|M|src/cmd/asm/internal/asm/testdata/riscv64validation.s
1753339784|wangboyao|M|src/cmd/internal/obj/riscv/obj.go
1758212167|Russ Cox|M|src/image/jpeg/dct_test.go
1758212826|Russ Cox|M|src/image/decode_example_test.go
1758212826|Russ Cox|A|src/image/jpeg/dct.go
1758212826|Russ Cox|M|src/image/jpeg/dct_test.go
1758212826|Russ Cox|D|src/image/jpeg/fdct.go
1758212826|Russ Cox|D|src/image/jpeg/idct.go
1758810614|Alan Donovan|M|src/cmd/go.mod
1758810614|Alan Donovan|M|src/cmd/go.sum
1758810614|Alan Donovan|M|src/cmd/vendor/golang.org/x/tools/go/analysis/passes/copylock/copylock.go
1758810614|Alan Donovan|M|src/cmd/vendor/golang.org/x/tools/internal/analysisinternal/analysis.go
1758810614|Alan Donovan|M|src/cmd/vendor/modules.txt
1757430022|Joel Sing|M|src/cmd/internal/obj/riscv/anames.go
1757430022|Joel Sing|M|src/cmd/internal/obj/riscv/cpu.go
1758818468|Alan Donovan|D|src/cmd/fix/buildtag.go
1758818468|Alan Donovan|D|src/cmd/fix/buildtag_test.go
1758818468|Alan Donovan|D|src/cmd/fix/cftype.go
1758818468|Alan Donovan|D|src/cmd/fix/context.go
1758818468|Alan Donovan|M|src/cmd/fix/doc.go
1758818468|Alan Donovan|D|src/cmd/fix/egltype.go
1758818468|Alan Donovan|D|src/cmd/fix/fix.go
1758818468|Alan Donovan|D|src/cmd/fix/gotypes.go
1758818468|Alan Donovan|D|src/cmd/fix/import_test.go
1758818468|Alan Donovan|D|src/cmd/fix/jnitype.go
1758818468|Alan Donovan|M|src/cmd/fix/main.go
1758818468|Alan Donovan|D|src/cmd/fix/main_test.go
1758818468|Alan Donovan|D|src/cmd/fix/netipv6zone.go
1758818468|Alan Donovan|D|src/cmd/fix/printerconfig.go
1758818468|Alan Donovan|D|src/cmd/fix/typecheck.go
1758820332|Michael Pratt|M|src/sync/atomic/type.go
1757707464|Alan Donovan|M|src/runtime/stack_test.go
1757707464|Alan Donovan|M|src/runtime/string_test.go
1757707464|Alan Donovan|M|src/sort/sort_slices_benchmark_test.go
1757707464|Alan Donovan|M|src/text/template/parse/lex_test.go
1757499589|Filippo Valsorda|M|src/crypto/internal/cryptotest/hash.go
1757499589|Filippo Valsorda|M|src/crypto/internal/fips140/fips140.go
1757499589|Filippo Valsorda|M|src/crypto/internal/fips140test/fips_test.go
1757499589|Filippo Valsorda|M|src/crypto/rsa/rsa_test.go
1757256728|Filippo Valsorda|M|lib/fips140/fips140.sum
1757256728|Filippo Valsorda|M|lib/fips140/inprocess.txt
1757256728|Filippo Valsorda|D|lib/fips140/v1.0.0.zip
1757256728|Filippo Valsorda|A|lib/fips140/v1.0.0-c2097c7c.zip
1757256728|Filippo Valsorda|A|lib/fips140/v1.0.0.txt
1757256728|Filippo Valsorda|M|src/cmd/go/internal/fips140/mkzip.go
1757256728|Filippo Valsorda|M|src/cmd/go/testdata/script/fipssnap.txt
1757256728|Filippo Valsorda|M|src/crypto/internal/fips140test/fips_test.go
1757256728|Filippo Valsorda|M|src/internal/buildcfg/cfg.go
1758640657|qmuntal|M|src/runtime/asm_arm64.s
1758640657|qmuntal|M|src/runtime/os_windows.go
1758640657|qmuntal|M|src/runtime/rt0_android_arm64.s
1758640657|qmuntal|M|src/runtime/rt0_darwin_arm64.s
1758640657|qmuntal|M|src/runtime/rt0_freebsd_arm64.s
1758640657|qmuntal|M|src/runtime/rt0_ios_arm64.s
1758640657|qmuntal|M|src/runtime/rt0_linux_arm64.s
1758640657|qmuntal|M|src/runtime/rt0_netbsd_arm64.s
1758640657|qmuntal|M|src/runtime/rt0_openbsd_arm64.s
1758640657|qmuntal|M|src/runtime/rt0_windows_arm64.s
1758831841|Damien Neil|M|src/mime/multipart/writer.go
1758831841|Damien Neil|M|src/mime/multipart/writer_test.go
1758884838|Cuong Manh Le|M|src/cmd/compile/internal/noder/reader.go
1758884838|Cuong Manh Le|M|test/newexpr.go
1758894972|Cherry Mui|M|src/cmd/link/internal/ld/lib.go
1758256699|Junyang Shao|M|src/cmd/compile/internal/ssa/value.go
1758256699|Junyang Shao|A|src/cmd/compile/internal/test/value_test.go
1758256699|Junyang Shao|M|test/codegen/simd.go
1758908688|Cherry Mui|M|src/cmd/compile/internal/types/size.go
1758911902|Cherry Mui|M|src/cmd/compile/internal/ssa/_gen/AMD64.rules
1758911902|Cherry Mui|M|src/cmd/compile/internal/ssa/rewriteAMD64.go
1758301679|David Chase|M|src/cmd/compile/internal/amd64/simdssa.go
1758301679|David Chase|M|src/cmd/compile/internal/ir/symtab.go
1758301679|David Chase|M|src/cmd/compile/internal/ssa/_gen/simdAMD64.rules
1758301679|David Chase|M|src/cmd/compile/internal/ssa/_gen/simdAMD64ops.go
1758301679|David Chase|M|src/cmd/compile/internal/ssa/_gen/simdgenericOps.go
1758301679|David Chase|M|src/cmd/compile/internal/ssa/opGen.go
1758301679|David Chase|M|src/cmd/compile/internal/ssa/rewriteAMD64.go
1758301679|David Chase|M|src/cmd/compile/internal/ssagen/intrinsics.go
1758301679|David Chase|M|src/cmd/compile/internal/ssagen/simdintrinsics.go
1758301679|David Chase|M|src/cmd/compile/internal/ssagen/ssa.go
1758301679|David Chase|M|src/runtime/panic.go
1758301679|David Chase|M|src/simd/_gen/simdgen/gen_simdIntrinsics.go
1758301679|David Chase|M|src/simd/_gen/simdgen/gen_simdTypes.go
1758301679|David Chase|M|src/simd/_gen/simdgen/ops/Moves/categories.yaml
1758301679|David Chase|M|src/simd/_gen/simdgen/ops/Moves/go.yaml
1758301679|David Chase|M|src/simd/_gen/unify/domain.go
1758301679|David Chase|M|src/simd/internal/simd_test/simd_test.go
1758301679|David Chase|M|src/simd/ops_amd64.go
1758830341|David Chase|M|src/simd/_gen/simdgen/ops/Moves/categories.yaml
1758830341|David Chase|M|src/simd/ops_amd64.go
1727287807|Damien Neil|A|api/next/67813.txt
1727287807|Damien Neil|A|doc/next/6-stdlib/99-minor/net/http/67813.md
1727287807|Damien Neil|M|src/net/http/http.go
1727287807|Damien Neil|M|src/net/http/transport_dial_test.go
1757630737|Kir Kolyshkin|M|src/os/user/cgo_listgroups_unix.go
1757630737|Kir Kolyshkin|M|src/os/user/getgrouplist_unix.go
1757630737|Kir Kolyshkin|M|src/os/user/listgroups_unix.go
1757630737|Kir Kolyshkin|M|src/os/user/listgroups_unix_test.go
1758811099|AN Long|M|src/crypto/tls/handshake_server_tls13.go
1758811099|AN Long|M|src/internal/runtime/gc/scan.go
1758811099|AN Long|M|src/internal/runtime/gc/scan/expand_reference.go
1758811099|AN Long|M|src/runtime/runtime-gdb_test.go
1759148068|qmuntal|M|src/runtime/rt0_netbsd_arm64.s
1758998736|Richard Miller|M|src/cmd/link/dwarf_test.go
1759119924|Ian Lance Taylor|M|src/cmd/link/internal/ld/symtab.go
1759165916|Roland Shoemaker|M|src/crypto/tls/handshake_server.go
1758548916|qmuntal|M|src/cmd/cgo/internal/testcshared/cshared_test.go
1758548916|qmuntal|M|src/cmd/cgo/out.go
1758548916|qmuntal|M|src/cmd/link/internal/ld/lib.go
1758548916|qmuntal|M|src/cmd/link/internal/ld/pe.go
1758548916|qmuntal|M|src/cmd/link/internal/ld/xcoff.go
1758548916|qmuntal|M|src/cmd/link/internal/loader/loader.go
1758548916|qmuntal|M|src/runtime/cgo/gcc_libinit_windows.c
1758548916|qmuntal|A|src/runtime/cgo/windows.go
1759119729|Ian Lance Taylor|M|src/runtime/traceback.go
1757617445|Filippo Valsorda|M|src/crypto/internal/entropy/entropy.go
1757617445|Filippo Valsorda|M|src/crypto/internal/fips140/drbg/rand.go
1757617445|Filippo Valsorda|A|src/crypto/internal/fips140/entropy/entropy.go
1757617445|Filippo Valsorda|A|src/crypto/internal/fips140/entropy/sha384.go
1757617445|Filippo Valsorda|M|src/crypto/internal/fips140/fips140.go
1757617445|Filippo Valsorda|M|src/crypto/internal/fips140deps/fipsdeps_test.go
1757617445|Filippo Valsorda|A|src/crypto/internal/fips140deps/time/time.go
1757617445|Filippo Valsorda|A|src/crypto/internal/fips140deps/time/time_windows.go
1757617445|Filippo Valsorda|A|src/crypto/internal/fips140test/entropy_test.go
1757617445|Filippo Valsorda|M|src/go/build/deps_test.go
1758024745|qmuntal|M|src/internal/poll/fd_windows.go
1757687020|qmuntal|M|src/cmd/link/internal/arm64/asm.go
1757687020|qmuntal|M|src/cmd/link/internal/ld/macho.go
1759165073|Julien Cretel|A|api/next/51945.txt
1759165073|Julien Cretel|A|doc/next/6-stdlib/99-minor/errors/51945.md
1759165073|Julien Cretel|M|src/errors/errors.go
1759165073|Julien Cretel|M|src/errors/example_test.go
1759165073|Julien Cretel|M|src/errors/wrap.go
1759165073|Julien Cretel|M|src/errors/wrap_test.go
1758207297|Steve Muir|A|src/runtime/decoratemappings_test.go
1758207297|Steve Muir|M|src/runtime/export_test.go
1758207297|Steve Muir|M|src/runtime/proc.go
1758207297|Steve Muir|M|src/runtime/runtime1.go
1758207297|Steve Muir|M|src/runtime/set_vma_name_linux.go
1758207297|Steve Muir|M|src/runtime/set_vma_name_stub.go
1758834045|Aidan Welch|M|src/mime/type.go
1758834045|Aidan Welch|M|src/mime/type_test.go
1757083728|Youlin Feng|M|src/cmd/compile/internal/ssa/rewrite.go
1757083728|Youlin Feng|M|src/cmd/internal/obj/link.go
1758697110|qmuntal|M|src/runtime/asm_ppc64x.s
1758697110|qmuntal|M|src/runtime/rt0_aix_ppc64.s
1758697110|qmuntal|M|src/runtime/rt0_linux_ppc64le.s
1759259518|Alan Donovan|M|src/cmd/go/testdata/script/test_fuzz_fuzztime.txt
1759345677|Alan Donovan|M|doc/go_spec.html
1759170698|Daniel McCarney|M|src/crypto/tls/ech.go
1759406278|Vlad Saioc|M|src/cmd/link/internal/loader/loader.go
1759406278|Vlad Saioc|A|src/internal/goexperiment/exp_goroutineleakprofile_off.go
1759406278|Vlad Saioc|A|src/internal/goexperiment/exp_goroutineleakprofile_on.go
1759406278|Vlad Saioc|M|src/internal/goexperiment/flags.go
1759406278|Vlad Saioc|M|src/net/http/pprof/pprof.go
1759406278|Vlad Saioc|M|src/runtime/chan.go
1759406278|Vlad Saioc|M|src/runtime/crash_test.go
1759406278|Vlad Saioc|A|src/runtime/goroutineleakprofile_test.go
1759406278|Vlad Saioc|M|src/runtime/mbitmap.go
1759406278|Vlad Saioc|M|src/runtime/mgc.go
1759406278|Vlad Saioc|M|src/runtime/mgcmark.go
1759406278|Vlad Saioc|M|src/runtime/mgcmark_greenteagc.go
1759406278|Vlad Saioc|M|src/runtime/mgcmark_nogreenteagc.go
1759406278|Vlad Saioc|M|src/runtime/mprof.go
1759406278|Vlad Saioc|M|src/runtime/pprof/pprof.go
1759406278|Vlad Saioc|M|src/runtime/pprof/runtime.go
1759406278|Vlad Saioc|M|src/runtime/preempt.go
1759406278|Vlad Saioc|M|src/runtime/proc.go
1759406278|Vlad Saioc|M|src/runtime/runtime2.go
1759406278|Vlad Saioc|M|src/runtime/select.go
1759406278|Vlad Saioc|M|src/runtime/sema.go
1759406278|Vlad Saioc|M|src/runtime/sizeof_test.go
1759406278|Vlad Saioc|M|src/runtime/stack.go
1759406278|Vlad Saioc|A|src/runtime/testdata/testgoroutineleakprofile/commonpatterns.go
1759406278|Vlad Saioc|A|src/runtime/testdata/testgoroutineleakprofile/goker/LICENSE
1759406278|Vlad Saioc|A|src/runtime/testdata/testgoroutineleakprofile/goker/README.md
1759406278|Vlad Saioc|A|src/runtime/testdata/testgoroutineleakprofile/goker/cockroach10214.go
1759406278|Vlad Saioc|A|src/runtime/testdata/testgoroutineleakprofile/goker/cockroach1055.go
1759406278|Vlad Saioc|A|src/runtime/testdata/testgoroutineleakprofile/goker/cockroach10790.go
1759406278|Vlad Saioc|A|src/runtime/testdata/testgoroutineleakprofile/goker/cockroach13197.go
1759406278|Vlad Saioc|A|src/runtime/testdata/testgoroutineleakprofile/goker/cockroach13755.go
1759406278|Vlad Saioc|A|src/runtime/testdata/testgoroutineleakprofile/goker/cockroach1462.go
1759406278|Vlad Saioc|A|src/runtime/testdata/testgoroutineleakprofile/goker/cockroach16167.go
1759406278|Vlad Saioc|A|src/runtime/testdata/testgoroutineleakprofile/goker/cockroach18101.go
1759406278|Vlad Saioc|A|src/runtime/testdata/testgoroutineleakprofile/goker/cockroach2448.go
1759406278|Vlad Saioc|A|src/runtime/testdata/testgoroutineleakprofile/goker/cockroach24808.go
1759406278|Vlad Saioc|A|src/runtime/testdata/testgoroutineleakprofile/goker/cockroach25456.go
1759406278|Vlad Saioc|A|src/runtime/testdata/testgoroutineleakprofile/goker/cockroach35073.go
1759406278|Vlad Saioc|A|src/runtime/testdata/testgoroutineleakprofile/goker/cockroach35931.go
1759406278|Vlad Saioc|A|src/runtime/testdata/testgoroutineleakprofile/goker/cockroach3710.go
1759406278|Vlad Saioc|A|src/runtime/testdata/testgoroutineleakprofile/goker/cockroach584.go
1759406278|Vlad Saioc|A|src/runtime/testdata/testgoroutineleakprofile/goker/cockroach6181.go
1759406278|Vlad Saioc|A|src/runtime/testdata/testgoroutineleakprofile/goker/cockroach7504.go
1759406278|Vlad Saioc|A|src/runtime/testdata/testgoroutineleakprofile/goker/cockroach9935.go
1759406278|Vlad Saioc|A|src/runtime/testdata/testgoroutineleakprofile/goker/etcd10492.go
1759406278|Vlad Saioc|A|src/runtime/testdata/testgoroutineleakprofile/goker/etcd5509.go
1759406278|Vlad Saioc|A|src/runtime/testdata/testgoroutineleakprofile/goker/etcd6708.go
1759406278|Vlad Saioc|A|src/runtime/testdata/testgoroutineleakprofile/goker/etcd6857.go
1759406278|Vlad Saioc|A|src/runtime/testdata/testgoroutineleakprofile/goker/etcd6873.go
1759406278|Vlad Saioc|A|src/runtime/testdata/testgoroutineleakprofile/goker/etcd7492.go
1759406278|Vlad Saioc|A|src/runtime/testdata/testgoroutineleakprofile/goker/etcd7902.go
1759406278|Vlad Saioc|A|src/runtime/testdata/testgoroutineleakprofile/goker/grpc1275.go
1759406278|Vlad Saioc|A|src/runtime/testdata/testgoroutineleakprofile/goker/grpc1424.go
1759406278|Vlad Saioc|A|src/runtime/testdata/testgoroutineleakprofile/goker/grpc1460.go
1759406278|Vlad Saioc|A|src/runtime/testdata/testgoroutineleakprofile/goker/grpc3017.go
1759406278|Vlad Saioc|A|src/runtime/testdata/testgoroutineleakprofile/goker/grpc660.go
1759406278|Vlad Saioc|A|src/runtime/testdata/testgoroutineleakprofile/goker/grpc795.go
1759406278|Vlad Saioc|A|src/runtime/testdata/testgoroutineleakprofile/goker/grpc862.go
1759406278|Vlad Saioc|A|src/runtime/testdata/testgoroutineleakprofile/goker/hugo3251.go
1759406278|Vlad Saioc|A|src/runtime/testdata/testgoroutineleakprofile/goker/hugo5379.go
1759406278|Vlad Saioc|A|src/runtime/testdata/testgoroutineleakprofile/goker/istio16224.go
1759406278|Vlad Saioc|A|src/runtime/testdata/testgoroutineleakprofile/goker/istio17860.go
1759406278|Vlad Saioc|A|src/runtime/testdata/testgoroutineleakprofile/goker/istio18454.go
1759406278|Vlad Saioc|A|src/runtime/testdata/testgoroutineleakprofile/goker/kubernetes10182.go
1759406278|Vlad Saioc|A|src/runtime/testdata/testgoroutineleakprofile/goker/kubernetes11298.go
1759406278|Vlad Saioc|A|src/runtime/testdata/testgoroutineleakprofile/goker/kubernetes13135.go
1759406278|Vlad Saioc|A|src/runtime/testdata/testgoroutineleakprofile/goker/kubernetes1321.go
1759406278|Vlad Saioc|A|src/runtime/testdata/testgoroutineleakprofile/goker/kubernetes25331.go
1759406278|Vlad Saioc|A|src/runtime/testdata/testgoroutineleakprofile/goker/kubernetes26980.go
1759406278|Vlad Saioc|A|src/runtime/testdata/testgoroutineleakprofile/goker/kubernetes30872.go
1759406278|Vlad Saioc|A|src/runtime/testdata/testgoroutineleakprofile/goker/kubernetes38669.go
1759406278|Vlad Saioc|A|src/runtime/testdata/testgoroutineleakprofile/goker/kubernetes5316.go
1759406278|Vlad Saioc|A|src/runtime/testdata/testgoroutineleakprofile/goker/kubernetes58107.go
1759406278|Vlad Saioc|A|src/runtime/testdata/testgoroutineleakprofile/goker/kubernetes62464.go
1759406278|Vlad Saioc|A|src/runtime/testdata/testgoroutineleakprofile/goker/kubernetes6632.go
1759406278|Vlad Saioc|A|src/runtime/testdata/testgoroutineleakprofile/goker/kubernetes70277.go
1759406278|Vlad Saioc|A|src/runtime/testdata/testgoroutineleakprofile/goker/main.go
1759406278|Vlad Saioc|A|src/runtime/testdata/testgoroutineleakprofile/goker/moby17176.go
1759406278|Vlad Saioc|A|src/runtime/testdata/testgoroutineleakprofile/goker/moby21233.go
1759406278|Vlad Saioc|A|src/runtime/testdata/testgoroutineleakprofile/goker/moby25384.go
1759406278|Vlad Saioc|A|src/runtime/testdata/testgoroutineleakprofile/goker/moby27782.go
1759406278|Vlad Saioc|A|src/runtime/testdata/testgoroutineleakprofile/goker/moby28462.go
1759406278|Vlad Saioc|A|src/runtime/testdata/testgoroutineleakprofile/goker/moby30408.go
1759406278|Vlad Saioc|A|src/runtime/testdata/testgoroutineleakprofile/goker/moby33781.go
1759406278|Vlad Saioc|A|src/runtime/testdata/testgoroutineleakprofile/goker/moby36114.go
1759406278|Vlad Saioc|A|src/runtime/testdata/testgoroutineleakprofile/goker/moby4951.go
1759406278|Vlad Saioc|A|src/runtime/testdata/testgoroutineleakprofile/goker/moby7559.go
1759406278|Vlad Saioc|A|src/runtime/testdata/testgoroutineleakprofile/goker/serving2137.go
1759406278|Vlad Saioc|A|src/runtime/testdata/testgoroutineleakprofile/goker/syncthing4829.go
1759406278|Vlad Saioc|A|src/runtime/testdata/testgoroutineleakprofile/goker/syncthing5795.go
1759406278|Vlad Saioc|A|src/runtime/testdata/testgoroutineleakprofile/main.go
1759406278|Vlad Saioc|A|src/runtime/testdata/testgoroutineleakprofile/simple.go
1759406278|Vlad Saioc|A|src/runtime/testdata/testgoroutineleakprofile/stresstests.go
1759406278|Vlad Saioc|M|src/runtime/traceback.go
1759406278|Vlad Saioc|M|src/runtime/tracestatus.go
1759309193|qmuntal|M|src/runtime/asm_ppc64x.s
1759309193|qmuntal|M|src/runtime/rt0_aix_ppc64.s
1759427101|Damien Neil|M|src/io/fs/fs.go
1759423377|Damien Neil|A|api/next/73161.txt
1759423377|Damien Neil|A|doc/next/6-stdlib/99-minor/net/http/httputil/73161.md
1759423377|Damien Neil|M|src/net/http/httputil/reverseproxy.go
1759443852|Cherry Mui|M|src/cmd/link/internal/ld/lib.go
1742226352|Michael Matloob|M|src/internal/buildcfg/exp.go
1758568002|David Chase|M|src/cmd/compile/internal/inline/inl.go
1751493612|David Chase|M|src/cmd/compile/internal/walk/walk.go
1755707342|David Chase|M|src/cmd/compile/internal/ssa/_gen/generic.rules
1755707342|David Chase|M|src/cmd/compile/internal/ssa/rewritegeneric.go
1755707342|David Chase|M|test/prove.go
1757986039|Cherry Mui|M|src/cmd/compile/internal/ssa/regalloc.go
1757986039|Cherry Mui|M|src/cmd/compile/internal/ssa/value.go
1758133516|David Chase|M|src/cmd/compile/internal/ssa/prove.go
1758307105|Junyang Shao|M|src/cmd/compile/internal/ssa/regalloc.go
1758144097|David Chase|M|src/cmd/compile/internal/ssa/prove.go
1758144097|David Chase|M|test/loopbce.go
1758724855|Mateusz Poliwczak|M|src/net/url/url.go
1752244942|Daniel McCarney|M|src/crypto/tls/bogo_shim_test.go
1752244942|Daniel McCarney|M|src/crypto/tls/handshake_test.go
1759702660|Sean Liao|D|src/testing/synctest/run.go
1759775927|Michael Pratt|M|src/runtime/mgc.go
1759775927|Michael Pratt|M|src/runtime/mgcmark_greenteagc.go
1759775927|Michael Pratt|M|src/runtime/mgcmark_nogreenteagc.go
1759775927|Michael Pratt|M|src/runtime/mgcsweep.go
1759155957|tony|M|src/runtime/mpagealloc_64bit.go
1755731796|Ian Alexander|M|src/cmd/go/internal/modload/init.go
1759503594|thepudds|M|src/fmt/errors.go
1759503594|thepudds|M|src/fmt/errors_test.go
1759503594|thepudds|M|src/fmt/fmt_test.go
1759783109|Michael Pratt|M|src/runtime/proc.go
1755732116|Ian Alexander|M|src/cmd/go/internal/load/pkg.go
1755732116|Ian Alexander|M|src/cmd/go/internal/modcmd/download.go
1755732116|Ian Alexander|M|src/cmd/go/internal/modcmd/graph.go
1755732116|Ian Alexander|M|src/cmd/go/internal/modcmd/init.go
1755732116|Ian Alexander|M|src/cmd/go/internal/modcmd/tidy.go
1755732116|Ian Alexander|M|src/cmd/go/internal/modcmd/vendor.go
1755732116|Ian Alexander|M|src/cmd/go/internal/modcmd/verify.go
1755732116|Ian Alexander|M|src/cmd/go/internal/modcmd/why.go
1755732116|Ian Alexander|M|src/cmd/go/internal/modget/get.go
1755732116|Ian Alexander|M|src/cmd/go/internal/modload/init.go
1755732116|Ian Alexander|M|src/cmd/go/internal/run/run.go
1755732116|Ian Alexander|M|src/cmd/go/internal/toolchain/select.go
1755732116|Ian Alexander|M|src/cmd/go/internal/work/build.go
1755732116|Ian Alexander|M|src/cmd/go/internal/workcmd/init.go
1755732116|Ian Alexander|M|src/cmd/go/internal/workcmd/sync.go
1755732116|Ian Alexander|M|src/cmd/go/internal/workcmd/use.go
1759853419|Michael Anthony Knyszek|M|src/runtime/mem_sbrk.go
1757622424|Neal Patel|M|src/crypto/x509/verify.go
1757622424|Neal Patel|M|src/crypto/x509/verify_test.go
1759255358|Nicholas Husin|M|doc/godebug.md
1759255358|Nicholas Husin|M|src/internal/godebugs/table.go
1759255358|Nicholas Husin|M|src/net/http/cookie.go
1759255358|Nicholas Husin|M|src/net/http/cookie_test.go
1759255358|Nicholas Husin|M|src/runtime/metrics/doc.go
1759786117|Michael Pratt|M|src/runtime/mgcmark_greenteagc.go
1759786117|Michael Pratt|M|src/runtime/mgcmark_nogreenteagc.go
1759786117|Michael Pratt|M|src/runtime/proc.go
1756488955|Ethan Lee|M|src/go/build/deps_test.go
1756488955|Ethan Lee|M|src/net/url/url.go
1756488955|Ethan Lee|M|src/net/url/url_test.go
1759270276|Damien Neil|M|src/net/textproto/reader.go
1757622730|Damien Neil|M|src/archive/tar/common.go
1757622730|Damien Neil|M|src/archive/tar/reader.go
1757622730|Damien Neil|M|src/archive/tar/reader_test.go
1757622730|Damien Neil|A|src/archive/tar/testdata/gnu-sparse-many-zeros.tar.bz2
1759857163|Keith Randall|M|src/crypto/internal/fips140/subtle/xor_asm.go
1759857163|Keith Randall|M|src/crypto/internal/fips140/subtle/xor_generic.go
1759857163|Keith Randall|D|src/crypto/internal/fips140/subtle/xor_mipsx.s
1757113518|David Chase|M|src/cmd/compile/internal/ssa/block.go
1757113518|David Chase|M|src/cmd/compile/internal/ssa/compile.go
1757113518|David Chase|A|src/cmd/compile/internal/ssa/cpufeatures.go
1757113518|David Chase|M|src/cmd/compile/internal/ssa/sizeof_test.go
1757113518|David Chase|M|src/cmd/compile/internal/types/type.go
1757113518|David Chase|A|test/simd.go
1755296645|Damien Neil|A|api/next/71287.txt
1755296645|Damien Neil|A|doc/next/6-stdlib/99-minor/testing/71287.md
1755296645|Damien Neil|M|src/cmd/go/alldocs.go
1755296645|Damien Neil|M|src/cmd/go/internal/load/test.go
1755296645|Damien Neil|M|src/cmd/go/internal/test/flagdefs.go
1755296645|Damien Neil|M|src/cmd/go/internal/test/test.go
1755296645|Damien Neil|M|src/cmd/go/internal/test/testflag.go
1755296645|Damien Neil|M|src/cmd/internal/test2json/test2json.go
1755296645|Damien Neil|M|src/testing/internal/testdeps/deps.go
1755296645|Damien Neil|M|src/testing/testing.go
1755296645|Damien Neil|M|src/testing/testing_test.go
1755553896|Michael Munday|M|src/cmd/compile/internal/ssa/_gen/generic.rules
1755553896|Michael Munday|M|src/cmd/compile/internal/ssa/fuse.go
1755553896|Michael Munday|M|src/cmd/compile/internal/ssa/fuse_comparisons.go
1755553896|Michael Munday|M|src/cmd/compile/internal/ssa/rewritegeneric.go
1755553896|Michael Munday|M|src/cmd/compile/internal/test/float_test.go
1755553896|Michael Munday|M|test/codegen/fuse.go
1759763452|Vlad Saioc|M|src/net/http/pprof/pprof.go
1759754854|Robbie McMichael|M|src/cmd/gofmt/gofmt.go
1759754854|Robbie McMichael|M|src/cmd/gofmt/gofmt_test.go
1759754854|Robbie McMichael|A|src/cmd/gofmt/testdata/exitcode.golden
1759754854|Robbie McMichael|A|src/cmd/gofmt/testdata/exitcode.input
1759145788|Filippo Valsorda|M|src/crypto/internal/fips140test/entropy_test.go
1759792394|Federico Guerinoni|M|src/path/filepath/path.go
1759792394|Federico Guerinoni|M|src/path/filepath/path_test.go
1753119008|David Chase|M|src/cmd/compile/internal/base/debug.go
1753119008|David Chase|M|src/cmd/compile/internal/base/flag.go
1753119008|David Chase|M|src/cmd/compile/internal/base/hashdebug.go
1753119008|David Chase|M|src/cmd/compile/internal/ssa/_gen/AMD64.rules
1753119008|David Chase|M|src/cmd/compile/internal/ssa/rewriteAMD64.go
1753119008|David Chase|M|src/cmd/compile/internal/ssagen/ssa.go
1753119008|David Chase|A|test/convert5.go
1753119008|David Chase|A|test/convert5.out
1759777263|David Chase|M|src/runtime/export_test.go
1759777263|David Chase|M|src/runtime/softfloat64.go
1759777263|David Chase|M|src/runtime/softfloat64_test.go
1759777263|David Chase|M|test/convert5.go
1759968792|Roland Shoemaker|M|src/net/url/url.go
1759968792|Roland Shoemaker|M|src/net/url/url_test.go
1759181209|Michael Matloob|M|src/cmd/compile/internal/ir/symtab.go
1759181209|Michael Matloob|M|src/cmd/compile/internal/ssa/_gen/generic.rules
1759181209|Michael Matloob|M|src/cmd/compile/internal/ssa/rewrite.go
1759181209|Michael Matloob|M|src/cmd/compile/internal/ssa/rewritegeneric.go
1759181209|Michael Matloob|M|src/cmd/compile/internal/ssa/writebarrier.go
1759181209|Michael Matloob|M|src/cmd/compile/internal/ssagen/ssa.go
1759181209|Michael Matloob|M|src/cmd/dist/buildtool.go
1759181209|Michael Matloob|M|src/runtime/mprof.go
1759181209|Michael Matloob|M|src/runtime/pprof/mprof_test.go
1759181209|Michael Matloob|M|src/runtime/pprof/pprof_test.go
1759181209|Michael Matloob|M|test/codegen/strings.go
1759181209|Michael Matloob|M|test/fixedbugs/issue15747.go
1759181209|Michael Matloob|M|test/heapsampling.go
1759181209|Michael Matloob|M|test/live.go
1759181209|Michael Matloob|M|test/live_regabi.go
1759181209|Michael Matloob|M|test/uintptrescapes2.go
1760035465|David Chase|M|src/simd/genfiles.go
1760035465|David Chase|M|src/simd/internal/simd_test/unary_test.go
1760035465|David Chase|M|src/simd/other_gen_amd64.go
1760048730|Damien Neil|M|src/net/http/requestwrite_test.go
1758907989|Alan Donovan|M|doc/next/3-tools.md
1758907989|Alan Donovan|M|src/cmd/dist/build.go
1758907989|Alan Donovan|D|src/cmd/fix/doc.go
1758907989|Alan Donovan|M|src/cmd/fix/main.go
1758907989|Alan Donovan|M|src/cmd/go/alldocs.go
1758907989|Alan Donovan|D|src/cmd/go/internal/fix/fix.go
1758907989|Alan Donovan|M|src/cmd/go/internal/test/test.go
1758907989|Alan Donovan|M|src/cmd/go/internal/vet/vet.go
1758907989|Alan Donovan|M|src/cmd/go/internal/vet/vetflag.go
1758907989|Alan Donovan|M|src/cmd/go/internal/work/buildid.go
1758907989|Alan Donovan|M|src/cmd/go/internal/work/exec.go
1758907989|Alan Donovan|M|src/cmd/go/main.go
1758907989|Alan Donovan|M|src/cmd/go/testdata/script/chdir.txt
1758907989|Alan Donovan|M|src/cmd/go/testdata/script/vet_asm.txt
1758907989|Alan Donovan|A|src/cmd/go/testdata/script/vet_basic.txt
1758907989|Alan Donovan|A|src/cmd/go/testdata/script/vet_cache.txt
1758907989|Alan Donovan|M|src/cmd/vet/doc.go
1758907989|Alan Donovan|M|src/cmd/vet/main.go
1758907989|Alan Donovan|M|src/cmd/vet/testdata/print/print.go
1758907989|Alan Donovan|M|src/cmd/vet/vet_test.go
1760068033|cuishuang|M|src/encoding/base32/base32_test.go
1760068033|cuishuang|M|src/encoding/xml/marshal_test.go
1760068033|cuishuang|M|src/io/fs/readdir_test.go
1760068033|cuishuang|M|src/testing/iotest/reader_test.go
1759971369|Sean Liao|M|src/net/url/url.go
1759971369|Sean Liao|M|src/net/url/url_test.go
1760130500|David Chase|M|src/cmd/compile/internal/ssagen/ssa.go
1760193409|Cherry Mui|M|src/cmd/link/internal/ld/fallocate_test.go
1760035199|David Chase|M|src/cmd/compile/internal/ssa/block.go
1760035199|David Chase|M|src/cmd/compile/internal/ssa/cpufeatures.go
1760035199|David Chase|M|src/cmd/compile/internal/ssa/func.go
1760144164|Joe Tsai|M|src/encoding/json/jsontext/decode.go
1760144164|Joe Tsai|M|src/encoding/json/v2/arshal.go
1760144164|Joe Tsai|M|src/encoding/json/v2/arshal_funcs.go
1760144164|Joe Tsai|M|src/encoding/json/v2/arshal_methods.go
1760144164|Joe Tsai|M|src/encoding/json/v2/arshal_test.go
1760144164|Joe Tsai|M|src/encoding/json/v2/errors.go
1760036543|Russ Cox|M|src/strconv/ftoa_test.go
1760384862|Robert Griesemer|M|src/cmd/compile/internal/types2/decl.go
1760384862|Robert Griesemer|M|src/go/types/decl.go
1760384862|Robert Griesemer|M|src/internal/types/testdata/fixedbugs/issue45550.go
1760384862|Robert Griesemer|M|src/internal/types/testdata/fixedbugs/issue46461.go
1760384862|Robert Griesemer|M|src/internal/types/testdata/fixedbugs/issue46461a.go
1760384862|Robert Griesemer|M|src/internal/types/testdata/fixedbugs/issue47796.go
1760384862|Robert Griesemer|M|src/internal/types/testdata/fixedbugs/issue48529.go
1760384862|Robert Griesemer|M|src/internal/types/testdata/fixedbugs/issue49439.go
1760384862|Robert Griesemer|A|src/internal/types/testdata/fixedbugs/issue68162.go
1760384862|Robert Griesemer|M|test/typeparam/issue46461.go
1760384862|Robert Griesemer|M|test/typeparam/issue46461b.dir/a.go
1760384862|Robert Griesemer|M|test/typeparam/issue46461b.dir/b.go
1760384862|Robert Griesemer|M|test/typeparam/issue48280.dir/a.go
1760384862|Robert Griesemer|M|test/typeparam/issue48306.dir/a.go
1759921356|Filippo Valsorda|M|src/crypto/internal/fips140/entropy/sha384.go
1759921356|Filippo Valsorda|M|src/crypto/internal/fips140test/entropy_test.go
1760396104|Robert Griesemer|M|src/cmd/compile/internal/types2/decl.go
1760396104|Robert Griesemer|M|src/go/types/decl.go
1760459651|Damien Neil|M|src/net/url/url.go
1760459651|Damien Neil|M|src/net/url/url_test.go
1760261072|Mateusz Poliwczak|M|src/cmd/compile/internal/devirtualize/devirtualize.go
1760209066|Joe Tsai|M|src/encoding/json/v2_decode.go
1760209066|Joe Tsai|M|src/encoding/json/v2_decode_test.go
1760123431|Junyang Shao|M|src/cmd/compile/internal/amd64/ssa.go
1760123431|Junyang Shao|M|src/cmd/compile/internal/ssa/_gen/AMD64.rules
1760123431|Junyang Shao|M|src/cmd/compile/internal/ssa/_gen/AMD64Ops.go
1760123431|Junyang Shao|M|src/cmd/compile/internal/ssa/opGen.go
1760123431|Junyang Shao|M|src/cmd/compile/internal/ssa/rewriteAMD64.go
1760123431|Junyang Shao|M|src/simd/internal/simd_test/simd_test.go
1760458538|Junyang Shao|M|src/simd/_gen/simdgen/gen_simdTypes.go
1760458538|Junyang Shao|M|src/simd/types_amd64.go
1760469132|David Chase|M|src/runtime/export_test.go
1760469132|David Chase|M|src/runtime/softfloat64.go
1760469132|David Chase|M|src/runtime/softfloat64_test.go
1760469132|David Chase|M|test/convert5.go
1760473129|David Chase|M|src/cmd/compile/internal/base/flag.go
1760473129|David Chase|M|test/codegen/math.go
1760473129|David Chase|M|test/convert5.go
1760541839|matloob|M|src/runtime/pprof/pprof_test.go
1759962799|Keith Randall|M|src/cmd/compile/internal/ssa/stmtlines_test.go
1759962799|Keith Randall|M|src/cmd/compile/internal/ssagen/phi.go
1759962799|Keith Randall|M|src/cmd/compile/internal/ssagen/ssa.go
1760547167|matloob|M|src/runtime/mprof.go
1760547167|matloob|M|src/runtime/pprof/pprof_test.go
1756203811|Youlin Feng|M|src/cmd/compile/internal/ssa/prove.go
1756203811|Youlin Feng|M|test/prove.go
1758404174|Will Faught|M|src/cmd/compile/README.md
1760495236|mohanson|M|src/cmd/compile/internal/types2/instantiate.go
1760495236|mohanson|M|src/go/types/instantiate.go
1760466329|Damien Neil|M|src/net/http/httptest/recorder.go
1760466329|Damien Neil|M|src/net/http/httptest/recorder_test.go
1757188996|Vasily Leonenko|M|src/cmd/asm/internal/arch/arm64.go
1757188996|Vasily Leonenko|M|src/cmd/asm/internal/asm/parse.go
1757188996|Vasily Leonenko|M|src/cmd/internal/obj/arm64/asm7.go
1755941242|Vasily Leonenko|M|src/runtime/memclr_arm64.s
1755725426|Mark Freeman|M|src/cmd/compile/internal/types2/decl.go
1755725426|Mark Freeman|M|src/cmd/compile/internal/types2/named.go
1755725426|Mark Freeman|M|src/cmd/compile/internal/types2/object.go
1755725426|Mark Freeman|M|src/cmd/compile/internal/types2/signature.go
1755725426|Mark Freeman|M|src/cmd/compile/internal/types2/sizeof_test.go
1755725426|Mark Freeman|M|src/cmd/compile/internal/types2/typexpr.go
1755725426|Mark Freeman|M|src/cmd/compile/internal/types2/under.go
1755725426|Mark Freeman|M|src/cmd/compile/internal/types2/unify.go
1755725426|Mark Freeman|M|src/cmd/compile/internal/types2/universe.go
1755725426|Mark Freeman|M|src/cmd/compile/internal/types2/validtype.go
1755725426|Mark Freeman|M|src/go/types/decl.go
1755725426|Mark Freeman|M|src/go/types/named.go
1755725426|Mark Freeman|M|src/go/types/object.go
1755725426|Mark Freeman|M|src/go/types/signature.go
1755725426|Mark Freeman|M|src/go/types/sizeof_test.go
1755725426|Mark Freeman|M|src/go/types/typexpr.go
1755725426|Mark Freeman|M|src/go/types/under.go
1755725426|Mark Freeman|M|src/go/types/unify.go
1755725426|Mark Freeman|M|src/go/types/universe.go
1755725426|Mark Freeman|M|src/go/types/validtype.go
1755725426|Mark Freeman|A|src/internal/types/testdata/fixedbugs/issue75194.go
1758701624|qmuntal|M|src/runtime/asm_riscv64.s
1758701624|qmuntal|M|src/runtime/rt0_freebsd_riscv64.s
1758701624|qmuntal|M|src/runtime/rt0_linux_riscv64.s
1760577362|Jes Cok|M|src/cmd/compile/internal/bitvec/bv.go
1760577362|Jes Cok|M|src/cmd/compile/internal/ir/expr.go
1760577362|Jes Cok|M|src/cmd/compile/internal/s390x/ggen.go
1760577362|Jes Cok|M|src/cmd/compile/internal/types/type.go
1760577362|Jes Cok|M|src/cmd/compile/internal/types2/object.go
1760577362|Jes Cok|M|src/cmd/go/internal/vet/vet.go
1760577362|Jes Cok|M|src/cmd/internal/obj/x86/evex.go
1760577362|Jes Cok|M|src/cmd/internal/objfile/goobj.go
1760577362|Jes Cok|M|src/cmd/link/internal/loader/symbolbuilder.go
1760577362|Jes Cok|M|src/crypto/internal/fips140/rsa/pkcs1v22.go
1760577362|Jes Cok|M|src/crypto/x509/oid.go
1760577362|Jes Cok|M|src/debug/dwarf/entry.go
1760577362|Jes Cok|M|src/go/scanner/scanner.go
1760577362|Jes Cok|M|src/go/types/object.go
1760577362|Jes Cok|M|src/internal/coverage/cmerge/merge.go
1760577362|Jes Cok|M|src/internal/goarch/goarch.go
1760577362|Jes Cok|M|src/internal/runtime/maps/table.go
1760577362|Jes Cok|M|src/internal/trace/event.go
1760577362|Jes Cok|M|src/runtime/mspanset.go
1760577362|Jes Cok|M|src/text/template/parse/parse.go
1760434826|Tobias Klauser|M|src/archive/zip/reader_test.go
1760434826|Tobias Klauser|M|src/context/x_test.go
1760434826|Tobias Klauser|M|src/crypto/cipher/ctr_aes_test.go
1760434826|Tobias Klauser|M|src/crypto/rsa/rsa_test.go
1760434826|Tobias Klauser|M|src/crypto/tls/handshake_client_test.go
1760434826|Tobias Klauser|M|src/crypto/tls/tls_test.go
1760434826|Tobias Klauser|M|src/crypto/x509/platform_test.go
1760434826|Tobias Klauser|M|src/database/sql/sql_test.go
1760434826|Tobias Klauser|M|src/debug/buildinfo/buildinfo_test.go
1760434826|Tobias Klauser|M|src/debug/elf/file_test.go
1760434826|Tobias Klauser|M|src/encoding/binary/varint_test.go
1760434826|Tobias Klauser|M|src/go/printer/printer_test.go
1760434826|Tobias Klauser|M|src/go/types/api_test.go
1760434826|Tobias Klauser|M|src/go/types/sizes_test.go
1760434826|Tobias Klauser|M|src/go/types/stdlib_test.go
1760434826|Tobias Klauser|M|src/internal/fuzz/encoding_test.go
1760434826|Tobias Klauser|M|src/internal/fuzz/minimize_test.go
1760434826|Tobias Klauser|M|src/internal/fuzz/worker_test.go
1760434826|Tobias Klauser|M|src/internal/reflectlite/reflect_mirror_test.go
1760434826|Tobias Klauser|M|src/internal/trace/reader_test.go
1760434826|Tobias Klauser|M|src/internal/trace/tracev1_test.go
1760434826|Tobias Klauser|M|src/internal/zstd/fse_test.go
1760434826|Tobias Klauser|M|src/internal/zstd/zstd_test.go
1760434826|Tobias Klauser|M|src/log/syslog/syslog_test.go
1760434826|Tobias Klauser|M|src/math/rand/default_test.go
1760434826|Tobias Klauser|M|src/net/conn_test.go
1760434826|Tobias Klauser|M|src/net/dial_test.go
1760434826|Tobias Klauser|M|src/net/error_test.go
1760434826|Tobias Klauser|M|src/net/http/fs_test.go
1760434826|Tobias Klauser|M|src/net/http/httptest/recorder_test.go
1760434826|Tobias Klauser|M|src/net/http/serve_test.go
1760434826|Tobias Klauser|M|src/net/http/transport_test.go
1760434826|Tobias Klauser|M|src/net/net_test.go
1760434826|Tobias Klauser|M|src/net/server_test.go
1760434826|Tobias Klauser|M|src/net/timeout_test.go
1760434826|Tobias Klauser|M|src/net/unixsock_test.go
1760434826|Tobias Klauser|M|src/os/exec/exec_posix_test.go
1760434826|Tobias Klauser|M|src/os/signal/signal_test.go
1760434826|Tobias Klauser|M|src/path/filepath/path_test.go
1760434826|Tobias Klauser|M|src/reflect/all_test.go
1760434826|Tobias Klauser|M|src/reflect/visiblefields_test.go
1760434826|Tobias Klauser|M|src/runtime/chan_test.go
1760434826|Tobias Klauser|M|src/runtime/checkptr_test.go
1760434826|Tobias Klauser|M|src/runtime/crash_cgo_test.go
1760434826|Tobias Klauser|M|src/runtime/map_benchmark_test.go
1760434826|Tobias Klauser|M|src/runtime/memmove_test.go
1760434826|Tobias Klauser|M|src/runtime/mgcpacer_test.go
1760434826|Tobias Klauser|M|src/runtime/mgcscavenge_test.go
1760434826|Tobias Klauser|M|src/runtime/mpagealloc_test.go
1760434826|Tobias Klauser|M|src/runtime/mpagecache_test.go
1760434826|Tobias Klauser|M|src/runtime/mpallocbits_test.go
1760434826|Tobias Klauser|M|src/runtime/proc_test.go
1760434826|Tobias Klauser|M|src/sync/atomic/value_test.go
1760434826|Tobias Klauser|M|src/syscall/exec_linux_test.go
1760434826|Tobias Klauser|M|src/testing/flag_test.go
1760434826|Tobias Klauser|M|src/testing/panic_test.go
1760434826|Tobias Klauser|M|src/testing/sub_test.go
1760434826|Tobias Klauser|M|src/time/sleep_test.go
1760125793|Alan Donovan|M|src/cmd/fix/main.go
1760125793|Alan Donovan|A|src/cmd/go/testdata/script/fix_suite.txt
1760125793|Alan Donovan|A|src/cmd/vendor/golang.org/x/tools/go/analysis/passes/inline/doc.go
1760125793|Alan Donovan|A|src/cmd/vendor/golang.org/x/tools/go/analysis/passes/inline/gofix.go
1760125793|Alan Donovan|A|src/cmd/vendor/golang.org/x/tools/go/analysis/passes/internal/gofixdirective/gofixdirective.go
1760125793|Alan Donovan|A|src/cmd/vendor/golang.org/x/tools/go/analysis/passes/modernize/any.go
1760125793|Alan Donovan|A|src/cmd/vendor/golang.org/x/tools/go/analysis/passes/modernize/bloop.go
1760125793|Alan Donovan|A|src/cmd/vendor/golang.org/x/tools/go/analysis/passes/modernize/doc.go
1760125793|Alan Donovan|A|src/cmd/vendor/golang.org/x/tools/go/analysis/passes/modernize/errorsastype.go
1760125793|Alan Donovan|A|src/cmd/vendor/golang.org/x/tools/go/analysis/passes/modernize/fmtappendf.go
1760125793|Alan Donovan|A|src/cmd/vendor/golang.org/x/tools/go/analysis/passes/modernize/forvar.go
1760125793|Alan Donovan|A|src/cmd/vendor/golang.org/x/tools/go/analysis/passes/modernize/maps.go
1760125793|Alan Donovan|A|src/cmd/vendor/golang.org/x/tools/go/analysis/passes/modernize/minmax.go
1760125793|Alan Donovan|A|src/cmd/vendor/golang.org/x/tools/go/analysis/passes/modernize/modernize.go
1760125793|Alan Donovan|A|src/cmd/vendor/golang.org/x/tools/go/analysis/passes/modernize/newexpr.go
1760125793|Alan Donovan|A|src/cmd/vendor/golang.org/x/tools/go/analysis/passes/modernize/omitzero.go
1760125793|Alan Donovan|A|src/cmd/vendor/golang.org/x/tools/go/analysis/passes/modernize/plusbuild.go
1760125793|Alan Donovan|A|src/cmd/vendor/golang.org/x/tools/go/analysis/passes/modernize/rangeint.go
1760125793|Alan Donovan|A|src/cmd/vendor/golang.org/x/tools/go/analysis/passes/modernize/reflect.go
1760125793|Alan Donovan|A|src/cmd/vendor/golang.org/x/tools/go/analysis/passes/modernize/slices.go
1760125793|Alan Donovan|A|src/cmd/vendor/golang.org/x/tools/go/analysis/passes/modernize/slicescontains.go
1760125793|Alan Donovan|A|src/cmd/vendor/golang.org/x/tools/go/analysis/passes/modernize/slicesdelete.go
1760125793|Alan Donovan|A|src/cmd/vendor/golang.org/x/tools/go/analysis/passes/modernize/sortslice.go
1760125793|Alan Donovan|A|src/cmd/vendor/golang.org/x/tools/go/analysis/passes/modernize/stditerators.go
1760125793|Alan Donovan|A|src/cmd/vendor/golang.org/x/tools/go/analysis/passes/modernize/stringsbuilder.go
1760125793|Alan Donovan|A|src/cmd/vendor/golang.org/x/tools/go/analysis/passes/modernize/stringscutprefix.go
1760125793|Alan Donovan|A|src/cmd/vendor/golang.org/x/tools/go/analysis/passes/modernize/stringsseq.go
1760125793|Alan Donovan|A|src/cmd/vendor/golang.org/x/tools/go/analysis/passes/modernize/testingcontext.go
1760125793|Alan Donovan|A|src/cmd/vendor/golang.org/x/tools/go/analysis/passes/modernize/waitgroup.go
1760125793|Alan Donovan|A|src/cmd/vendor/golang.org/x/tools/go/ast/astutil/enclosing.go
1760125793|Alan Donovan|A|src/cmd/vendor/golang.org/x/tools/go/ast/astutil/imports.go
1760125793|Alan Donovan|A|src/cmd/vendor/golang.org/x/tools/go/ast/astutil/rewrite.go
1760125793|Alan Donovan|A|src/cmd/vendor/golang.org/x/tools/go/ast/astutil/util.go
1760125793|Alan Donovan|A|src/cmd/vendor/golang.org/x/tools/internal/analysisinternal/generated/generated.go
1760125793|Alan Donovan|A|src/cmd/vendor/golang.org/x/tools/internal/goplsexport/export.go
1760125793|Alan Donovan|A|src/cmd/vendor/golang.org/x/tools/internal/refactor/inline/callee.go
1760125793|Alan Donovan|A|src/cmd/vendor/golang.org/x/tools/internal/refactor/inline/calleefx.go
1760125793|Alan Donovan|A|src/cmd/vendor/golang.org/x/tools/internal/refactor/inline/doc.go
1760125793|Alan Donovan|A|src/cmd/vendor/golang.org/x/tools/internal/refactor/inline/escape.go
1760125793|Alan Donovan|A|src/cmd/vendor/golang.org/x/tools/internal/refactor/inline/falcon.go
1760125793|Alan Donovan|A|src/cmd/vendor/golang.org/x/tools/internal/refactor/inline/free.go
1760125793|Alan Donovan|A|src/cmd/vendor/golang.org/x/tools/internal/refactor/inline/inline.go
1760125793|Alan Donovan|A|src/cmd/vendor/golang.org/x/tools/internal/refactor/inline/util.go
1760125793|Alan Donovan|M|src/cmd/vendor/modules.txt
1760125793|Alan Donovan|M|src/cmd/vet/vet_test.go
1760955342|apocelipes|M|src/encoding/asn1/marshal.go
1724961047|Michael Pratt|M|src/runtime/HACKING.md
1759939664|Ian Alexander|M|src/cmd/go/internal/clean/clean.go
1759282822|Ian Alexander|M|src/cmd/go/internal/list/list.go
1759282822|Ian Alexander|M|src/cmd/go/internal/load/pkg.go
1759282822|Ian Alexander|M|src/cmd/go/internal/load/test.go
1759282822|Ian Alexander|M|src/cmd/go/internal/modcmd/download.go
1759282822|Ian Alexander|M|src/cmd/go/internal/modcmd/vendor.go
1759282822|Ian Alexander|M|src/cmd/go/internal/modcmd/why.go
1759282822|Ian Alexander|M|src/cmd/go/internal/modload/build.go
1759282822|Ian Alexander|M|src/cmd/go/internal/modload/list.go
1759282822|Ian Alexander|M|src/cmd/go/internal/test/test.go
1759282822|Ian Alexander|M|src/cmd/go/internal/vet/vet.go
1759282822|Ian Alexander|M|src/cmd/go/internal/work/action.go
1759282822|Ian Alexander|M|src/cmd/go/internal/work/build.go
1759949898|Ian Alexander|M|src/cmd/go/internal/tool/tool.go
1760652597|Ian Alexander|M|src/cmd/go/internal/modload/init.go
1760652597|Ian Alexander|M|src/cmd/go/internal/toolchain/select.go
1760651038|Ian Alexander|M|src/cmd/go/internal/modcmd/download.go
1760651038|Ian Alexander|M|src/cmd/go/internal/modcmd/tidy.go
1760651038|Ian Alexander|M|src/cmd/go/internal/modget/get.go
1760651038|Ian Alexander|M|src/cmd/go/internal/toolchain/select.go
1760651038|Ian Alexander|M|src/cmd/go/internal/toolchain/switch.go
1760651038|Ian Alexander|M|src/cmd/go/internal/workcmd/use.go
1759949473|Ian Alexander|M|src/cmd/go/internal/modcmd/download.go
1759949473|Ian Alexander|M|src/cmd/go/internal/modcmd/graph.go
1759949473|Ian Alexander|M|src/cmd/go/internal/modcmd/verify.go
1759949473|Ian Alexander|M|src/cmd/go/internal/modget/get.go
1759949473|Ian Alexander|M|src/cmd/go/internal/modload/buildlist.go
1759949473|Ian Alexander|M|src/cmd/go/internal/modload/init.go
1759949473|Ian Alexander|M|src/cmd/go/internal/workcmd/sync.go
1759375090|Ian Alexander|M|src/cmd/go/internal/modcmd/vendor.go
1759375090|Ian Alexander|M|src/cmd/go/internal/modget/get.go
1759375090|Ian Alexander|M|src/cmd/go/internal/modload/init.go
1759375090|Ian Alexander|M|src/cmd/go/internal/workcmd/vendor.go
1759355125|Ian Alexander|M|src/cmd/go/internal/modget/get.go
1759355125|Ian Alexander|M|src/cmd/go/internal/modget/query.go
1759355125|Ian Alexander|M|src/cmd/go/internal/modload/init.go
1759355125|Ian Alexander|M|src/cmd/go/internal/modload/search.go
1759525508|Ian Alexander|M|src/cmd/go/internal/work/action.go
1759525508|Ian Alexander|M|src/cmd/go/internal/work/build.go
1759430723|Ian Alexander|M|src/cmd/go/internal/modcmd/vendor.go
1759276447|Michael Anthony Knyszek|M|src/runtime/traceruntime.go
1760815992|Julien Cretel|M|src/net/url/url.go
1760815992|Julien Cretel|M|src/net/url/url_test.go
1760730816|Michael Anthony Knyszek|M|src/runtime/asm_386.s
1760730816|Michael Anthony Knyszek|M|src/runtime/asm_amd64.s
1760730816|Michael Anthony Knyszek|M|src/runtime/asm_arm.s
1760730816|Michael Anthony Knyszek|M|src/runtime/asm_arm64.s
1760730816|Michael Anthony Knyszek|M|src/runtime/asm_loong64.s
1760730816|Michael Anthony Knyszek|M|src/runtime/asm_mips64x.s
1760730816|Michael Anthony Knyszek|M|src/runtime/asm_mipsx.s
1760730816|Michael Anthony Knyszek|M|src/runtime/asm_ppc64x.s
1760730816|Michael Anthony Knyszek|M|src/runtime/asm_riscv64.s
1760730816|Michael Anthony Knyszek|M|src/runtime/asm_s390x.s
1760730816|Michael Anthony Knyszek|M|src/runtime/asm_wasm.s
1760730816|Michael Anthony Knyszek|M|src/runtime/stubs.go
1757578904|Guoqi Chen|M|src/runtime/mkpreempt.go
1757578904|Guoqi Chen|A|src/runtime/preempt_loong64.go
1757578904|Guoqi Chen|M|src/runtime/preempt_loong64.s
1757578904|Guoqi Chen|M|src/runtime/preempt_noxreg.go
1757578904|Guoqi Chen|M|src/runtime/preempt_xreg.go
1760723513|Jorropo|M|src/runtime/os_linux_futex32.go
1760723513|Jorropo|M|src/runtime/os_linux_futex64.go
1759952049|Paul Murphy|M|src/cmd/internal/obj/ppc64/obj9.go
1760982673|matloob|M|src/cmd/go/testdata/script/list_empty_importpath.txt
1760977122|Jes Cok|M|src/cmd/compile/internal/ssa/_gen/RISCV64Ops.go
1760798633|abdullahkiani007|M|src/runtime/defs_linux_386.go
1760798633|abdullahkiani007|M|src/runtime/defs_linux_arm.go
1760798633|abdullahkiani007|M|src/runtime/defs_linux_mipsx.go
1760798633|abdullahkiani007|M|src/runtime/os_linux.go
1760798633|abdullahkiani007|A|src/runtime/os_linux_settime32.go
1760798633|abdullahkiani007|A|src/runtime/os_linux_settime64.go
1760798633|abdullahkiani007|M|src/runtime/sys_linux_386.s
1760798633|abdullahkiani007|M|src/runtime/sys_linux_arm.s
1760798633|abdullahkiani007|M|src/runtime/sys_linux_mipsx.s
1761047016|Nicolas Hillegeer|M|src/sync/waitgroup.go
1761067519|Jes Cok|M|src/cmd/cgo/internal/testout/out_test.go
1761067519|Jes Cok|M|src/runtime/os_linux_settime32.go
1761067519|Jes Cok|M|src/testing/fstest/testfs_test.go
1760721394|Mark Freeman|M|src/cmd/compile/internal/types2/named.go
1760721394|Mark Freeman|M|src/go/types/named.go
1760997743|Robert Griesemer|M|src/cmd/compile/internal/types2/builtins.go
1760997743|Robert Griesemer|M|src/go/types/builtins.go
1760997743|Robert Griesemer|M|src/internal/types/testdata/check/builtins0.go
1760997743|Robert Griesemer|M|src/internal/types/testdata/check/go1_25.go
1760997743|Robert Griesemer|A|src/internal/types/testdata/fixedbugs/issue75986.go
1757621865|Austin Clements|M|src/cmd/go/internal/modindex/build_read.go
1757621865|Austin Clements|M|src/go/build/read.go
1760981123|Robert Griesemer|M|src/cmd/compile/internal/types2/named.go
1760981123|Robert Griesemer|M|src/go/types/named.go
1761115135|redteampanda-ng|M|src/strings/strings.go
1760900455|Sean Liao|M|src/cmd/go/internal/work/shell.go
1760900455|Sean Liao|A|src/cmd/go/testdata/script/build_output_overwrite.txt
1736847176|fanzha02|M|src/runtime/asm_arm64.s
1736847176|fanzha02|M|src/runtime/lfstack.go
1736847176|fanzha02|M|src/runtime/mspanset.go
1759504848|Daniel McCarney|A|src/crypto/internal/fips140test/acvp_capabilities.entropy.json
1759504848|Daniel McCarney|M|src/crypto/internal/fips140test/acvp_test.go
1761170192|Alan Donovan|M|doc/next/2-language.md
1760675469|Russ Cox|M|src/strconv/ftoa.go
1760675469|Russ Cox|M|src/strconv/ftoaryu.go
1760675469|Russ Cox|M|src/strconv/itoa.go
1745831060|cuishuang|M|src/compress/flate/example_test.go
1745831060|cuishuang|M|src/go/ast/ast.go
1745831060|cuishuang|M|src/log/slog/slogtest_test.go
1761232599|Roland Shoemaker|M|src/encoding/pem/pem.go
1761232599|Roland Shoemaker|M|src/encoding/pem/pem_test.go
1761237855|Julien Cretel|A|src/net/url/encoding_table.go
1761237855|Julien Cretel|A|src/net/url/gen_encoding_table.go
1761237855|Julien Cretel|M|src/net/url/url.go
1760990283|Mark Freeman|M|src/cmd/compile/internal/types2/named.go
1760990283|Mark Freeman|M|src/go/types/named.go
1760994003|Mark Freeman|M|src/cmd/compile/internal/types2/decl.go
1760994003|Mark Freeman|M|src/cmd/compile/internal/types2/named.go
1760994003|Mark Freeman|M|src/cmd/compile/internal/types2/object.go
1760994003|Mark Freeman|M|src/cmd/compile/internal/types2/validtype.go
1760994003|Mark Freeman|M|src/go/types/decl.go
1760994003|Mark Freeman|M|src/go/types/named.go
1760994003|Mark Freeman|M|src/go/types/object.go
1760994003|Mark Freeman|M|src/go/types/validtype.go
1761251223|Felix Stein|M|src/crypto/pbkdf2/pbkdf2.go
1760063917|Ian Alexander|M|src/cmd/go/internal/work/exec.go
1759459928|Ian Alexander|M|src/cmd/go/internal/load/pkg.go
1759459928|Ian Alexander|M|src/cmd/go/internal/modget/get.go
1759459928|Ian Alexander|M|src/cmd/go/internal/modload/build.go
1759459928|Ian Alexander|M|src/cmd/go/internal/modload/import.go
1759459928|Ian Alexander|M|src/cmd/go/internal/modload/list.go
1759459928|Ian Alexander|M|src/cmd/go/internal/modload/modfile.go
1759459928|Ian Alexander|M|src/cmd/go/internal/modload/mvs.go
1759459928|Ian Alexander|M|src/cmd/go/internal/modload/query_test.go
1759459928|Ian Alexander|M|src/cmd/go/internal/toolchain/select.go
1759856232|Ian Alexander|M|src/cmd/go/internal/load/flag.go
1759856232|Ian Alexander|M|src/cmd/go/internal/load/flag_test.go
1759856232|Ian Alexander|M|src/cmd/go/internal/load/pkg.go
1759856232|Ian Alexander|M|src/cmd/go/internal/load/search.go
1759856232|Ian Alexander|M|src/cmd/go/internal/load/test.go
1759856232|Ian Alexander|M|src/cmd/go/internal/test/test.go
1759856232|Ian Alexander|M|src/cmd/go/internal/work/action.go
1761068355|Joe Tsai|M|src/encoding/json/v2/arshal.go
1761068355|Joe Tsai|M|src/encoding/json/v2/arshal_any.go
1761068355|Joe Tsai|M|src/encoding/json/v2/arshal_default.go
1761068355|Joe Tsai|M|src/encoding/json/v2/arshal_inlined.go
1760983478|Roland Shoemaker|M|src/crypto/x509/verify.go
1760555855|Junyang Shao|M|src/simd/_gen/simdgen/xed.go
1760037167|David Chase|M|src/cmd/compile/internal/ssa/compile.go
1760037167|David Chase|A|src/cmd/compile/internal/ssa/rewritetern.go
1760037167|David Chase|A|src/cmd/compile/internal/ssa/tern_helpers.go
1760037167|David Chase|M|src/simd/genfiles.go
1760037167|David Chase|M|src/simd/internal/simd_test/simd_test.go
1760037167|David Chase|M|test/simd.go
1761328548|Joe Tsai|M|src/encoding/json/jsontext/state.go
1761328548|Joe Tsai|M|src/encoding/json/v2/errors.go
1761328548|Joe Tsai|M|src/encoding/json/v2/example_test.go
1761337635|Cherry Mui|M|src/debug/pe/file_test.go
1759433470|Ian Alexander|M|src/cmd/go/internal/modload/buildlist.go
1759433470|Ian Alexander|M|src/cmd/go/internal/modload/edit.go
1759433470|Ian Alexander|M|src/cmd/go/internal/modload/mvs.go
1759967811|Ian Alexander|M|src/cmd/go/internal/bug/bug.go
1759968234|Ian Alexander|M|src/cmd/go/internal/modcmd/download.go
1759968234|Ian Alexander|M|src/cmd/go/internal/modcmd/edit.go
1759968234|Ian Alexander|M|src/cmd/go/internal/modcmd/graph.go
1759968234|Ian Alexander|M|src/cmd/go/internal/modcmd/init.go
1759968234|Ian Alexander|M|src/cmd/go/internal/modcmd/tidy.go
1759968234|Ian Alexander|M|src/cmd/go/internal/modcmd/vendor.go
1759968234|Ian Alexander|M|src/cmd/go/internal/modcmd/verify.go
1759968234|Ian Alexander|M|src/cmd/go/internal/modcmd/why.go
1759969319|Ian Alexander|M|src/cmd/go/internal/test/test.go
1759969584|Ian Alexander|M|src/cmd/go/internal/workcmd/edit.go
1759969584|Ian Alexander|M|src/cmd/go/internal/workcmd/init.go
1759969584|Ian Alexander|M|src/cmd/go/internal/workcmd/sync.go
1759969584|Ian Alexander|M|src/cmd/go/internal/workcmd/use.go
1759969584|Ian Alexander|M|src/cmd/go/internal/workcmd/vendor.go
1760058335|Ian Alexander|M|src/cmd/go/internal/envcmd/env.go
1761209278|Jorropo|M|src/runtime/os_linux_futex32.go
1761209278|Jorropo|M|src/runtime/os_linux_futex64.go
1761209278|Jorropo|M|src/runtime/os_linux_settime32.go
1761209278|Jorropo|M|src/runtime/os_linux_settime64.go
1760062138|Ian Alexander|M|src/cmd/go/internal/work/build.go
1759965779|Ian Alexander|D|src/cmd/go/internal/rf-cleanup.zsh
1761324757|Ian Alexander|M|src/cmd/go/internal/modget/get.go
1761324757|Ian Alexander|M|src/cmd/go/internal/modload/query.go
1759487761|Meng Zhuo|M|src/internal/chacha8rand/chacha8.go
1759487761|Meng Zhuo|A|src/internal/chacha8rand/chacha8_riscv64.s
1759487761|Meng Zhuo|M|src/internal/chacha8rand/chacha8_stub.s
1761367785|thepudds|M|src/internal/buildcfg/exp.go
1761367785|thepudds|A|src/internal/goexperiment/exp_runtimefree_off.go
1761367785|thepudds|A|src/internal/goexperiment/exp_runtimefree_on.go
1761367785|thepudds|M|src/internal/goexperiment/flags.go
1761338498|Ian Alexander|M|src/cmd/go/internal/workcmd/init.go
1761338498|Ian Alexander|M|src/cmd/go/internal/workcmd/use.go
1761343075|Ian Lance Taylor|M|src/runtime/cgocheck.go
1761156249|Mark Freeman|M|src/cmd/compile/internal/types2/named.go
1761156249|Mark Freeman|M|src/go/types/named.go
1761251128|Mark Freeman|M|src/cmd/compile/internal/types2/named.go
1761251128|Mark Freeman|M|src/go/types/named.go
1759354958|Ian Alexander|M|src/cmd/go/internal/toolchain/select.go
1761582894|Ian Alexander|M|src/cmd/compile/internal/ssa/stmtlines_test.go
1760101161|Ian Alexander|M|src/cmd/go/internal/modload/init.go
1761558440|Cuong Manh Le|M|src/runtime/vdso_freebsd.go
1761399242|Jorropo|M|src/cmd/compile/internal/ssa/prove.go
1741595259|Jorropo|M|src/cmd/compile/internal/ssa/_gen/generic.rules
1741595259|Jorropo|M|src/cmd/compile/internal/ssa/rewritegeneric.go
1761377127|Jorropo|M|src/cmd/compile/internal/ssa/prove.go
1761377127|Jorropo|M|test/prove.go
1761596251|Michael Pratt|M|src/internal/runtime/gc/scan/scan_test.go
1761490431|Jorropo|M|src/cmd/compile/internal/ssa/prove.go
1761566741|Jorropo|M|src/cmd/compile/internal/ssa/_gen/generic.rules
1761566741|Jorropo|M|src/cmd/compile/internal/ssa/rewritegeneric.go
1761566741|Jorropo|M|test/codegen/condmove.go
1761490213|Jorropo|M|src/cmd/compile/internal/ssa/branchelim.go
1761490213|Jorropo|M|src/cmd/compile/internal/ssa/config.go
1761252480|Mark Freeman|M|src/cmd/compile/internal/types2/named.go
1761252480|Mark Freeman|M|src/go/types/named.go
1761593232|Damien Neil|M|src/errors/wrap.go
1761648297|Filippo Valsorda|M|src/crypto/internal/fips140test/entropy_test.go
1761644898|Jorropo|M|src/cmd/compile/internal/ssa/_gen/LOONG64.rules
1761644898|Jorropo|M|src/cmd/compile/internal/ssa/rewriteLOONG64.go
1761671268|Keith Randall|M|src/cmd/compile/internal/ssa/_gen/generic.rules
1761671268|Keith Randall|M|src/cmd/compile/internal/ssa/rewrite.go
1761671268|Keith Randall|M|src/cmd/compile/internal/ssa/rewritegeneric.go
1761593658|Michael Pratt|M|src/internal/runtime/gc/scan/scan_amd64.s
1761702873|Russ Cox|M|src/cmd/internal/objabi/pkgspecial.go
1761702873|Russ Cox|M|src/go/build/deps_test.go
1761702873|Russ Cox|M|src/internal/coverage/pkid.go
1761702873|Russ Cox|D|src/internal/itoa/itoa.go
1761702873|Russ Cox|D|src/internal/itoa/itoa_test.go
1761702873|Russ Cox|M|src/internal/poll/fd_io_plan9.go
1761702873|Russ Cox|M|src/internal/poll/fd_unix.go
1761702873|Russ Cox|M|src/internal/runtime/cgroup/cgroup_linux.go
1761702873|Russ Cox|D|src/internal/runtime/strconv/atoi.go
1761702873|Russ Cox|D|src/internal/runtime/strconv/atoi_test.go
1761702873|Russ Cox|M|src/net/dnsclient.go
1761702873|Russ Cox|M|src/net/dnsclient_unix.go
1761702873|Russ Cox|M|src/net/interface.go
1761702873|Russ Cox|M|src/net/interface_plan9.go
1761702873|Russ Cox|M|src/net/ip.go
1761702873|Russ Cox|M|src/net/ipsock_plan9.go
1761702873|Russ Cox|M|src/net/lookup_plan9.go
1761702873|Russ Cox|M|src/net/netip/netip.go
1761702873|Russ Cox|M|src/net/tcpsock.go
1761702873|Russ Cox|M|src/net/tcpsockopt_plan9.go
1761702873|Russ Cox|M|src/net/udpsock.go
1761702873|Russ Cox|M|src/os/exec_plan9.go
1761702873|Russ Cox|M|src/os/exec_posix.go
1761702873|Russ Cox|M|src/os/executable_plan9.go
1761702873|Russ Cox|M|src/os/signal/signal_plan9_test.go
1761702873|Russ Cox|M|src/os/tempfile.go
1761702873|Russ Cox|M|src/reflect/value.go
1761702873|Russ Cox|M|src/runtime/mgcpacer.go
1761702873|Russ Cox|M|src/runtime/os_linux.go
1761702873|Russ Cox|M|src/runtime/proc.go
1761702873|Russ Cox|M|src/runtime/runtime1.go
1761702873|Russ Cox|M|src/runtime/string.go
1761702873|Russ Cox|M|src/syscall/exec_linux.go
1761702873|Russ Cox|M|src/syscall/exec_plan9.go
1761702873|Russ Cox|M|src/syscall/syscall_js.go
1761702873|Russ Cox|M|src/syscall/syscall_linux.go
1761702873|Russ Cox|M|src/syscall/syscall_unix.go
1761702873|Russ Cox|M|src/syscall/syscall_wasip1.go
1761702873|Russ Cox|M|src/syscall/syscall_windows.go
1761702873|Russ Cox|M|src/time/zoneinfo_js.go
1759923788|Filippo Valsorda|M|src/crypto/internal/fips140/bigmod/nat.go
1761672776|David Chase|M|src/cmd/compile/internal/inline/inl.go
1761672776|David Chase|A|test/simd_inline.go
1761186171|Russ Cox|M|src/cmd/compile/internal/ssa/_gen/dec.rules
1761186171|Russ Cox|M|src/cmd/compile/internal/ssa/_gen/dec64.rules
1761186171|Russ Cox|A|src/cmd/compile/internal/ssa/_gen/divisible.rules
1761186171|Russ Cox|A|src/cmd/compile/internal/ssa/_gen/divisibleOps.go
1761186171|Russ Cox|A|src/cmd/compile/internal/ssa/_gen/divmod.rules
1761186171|Russ Cox|A|src/cmd/compile/internal/ssa/_gen/divmodOps.go
1761186171|Russ Cox|M|src/cmd/compile/internal/ssa/_gen/generic.rules
1761186171|Russ Cox|M|src/cmd/compile/internal/ssa/compile.go
1761186171|Russ Cox|M|src/cmd/compile/internal/ssa/decompose.go
1761186171|Russ Cox|M|src/cmd/compile/internal/ssa/expand_calls.go
1761186171|Russ Cox|M|src/cmd/compile/internal/ssa/opt.go
1761186171|Russ Cox|M|src/cmd/compile/internal/ssa/prove.go
1761186171|Russ Cox|M|src/cmd/compile/internal/ssa/rewrite.go
1761186171|Russ Cox|M|src/cmd/compile/internal/ssa/rewritedec64.go
1761186171|Russ Cox|A|src/cmd/compile/internal/ssa/rewritedivisible.go
1761186171|Russ Cox|A|src/cmd/compile/internal/ssa/rewritedivmod.go
1761186171|Russ Cox|M|src/cmd/compile/internal/ssa/rewritegeneric.go
1761186171|Russ Cox|M|src/cmd/compile/internal/ssa/softfloat.go
1761186171|Russ Cox|M|src/cmd/compile/internal/test/testdata/arith_test.go
1761186171|Russ Cox|M|test/checkbce.go
1761186171|Russ Cox|M|test/codegen/arithmetic.go
1761186171|Russ Cox|A|test/codegen/divmod.go
1761186171|Russ Cox|M|test/prove.go
1761186171|Russ Cox|M|test/prove_constant_folding.go
1761186171|Russ Cox|M|test/prove_invert_loop_with_unused_iterators.go
1761776534|Robert Griesemer|M|src/cmd/compile/internal/types2/call.go
1761776534|Robert Griesemer|M|src/go/types/call.go
1761776534|Robert Griesemer|A|src/internal/types/testdata/fixedbugs/issue76103.go
1761608499|Russ Cox|M|src/cmd/compile/internal/arm/ssa.go
1761608499|Russ Cox|M|src/cmd/compile/internal/ssa/_gen/386.rules
1761608499|Russ Cox|M|src/cmd/compile/internal/ssa/_gen/386Ops.go
1761608499|Russ Cox|M|src/cmd/compile/internal/ssa/_gen/ARM.rules
1761608499|Russ Cox|M|src/cmd/compile/internal/ssa/_gen/ARMOps.go
1761608499|Russ Cox|M|src/cmd/compile/internal/ssa/_gen/MIPS.rules
1761608499|Russ Cox|M|src/cmd/compile/internal/ssa/_gen/dec64.rules
1761608499|Russ Cox|M|src/cmd/compile/internal/ssa/_gen/divmod.rules
1761608499|Russ Cox|M|src/cmd/compile/internal/ssa/_gen/generic.rules
1761608499|Russ Cox|M|src/cmd/compile/internal/ssa/_gen/genericOps.go
1761608499|Russ Cox|M|src/cmd/compile/internal/ssa/_gen/rulegen.go
1761608499|Russ Cox|M|src/cmd/compile/internal/ssa/opGen.go
1761608499|Russ Cox|M|src/cmd/compile/internal/ssa/rewrite386.go
1761608499|Russ Cox|M|src/cmd/compile/internal/ssa/rewriteARM.go
1761608499|Russ Cox|M|src/cmd/compile/internal/ssa/rewriteMIPS.go
1761608499|Russ Cox|M|src/cmd/compile/internal/ssa/rewritedec64.go
1761608499|Russ Cox|M|src/cmd/compile/internal/ssa/rewritedivmod.go
1761608499|Russ Cox|M|src/cmd/compile/internal/ssa/rewritegeneric.go
1761608499|Russ Cox|M|src/cmd/compile/internal/ssagen/intrinsics.go
1761608499|Russ Cox|M|src/cmd/compile/internal/ssagen/intrinsics_test.go
1761608499|Russ Cox|M|src/cmd/compile/internal/walk/expr.go
1761608499|Russ Cox|M|src/cmd/compile/internal/x86/ssa.go
1761608499|Russ Cox|M|test/codegen/divmod.go
1761832004|Alexander F. Rødseth|M|src/go/token/position.go
1761367312|Ian Lance Taylor|M|src/reflect/type.go
1761759472|Russ Cox|M|src/runtime/defs1_netbsd_386.go
1761759472|Russ Cox|M|src/runtime/defs1_netbsd_arm.go
1761759472|Russ Cox|M|src/runtime/defs_freebsd_386.go
1761759472|Russ Cox|M|src/runtime/defs_freebsd_arm.go
1761759472|Russ Cox|M|src/runtime/defs_linux_386.go
1761759472|Russ Cox|M|src/runtime/defs_linux_arm.go
1761759472|Russ Cox|M|src/runtime/defs_linux_mipsx.go
1761759472|Russ Cox|M|src/runtime/defs_openbsd_386.go
1761759472|Russ Cox|M|src/runtime/defs_openbsd_arm.go
1761759472|Russ Cox|M|src/runtime/export_test.go
1761759472|Russ Cox|M|src/runtime/os_dragonfly.go
1761759472|Russ Cox|M|src/runtime/os_plan9.go
1761759472|Russ Cox|M|src/runtime/os_windows.go
1761759472|Russ Cox|M|src/runtime/runtime1.go
1761759472|Russ Cox|M|src/runtime/runtime_test.go
1738525839|Michael Anthony Knyszek|M|src/runtime/crash_test.go
1738525839|Michael Anthony Knyszek|M|src/runtime/heapdump.go
1738525839|Michael Anthony Knyszek|M|src/runtime/metrics.go
1738525839|Michael Anthony Knyszek|M|src/runtime/mprof.go
1738525839|Michael Anthony Knyszek|M|src/runtime/mstats.go
1738525839|Michael Anthony Knyszek|M|src/runtime/os_windows.go
1738525839|Michael Anthony Knyszek|M|src/runtime/preempt.go
1738525839|Michael Anthony Knyszek|M|src/runtime/proc.go
1738525839|Michael Anthony Knyszek|M|src/runtime/runtime2.go
1738525839|Michael Anthony Knyszek|M|src/runtime/traceevent.go
1738525839|Michael Anthony Knyszek|M|src/runtime/traceruntime.go
1738525839|Michael Anthony Knyszek|M|src/runtime/tracestatus.go
1738601627|Michael Anthony Knyszek|M|src/runtime/proc.go
1753835800|Michael Anthony Knyszek|M|src/runtime/crash_test.go
1753835800|Michael Anthony Knyszek|M|src/runtime/proc.go
1742599430|Sean Liao|M|src/cmd/go/alldocs.go
1742599430|Sean Liao|M|src/cmd/go/internal/help/helpdoc.go
1756062906|David Finkel|M|src/cmd/go/internal/modfetch/codehost/git_test.go
1756062906|David Finkel|M|src/cmd/go/internal/vcweb/script.go
1756062906|David Finkel|M|src/cmd/go/scriptconds_test.go
1756062906|David Finkel|M|src/cmd/go/testdata/script/README
1756062906|David Finkel|M|src/cmd/go/testdata/script/build_git_sha256_go_get_branch.txt
1756062906|David Finkel|M|src/cmd/go/testdata/script/build_git_sha256_moddep.txt
1756062906|David Finkel|M|src/cmd/go/testdata/script/mod_download_git_bareRepository_sha256.txt
1756062906|David Finkel|M|src/cmd/go/testdata/vcstest/git/gitrepo-sha256.txt
1756062906|David Finkel|M|src/cmd/internal/script/engine.go
1761878726|Youlin Feng|M|src/cmd/compile/internal/ssagen/ssa.go
1761878726|Youlin Feng|M|src/runtime/heapdump.go
1761878726|Youlin Feng|M|src/runtime/panic.go
1761878726|Youlin Feng|M|src/runtime/runtime2.go
1762082911|Maxim Merzhanov|M|src/internal/profile/proto.go
1761364170|Youlin Feng|M|src/runtime/panic.go
1761584612|Ian Alexander|M|src/cmd/go/internal/modget/get.go
1761584612|Ian Alexander|M|src/cmd/go/internal/modload/import.go
1761584612|Ian Alexander|M|src/cmd/go/internal/modload/import_test.go
1761584612|Ian Alexander|M|src/cmd/go/internal/modload/init.go
1761584612|Ian Alexander|M|src/cmd/go/internal/modload/load.go
1761584612|Ian Alexander|M|src/cmd/go/internal/run/run.go
1761584612|Ian Alexander|M|src/cmd/go/internal/work/build.go
1760563153|Michael Anthony Knyszek|M|src/internal/runtime/cgobench/bench_test.go
1760563153|Michael Anthony Knyszek|M|src/internal/runtime/cgobench/funcs.go
1761997479|Alexander Musman|M|src/cmd/asm/internal/asm/testdata/arm64.s
1761997479|Alexander Musman|M|src/cmd/internal/obj/arm64/asm7.go
1757354061|Mateusz Poliwczak|M|src/cmd/go/internal/modload/init.go
1757354061|Mateusz Poliwczak|A|src/cmd/go/testdata/script/mod_removed_godebug.txt
1757354061|Mateusz Poliwczak|M|src/internal/godebugs/godebugs_test.go
1757354061|Mateusz Poliwczak|M|src/internal/godebugs/table.go
1762208976|Michael Anthony Knyszek|M|src/runtime/proc.go
1762202126|Russ Cox|M|src/internal/strconv/itoa.go
1762202126|Russ Cox|M|src/runtime/print.go
1761822481|Guoqi Chen|M|src/cmd/asm/internal/asm/testdata/loong64enc1.s
1761822481|Guoqi Chen|M|src/cmd/internal/obj/loong64/asm.go
1761822481|Guoqi Chen|M|src/cmd/internal/obj/loong64/doc.go
1762095599|Russ Cox|M|src/internal/strconv/fp_test.go
1762095599|Russ Cox|M|src/internal/strconv/ftoa_test.go
1761578148|Roland Shoemaker|M|src/encoding/pem/pem.go
1762225788|Russ Cox|M|src/cmd/compile/internal/ssa/_gen/Wasm.rules
1762225788|Russ Cox|M|src/cmd/compile/internal/ssa/_gen/divmod.rules
1762225788|Russ Cox|M|src/cmd/compile/internal/ssa/config.go
1762225788|Russ Cox|M|src/cmd/compile/internal/ssa/rewriteWasm.go
1762225788|Russ Cox|M|src/cmd/compile/internal/ssa/rewritedivmod.go
1762225788|Russ Cox|M|src/cmd/compile/internal/ssagen/intrinsics.go
1762225788|Russ Cox|M|src/cmd/compile/internal/ssagen/intrinsics_test.go
1762225788|Russ Cox|M|test/codegen/divmod.go
1762058093|Ian Lance Taylor|M|src/cmd/cgo/ast.go
1762058093|Ian Lance Taylor|D|src/cmd/cgo/ast_go1.go
1762058093|Ian Lance Taylor|D|src/cmd/cgo/ast_go118.go
1762195645|Jes Cok|M|src/runtime/pinner.go
1762183746|qmuntal|M|src/internal/syscall/windows/syscall_windows.go
1762183746|qmuntal|M|src/internal/syscall/windows/zsyscall_windows.go
1761629833|Ian Lance Taylor|M|src/cmd/link/internal/sym/symkind.go
1761683753|Ian Lance Taylor|M|src/cmd/link/internal/ld/data.go
1762120462|Ian Lance Taylor|M|src/cmd/internal/objfile/elf.go
1762120462|Ian Lance Taylor|M|src/cmd/internal/objfile/goobj.go
1762120462|Ian Lance Taylor|M|src/cmd/internal/objfile/macho.go
1762120462|Ian Lance Taylor|M|src/cmd/internal/objfile/objfile.go
1762120462|Ian Lance Taylor|M|src/cmd/internal/objfile/pe.go
1762120462|Ian Lance Taylor|M|src/cmd/internal/objfile/plan9obj.go
1762120462|Ian Lance Taylor|M|src/cmd/internal/objfile/xcoff.go
1762120462|Ian Lance Taylor|M|src/cmd/link/internal/ld/data.go
1762120462|Ian Lance Taylor|M|src/cmd/link/internal/ld/elf.go
1762120462|Ian Lance Taylor|M|src/cmd/link/internal/ld/macho_test.go
1762120462|Ian Lance Taylor|M|src/cmd/link/internal/ld/symtab.go
1762120462|Ian Lance Taylor|M|src/cmd/link/internal/sym/symkind.go
1762120462|Ian Lance Taylor|M|src/cmd/link/internal/sym/symkind_string.go
1762120462|Ian Lance Taylor|M|src/cmd/link/internal/wasm/asm.go
1762120462|Ian Lance Taylor|M|src/debug/gosym/symtab.go
1761824202|qmuntal|M|src/internal/syscall/windows/at_windows.go
1761824202|qmuntal|M|src/os/os_windows_test.go
1761824202|qmuntal|M|src/os/root_windows_test.go
1761824202|qmuntal|M|src/syscall/syscall_windows.go
1761824202|qmuntal|M|src/syscall/types_windows.go
1762369545|Russ Cox|M|src/cmd/go/testdata/script/tool_build_as_needed.txt
1762368164|Russ Cox|M|src/cmd/go/go_test.go
1762371995|Russ Cox|M|src/cmd/go/internal/vcweb/hg.go
1761143598|qmuntal|A|src/cmd/cgo/internal/test/cgo_darwin_test.go
1761143598|qmuntal|A|src/cmd/cgo/internal/test/issue76023.go
1761143598|qmuntal|M|src/cmd/link/internal/ld/macho.go
1761143598|qmuntal|M|src/cmd/link/internal/loader/loader.go
1761143598|qmuntal|M|src/cmd/link/internal/loadmacho/ldmacho.go
1761824845|Guoqi Chen|M|src/internal/chacha8rand/chacha8_loong64.s
1761903939|Guoqi Chen|M|src/cmd/asm/internal/asm/testdata/loong64enc1.s
1761903939|Guoqi Chen|M|src/cmd/internal/obj/loong64/a.out.go
1761903939|Guoqi Chen|M|src/cmd/internal/obj/loong64/anames.go
1761903939|Guoqi Chen|M|src/cmd/internal/obj/loong64/asm.go
1762406326|Bob Glickstein|M|src/iter/iter.go
1762430353|Jes Cok|M|src/runtime/mem.go
1726575020|qiulaidongfeng|M|src/runtime/panic.go
1726575020|qiulaidongfeng|M|src/runtime/panic_test.go
1726575020|qiulaidongfeng|M|src/runtime/testdata/testprog/panicprint.go
1762374263|Russ Cox|M|src/cmd/go/testdata/script/reuse_git.txt
1762439997|Russ Cox|M|src/cmd/go/internal/modfetch/codehost/git_test.go
1762439997|Russ Cox|M|src/cmd/go/testdata/vcstest/hg/hgrepo1.txt
1757714402|Ian Alexander|M|src/cmd/go/internal/modfetch/fetch.go
1762513088|Jes Cok|M|src/runtime/mcache.go
1762298116|Keith Randall|M|src/cmd/asm/internal/asm/testdata/arm64.s
1762298116|Keith Randall|M|src/cmd/internal/obj/arm64/asm7.go
1762298116|Keith Randall|M|src/cmd/internal/obj/arm64/asm_arm64_test.go
1762298116|Keith Randall|M|src/cmd/internal/obj/arm64/asm_arm64_test.s
1762440021|Nick Ripley|M|src/runtime/extern.go
1762288024|Junyang Shao|M|src/simd/_gen/simdgen/gen_simdTypes.go
1762288024|Junyang Shao|M|src/simd/_gen/simdgen/godefs.go
1762288024|Junyang Shao|M|src/simd/ops_amd64.go
1762288024|Junyang Shao|A|src/simd/ops_internal_amd64.go
1762292766|Junyang Shao|M|src/cmd/compile/internal/amd64/simdssa.go
1762292766|Junyang Shao|M|src/cmd/compile/internal/ssa/_gen/AMD64.rules
1762292766|Junyang Shao|M|src/cmd/compile/internal/ssa/_gen/simdAMD64.rules
1762292766|Junyang Shao|M|src/cmd/compile/internal/ssa/rewriteAMD64.go
1762292766|Junyang Shao|M|src/simd/_gen/simdgen/gen_simdrules.go
1762292766|Junyang Shao|M|src/simd/_gen/simdgen/gen_simdssa.go
1762292766|Junyang Shao|M|test/codegen/simd.go
1761946646|Michael Pratt|M|src/internal/trace/testtrace/helpers.go
1761946646|Michael Pratt|A|src/internal/trace/testtrace/helpers_test.go
1762559414|Robert Griesemer|M|src/cmd/compile/internal/types2/builtins.go
1762559414|Robert Griesemer|M|src/go/types/builtins.go
1762559414|Robert Griesemer|A|src/internal/types/testdata/fixedbugs/issue76220.go
1755631659|Russ Cox|A|lib/hg/goreposum.py
1755631659|Russ Cox|M|src/cmd/go/internal/modfetch/cache.go
1755631659|Russ Cox|M|src/cmd/go/internal/modfetch/codehost/codehost.go
1755631659|Russ Cox|M|src/cmd/go/internal/modfetch/codehost/git_test.go
1755631659|Russ Cox|M|src/cmd/go/internal/modfetch/codehost/vcs.go
1755631659|Russ Cox|M|src/cmd/go/internal/modfetch/coderepo.go
1755631659|Russ Cox|M|src/cmd/go/internal/modload/build.go
1755631659|Russ Cox|M|src/cmd/go/internal/vcweb/vcweb.go
1755631659|Russ Cox|M|src/cmd/go/testdata/script/reuse_git.txt
1755631659|Russ Cox|M|src/cmd/go/testdata/script/reuse_hg.txt
1755631659|Russ Cox|M|src/cmd/go/testdata/vcstest/hg/prefixtagtests.txt
1755631659|Russ Cox|M|src/cmd/go/testdata/vcstest/hg/tagtests.txt
1762455325|Russ Cox|M|src/cmd/go/internal/modfetch/codehost/git.go
1762455325|Russ Cox|M|src/cmd/go/internal/modfetch/codehost/vcs.go
1762455325|Russ Cox|M|src/cmd/go/testdata/script/mod_get_pseudo.txt
1762455325|Russ Cox|A|src/cmd/go/testdata/script/mod_get_pseudo_hg.txt
1762455325|Russ Cox|M|src/cmd/go/testdata/script/reuse_hg.txt
1762455325|Russ Cox|A|src/cmd/go/testdata/vcstest/git/legacytest.txt
1762455325|Russ Cox|A|src/cmd/go/testdata/vcstest/hg/legacytest.txt
1761076176|Michael Pratt|M|src/runtime/export_test.go
1761076176|Michael Pratt|A|src/runtime/list.go
1761076176|Michael Pratt|A|src/runtime/list_manual.go
1761076176|Michael Pratt|A|src/runtime/list_manual_test.go
1761076176|Michael Pratt|A|src/runtime/list_test.go
1761332061|Michael Pratt|M|src/runtime/proc.go
1761332061|Michael Pratt|M|src/runtime/runtime2.go
1762890502|Alan Donovan|M|src/cmd/asm/internal/asm/endtoend_test.go
1762890502|Alan Donovan|M|src/cmd/asm/internal/asm/parse.go
1762890502|Alan Donovan|M|src/cmd/asm/internal/lex/input.go
1762890502|Alan Donovan|M|src/cmd/asm/main.go
1762890502|Alan Donovan|M|src/cmd/cgo/ast.go
1762890502|Alan Donovan|M|src/cmd/cgo/gcc.go
1762890502|Alan Donovan|M|src/cmd/cgo/godefs.go
1762890502|Alan Donovan|M|src/cmd/cgo/internal/testplugin/plugin_test.go
1762890502|Alan Donovan|M|src/cmd/cgo/main.go
1762890502|Alan Donovan|M|src/cmd/cgo/out.go
1762890502|Alan Donovan|M|src/cmd/cgo/util.go
1762890502|Alan Donovan|M|src/cmd/compile/internal/abt/avlint32.go
1762890502|Alan Donovan|M|src/cmd/compile/internal/abt/avlint32_test.go
1762890502|Alan Donovan|M|src/cmd/compile/internal/base/print.go
1762890502|Alan Donovan|M|src/cmd/compile/internal/base/timings.go
1762890502|Alan Donovan|M|src/cmd/compile/internal/ir/dump.go
1762890502|Alan Donovan|M|src/cmd/compile/internal/ir/func.go
1762890502|Alan Donovan|M|src/cmd/compile/internal/ir/name.go
1762890502|Alan Donovan|M|src/cmd/compile/internal/ir/sizeof_test.go
1762890502|Alan Donovan|M|src/cmd/compile/internal/logopt/log_opts.go
1762890502|Alan Donovan|M|src/cmd/compile/internal/loopvar/loopvar.go
1762890502|Alan Donovan|M|src/cmd/compile/internal/noder/writer.go
1762890502|Alan Donovan|M|src/cmd/compile/internal/ssa/block.go
1762890502|Alan Donovan|M|src/cmd/compile/internal/ssa/cache.go
1762890502|Alan Donovan|M|src/cmd/compile/internal/ssa/config.go
1762890502|Alan Donovan|M|src/cmd/compile/internal/ssa/copyelim_test.go
1762890502|Alan Donovan|M|src/cmd/compile/internal/ssa/debug.go
1762890502|Alan Donovan|M|src/cmd/compile/internal/ssa/expand_calls.go
1762890502|Alan Donovan|M|src/cmd/compile/internal/ssa/export_test.go
1762890502|Alan Donovan|M|src/cmd/compile/internal/ssa/func.go
1762890502|Alan Donovan|M|src/cmd/compile/internal/ssa/func_test.go
1762890502|Alan Donovan|M|src/cmd/compile/internal/ssa/html.go
1762890502|Alan Donovan|M|src/cmd/compile/internal/ssa/schedule.go
1762890502|Alan Donovan|M|src/cmd/compile/internal/ssa/sizeof_test.go
1762890502|Alan Donovan|M|src/cmd/compile/internal/ssa/value.go
1762890502|Alan Donovan|M|src/cmd/compile/internal/ssagen/phi.go
1762890502|Alan Donovan|M|src/cmd/compile/internal/ssagen/ssa.go
1762890502|Alan Donovan|M|src/cmd/compile/internal/syntax/branches.go
1762890502|Alan Donovan|M|src/cmd/compile/internal/syntax/dumper.go
1762890502|Alan Donovan|M|src/cmd/compile/internal/syntax/printer.go
1762890502|Alan Donovan|M|src/cmd/compile/internal/syntax/scanner.go
1762890502|Alan Donovan|M|src/cmd/compile/internal/syntax/syntax.go
1762890502|Alan Donovan|M|src/cmd/compile/internal/test/fixedbugs_test.go
1762890502|Alan Donovan|M|src/cmd/compile/internal/test/iface_test.go
1762890502|Alan Donovan|M|src/cmd/compile/internal/test/shift_test.go
1762890502|Alan Donovan|M|src/cmd/compile/internal/typecheck/typecheck.go
1762890502|Alan Donovan|M|src/cmd/compile/internal/types/fmt.go
1762890502|Alan Donovan|M|src/cmd/compile/internal/types/sizeof_test.go
1762890502|Alan Donovan|M|src/cmd/compile/internal/types/type.go
1762890502|Alan Donovan|M|src/cmd/compile/internal/types2/check.go
1762890502|Alan Donovan|M|src/cmd/compile/internal/types2/errors.go
1762890502|Alan Donovan|M|src/cmd/compile/internal/types2/expr.go
1762890502|Alan Donovan|M|src/cmd/compile/internal/types2/hilbert_test.go
1762890502|Alan Donovan|M|src/cmd/compile/internal/types2/sizeof_test.go
1762890502|Alan Donovan|M|src/cmd/compile/internal/types2/stdlib_test.go
1762890502|Alan Donovan|M|src/cmd/compile/internal/types2/stmt.go
1762890502|Alan Donovan|M|src/cmd/compile/internal/types2/unify.go
1762890502|Alan Donovan|M|src/cmd/compile/internal/types2/version.go
1762890502|Alan Donovan|M|src/cmd/covdata/covdata.go
1762890502|Alan Donovan|M|src/cmd/dist/test.go
1762890502|Alan Donovan|M|src/cmd/dist/util.go
1762890502|Alan Donovan|M|src/cmd/go/internal/modload/import.go
1762890502|Alan Donovan|M|src/cmd/internal/cov/readcovdata.go
1762890502|Alan Donovan|M|src/cmd/internal/dwarf/dwarf.go
1762890502|Alan Donovan|M|src/cmd/internal/macho/macho.go
1762890502|Alan Donovan|M|src/cmd/internal/obj/dwarf.go
1762890502|Alan Donovan|M|src/cmd/internal/obj/link.go
1762890502|Alan Donovan|M|src/cmd/internal/obj/loong64/asm.go
1762890502|Alan Donovan|M|src/cmd/internal/obj/pcln.go
1762890502|Alan Donovan|M|src/cmd/internal/obj/ppc64/asm_test.go
1762890502|Alan Donovan|M|src/cmd/internal/obj/sizeof_test.go
1762890502|Alan Donovan|M|src/cmd/internal/objabi/flag.go
1762890502|Alan Donovan|M|src/cmd/link/internal/ld/dwarf.go
1762890502|Alan Donovan|M|src/cmd/link/internal/ld/link.go
1762890502|Alan Donovan|M|src/cmd/link/internal/ld/macho_combine_dwarf.go
1762890502|Alan Donovan|M|src/cmd/link/internal/ld/util.go
1762890502|Alan Donovan|M|src/cmd/link/internal/ld/xcoff.go
1762890502|Alan Donovan|M|src/cmd/link/internal/loadelf/ldelf.go
1762890502|Alan Donovan|M|src/cmd/link/internal/loader/loader.go
1762890502|Alan Donovan|M|src/cmd/link/internal/loadmacho/ldmacho.go
1762890502|Alan Donovan|M|src/cmd/link/internal/loadxcoff/ldxcoff.go
1762890502|Alan Donovan|M|src/cmd/link/internal/sym/segment.go
1762890502|Alan Donovan|M|src/crypto/internal/cryptotest/methods.go
1762890502|Alan Donovan|M|src/crypto/internal/fips140/edwards25519/scalar_alias_test.go
1762890502|Alan Donovan|M|src/crypto/tls/fips140_test.go
1762890502|Alan Donovan|M|src/encoding/gob/encoder_test.go
1762890502|Alan Donovan|M|src/go/types/errors.go
1762890502|Alan Donovan|M|src/go/types/expr.go
1762890502|Alan Donovan|M|src/go/types/hilbert_test.go
1762890502|Alan Donovan|M|src/go/types/unify.go
1762890502|Alan Donovan|M|src/go/types/version.go
1762890502|Alan Donovan|M|src/internal/abi/funcpc.go
1762890502|Alan Donovan|M|src/internal/coverage/pods/pods.go
1762890502|Alan Donovan|M|src/internal/singleflight/singleflight_test.go
1762890502|Alan Donovan|M|src/math/big/alias_test.go
1762890502|Alan Donovan|M|src/reflect/all_test.go
1762890502|Alan Donovan|M|src/reflect/type_test.go
1762890502|Alan Donovan|M|src/runtime/metrics_test.go
1762890502|Alan Donovan|M|src/runtime/pprof/pprof_test.go
1762809609|Julien Cretel|M|src/mime/grammar.go
1762809609|Julien Cretel|M|src/mime/mediatype_test.go
1762422808|Vlad Saioc|M|src/runtime/mprof.go
1762422808|Vlad Saioc|M|src/runtime/pprof/pprof.go
1762422808|Vlad Saioc|M|src/runtime/pprof/pprof_test.go
1762467602|Ian Lance Taylor|M|src/cmd/link/internal/ld/elf.go
1762367624|Daniel Morsing|M|src/cmd/compile/internal/ssa/stackalloc.go
1755990929|Michael Munday|M|src/cmd/compile/internal/ssa/_gen/RISCV64.rules
1755990929|Michael Munday|M|src/cmd/compile/internal/ssa/rewriteRISCV64.go
1755990929|Michael Munday|M|src/cmd/compile/internal/test/float_test.go
1755990929|Michael Munday|M|test/codegen/floats.go
1762403558|Ian Lance Taylor|M|src/cmd/compile/internal/reflectdata/reflect.go
1762088871|Filippo Valsorda|M|src/crypto/internal/fips140/sha3/hashes.go
1762971778|Michael Anthony Knyszek|M|src/cmd/go/internal/base/limit.go
1762971778|Michael Anthony Knyszek|M|src/cmd/go/internal/lockedfile/lockedfile.go
1757430960|Joel Sing|M|src/cmd/internal/obj/riscv/obj.go
1760399854|Robert Griesemer|M|doc/go_spec.html
1760399854|Robert Griesemer|A|src/internal/types/testdata/fixedbugs/issue75883.go
1761333299|Michael Pratt|M|src/internal/trace/testtrace/helpers.go
1761333299|Michael Pratt|M|src/runtime/proc.go
1761333299|Michael Pratt|M|src/runtime/proc_test.go
1761333299|Michael Pratt|M|src/runtime/runtime2.go
1761333299|Michael Pratt|A|src/runtime/testdata/testprog/stw_mexit.go
1761333299|Michael Pratt|A|src/runtime/testdata/testprog/stw_trace.go
1762887051|Ian Alexander|M|src/cmd/go/internal/modfetch/fetch.go
1762887051|Ian Alexander|M|src/cmd/go/internal/modfetch/repo.go
1762887051|Ian Alexander|M|src/cmd/go/internal/modload/init.go
1755111350|Mark Freeman|M|src/cmd/compile/internal/types2/decl.go
1755111350|Mark Freeman|M|src/cmd/compile/internal/types2/typexpr.go
1755111350|Mark Freeman|M|src/go/types/decl.go
1755111350|Mark Freeman|M|src/go/types/typexpr.go
1761595077|Mark Freeman|M|src/go/types/generate_test.go
1763062433|Russ Cox|M|src/cmd/go/testdata/script/mod_get_direct.txt
1763073405|Michael Anthony Knyszek|M|src/cmd/trace/procgen.go
1763073405|Michael Anthony Knyszek|M|src/cmd/trace/threadgen.go
1763073405|Michael Anthony Knyszek|M|src/internal/trace/traceviewer/format/format.go
1762887292|matloob@golang.org|M|src/cmd/go/internal/cache/hash.go
1762887292|matloob@golang.org|M|src/cmd/link/internal/ld/main.go
1762473650|Michael Munday|M|src/cmd/compile/internal/ssa/_gen/RISCV64.rules
1762473650|Michael Munday|M|src/cmd/compile/internal/ssa/rewriteRISCV64.go
1762998183|Aaron Chen|M|src/bytes/buffer.go
1762998183|Aaron Chen|M|src/bytes/buffer_test.go
1763033309|Mark Ryan|M|src/cmd/compile/internal/ssa/_gen/RISCV64.rules
1763033309|Mark Ryan|M|src/cmd/compile/internal/ssa/rewriteRISCV64.go
1763033309|Mark Ryan|M|src/cmd/compile/internal/test/testdata/arith_test.go
1760576300|Michael Anthony Knyszek|M|src/internal/runtime/cgobench/bench_test.go
1760576300|Michael Anthony Knyszek|M|src/internal/runtime/cgobench/funcs.go
1762539749|Michael Anthony Knyszek|M|src/runtime/mheap.go
1762539749|Michael Anthony Knyszek|M|src/weak/pointer_test.go
1763058563|Michael Anthony Knyszek|M|src/runtime/mcleanup.go
1763058563|Michael Anthony Knyszek|M|src/runtime/mgcmark.go
1763058563|Michael Anthony Knyszek|M|src/runtime/mheap.go
1763154683|Nicholas S. Husin|M|src/net/http/serve_test.go
1763154683|Nicholas S. Husin|M|src/net/http/server.go
1763154683|Nicholas S. Husin|M|src/net/http/transfer.go
1762998639|thepudds|M|src/internal/buildcfg/exp.go
1762998639|thepudds|D|src/internal/goexperiment/exp_runtimefree_off.go
1762998639|thepudds|D|src/internal/goexperiment/exp_runtimefree_on.go
1762998639|thepudds|A|src/internal/goexperiment/exp_runtimefreegc_off.go
1762998639|thepudds|A|src/internal/goexperiment/exp_runtimefreegc_on.go
1762998639|thepudds|M|src/internal/goexperiment/flags.go
1762206040|thepudds|M|src/runtime/export_test.go
1762206040|thepudds|M|src/runtime/malloc_test.go
1763084591|David Finkel|M|src/cmd/go/internal/vcweb/script.go
1763084591|David Finkel|M|src/cmd/go/scriptconds_test.go
1763084591|David Finkel|M|src/cmd/go/testdata/script/README
1763084591|David Finkel|M|src/cmd/go/testdata/script/build_git_sha256_go_get_branch.txt
1763084591|David Finkel|M|src/cmd/go/testdata/script/build_git_sha256_moddep.txt
1763084591|David Finkel|M|src/cmd/go/testdata/script/mod_download_git_bareRepository_sha256.txt
1763084591|David Finkel|M|src/cmd/go/testdata/vcstest/git/gitrepo-sha256.txt
1762891019|Alan Donovan|M|src/cmd/go.mod
1762891019|Alan Donovan|M|src/cmd/go.sum
1762891019|Alan Donovan|M|src/cmd/vendor/golang.org/x/mod/modfile/print.go
1762891019|Alan Donovan|M|src/cmd/vendor/golang.org/x/mod/modfile/read.go
1762891019|Alan Donovan|M|src/cmd/vendor/golang.org/x/mod/modfile/rule.go
1762891019|Alan Donovan|M|src/cmd/vendor/golang.org/x/mod/module/module.go
1762891019|Alan Donovan|M|src/cmd/vendor/golang.org/x/mod/semver/semver.go
1762891019|Alan Donovan|M|src/cmd/vendor/golang.org/x/mod/sumdb/cache.go
1762891019|Alan Donovan|M|src/cmd/vendor/golang.org/x/mod/sumdb/client.go
1762891019|Alan Donovan|M|src/cmd/vendor/golang.org/x/mod/sumdb/note/note.go
1762891019|Alan Donovan|M|src/cmd/vendor/golang.org/x/mod/sumdb/server.go
1762891019|Alan Donovan|M|src/cmd/vendor/golang.org/x/mod/sumdb/test.go
1762891019|Alan Donovan|M|src/cmd/vendor/golang.org/x/mod/sumdb/tlog/note.go
1762891019|Alan Donovan|M|src/cmd/vendor/golang.org/x/mod/sumdb/tlog/tlog.go
1762891019|Alan Donovan|M|src/cmd/vendor/golang.org/x/mod/zip/zip.go
1762891019|Alan Donovan|M|src/cmd/vendor/golang.org/x/sync/errgroup/errgroup.go
1762891019|Alan Donovan|M|src/cmd/vendor/golang.org/x/sys/unix/mkerrors.sh
1762891019|Alan Donovan|M|src/cmd/vendor/golang.org/x/sys/unix/syscall_linux.go
1762891019|Alan Donovan|M|src/cmd/vendor/golang.org/x/sys/unix/zerrors_linux.go
1762891019|Alan Donovan|M|src/cmd/vendor/golang.org/x/sys/unix/zsyscall_linux.go
1762891019|Alan Donovan|M|src/cmd/vendor/golang.org/x/sys/unix/ztypes_linux.go
1762891019|Alan Donovan|M|src/cmd/vendor/golang.org/x/sys/windows/syscall_windows.go
1762891019|Alan Donovan|M|src/cmd/vendor/golang.org/x/sys/windows/types_windows.go
1762891019|Alan Donovan|M|src/cmd/vendor/golang.org/x/sys/windows/zsyscall_windows.go
1762891019|Alan Donovan|A|src/cmd/vendor/golang.org/x/telemetry/codereview.cfg
1762891019|Alan Donovan|M|src/cmd/vendor/golang.org/x/tools/go/analysis/diagnostic.go
1762891019|Alan Donovan|M|src/cmd/vendor/golang.org/x/tools/go/analysis/internal/analysisflags/flags.go
1762891019|Alan Donovan|M|src/cmd/vendor/golang.org/x/tools/go/analysis/passes/appends/appends.go
1762891019|Alan Donovan|M|src/cmd/vendor/golang.org/x/tools/go/analysis/passes/asmdecl/asmdecl.go
1762891019|Alan Donovan|M|src/cmd/vendor/golang.org/x/tools/go/analysis/passes/assign/assign.go
1762891019|Alan Donovan|M|src/cmd/vendor/golang.org/x/tools/go/analysis/passes/atomic/atomic.go
1762891019|Alan Donovan|M|src/cmd/vendor/golang.org/x/tools/go/analysis/passes/buildtag/buildtag.go
1762891019|Alan Donovan|M|src/cmd/vendor/golang.org/x/tools/go/analysis/passes/cgocall/cgocall.go
1762891019|Alan Donovan|M|src/cmd/vendor/golang.org/x/tools/go/analysis/passes/copylock/copylock.go
1762891019|Alan Donovan|M|src/cmd/vendor/golang.org/x/tools/go/analysis/passes/ctrlflow/ctrlflow.go
1762891019|Alan Donovan|M|src/cmd/vendor/golang.org/x/tools/go/analysis/passes/defers/defers.go
1762891019|Alan Donovan|M|src/cmd/vendor/golang.org/x/tools/go/analysis/passes/directive/directive.go
1762891019|Alan Donovan|M|src/cmd/vendor/golang.org/x/tools/go/analysis/passes/errorsas/errorsas.go
1762891019|Alan Donovan|M|src/cmd/vendor/golang.org/x/tools/go/analysis/passes/framepointer/framepointer.go
1762891019|Alan Donovan|M|src/cmd/vendor/golang.org/x/tools/go/analysis/passes/hostport/hostport.go
1762891019|Alan Donovan|M|src/cmd/vendor/golang.org/x/tools/go/analysis/passes/ifaceassert/ifaceassert.go
1762891019|Alan Donovan|D|src/cmd/vendor/golang.org/x/tools/go/analysis/passes/inline/gofix.go
1762891019|Alan Donovan|A|src/cmd/vendor/golang.org/x/tools/go/analysis/passes/inline/inline.go
1762891019|Alan Donovan|M|src/cmd/vendor/golang.org/x/tools/go/analysis/passes/inspect/inspect.go
1762891019|Alan Donovan|A|src/cmd/vendor/golang.org/x/tools/go/analysis/passes/internal/ctrlflowinternal/ctrlflowinternal.go
1762891019|Alan Donovan|M|src/cmd/vendor/golang.org/x/tools/go/analysis/passes/loopclosure/loopclosure.go
1762891019|Alan Donovan|M|src/cmd/vendor/golang.org/x/tools/go/analysis/passes/lostcancel/lostcancel.go
1762891019|Alan Donovan|M|src/cmd/vendor/golang.org/x/tools/go/analysis/passes/modernize/any.go
1762891019|Alan Donovan|M|src/cmd/vendor/golang.org/x/tools/go/analysis/passes/modernize/bloop.go
1762891019|Alan Donovan|M|src/cmd/vendor/golang.org/x/tools/go/analysis/passes/modernize/doc.go
1762891019|Alan Donovan|M|src/cmd/vendor/golang.org/x/tools/go/analysis/passes/modernize/errorsastype.go
1762891019|Alan Donovan|M|src/cmd/vendor/golang.org/x/tools/go/analysis/passes/modernize/fmtappendf.go
1762891019|Alan Donovan|M|src/cmd/vendor/golang.org/x/tools/go/analysis/passes/modernize/forvar.go
1762891019|Alan Donovan|M|src/cmd/vendor/golang.org/x/tools/go/analysis/passes/modernize/maps.go
1762891019|Alan Donovan|M|src/cmd/vendor/golang.org/x/tools/go/analysis/passes/modernize/minmax.go
1762891019|Alan Donovan|M|src/cmd/vendor/golang.org/x/tools/go/analysis/passes/modernize/modernize.go
1762891019|Alan Donovan|M|src/cmd/vendor/golang.org/x/tools/go/analysis/passes/modernize/newexpr.go
1762891019|Alan Donovan|M|src/cmd/vendor/golang.org/x/tools/go/analysis/passes/modernize/omitzero.go
1762891019|Alan Donovan|M|src/cmd/vendor/golang.org/x/tools/go/analysis/passes/modernize/plusbuild.go
1762891019|Alan Donovan|M|src/cmd/vendor/golang.org/x/tools/go/analysis/passes/modernize/rangeint.go
1762891019|Alan Donovan|M|src/cmd/vendor/golang.org/x/tools/go/analysis/passes/modernize/reflect.go
1762891019|Alan Donovan|M|src/cmd/vendor/golang.org/x/tools/go/analysis/passes/modernize/slices.go
1762891019|Alan Donovan|M|src/cmd/vendor/golang.org/x/tools/go/analysis/passes/modernize/slicescontains.go
1762891019|Alan Donovan|M|src/cmd/vendor/golang.org/x/tools/go/analysis/passes/modernize/slicesdelete.go
1762891019|Alan Donovan|M|src/cmd/vendor/golang.org/x/tools/go/analysis/passes/modernize/sortslice.go
1762891019|Alan Donovan|M|src/cmd/vendor/golang.org/x/tools/go/analysis/passes/modernize/stditerators.go
1762891019|Alan Donovan|M|src/cmd/vendor/golang.org/x/tools/go/analysis/passes/modernize/stringsbuilder.go
1762891019|Alan Donovan|A|src/cmd/vendor/golang.org/x/tools/go/analysis/passes/modernize/stringscut.go
1762891019|Alan Donovan|M|src/cmd/vendor/golang.org/x/tools/go/analysis/passes/modernize/stringscutprefix.go
1762891019|Alan Donovan|M|src/cmd/vendor/golang.org/x/tools/go/analysis/passes/modernize/stringsseq.go
1762891019|Alan Donovan|M|src/cmd/vendor/golang.org/x/tools/go/analysis/passes/modernize/testingcontext.go
1762891019|Alan Donovan|M|src/cmd/vendor/golang.org/x/tools/go/analysis/passes/modernize/waitgroup.go
1762891019|Alan Donovan|M|src/cmd/vendor/golang.org/x/tools/go/analysis/passes/nilfunc/nilfunc.go
1762891019|Alan Donovan|M|src/cmd/vendor/golang.org/x/tools/go/analysis/passes/printf/printf.go
1762891019|Alan Donovan|M|src/cmd/vendor/golang.org/x/tools/go/analysis/passes/printf/types.go
1762891019|Alan Donovan|M|src/cmd/vendor/golang.org/x/tools/go/analysis/passes/sigchanyzer/sigchanyzer.go
1762891019|Alan Donovan|M|src/cmd/vendor/golang.org/x/tools/go/analysis/passes/slog/slog.go
1762891019|Alan Donovan|M|src/cmd/vendor/golang.org/x/tools/go/analysis/passes/stdmethods/stdmethods.go
1762891019|Alan Donovan|M|src/cmd/vendor/golang.org/x/tools/go/analysis/passes/stringintconv/string.go
1762891019|Alan Donovan|M|src/cmd/vendor/golang.org/x/tools/go/analysis/passes/testinggoroutine/testinggoroutine.go
1762891019|Alan Donovan|M|src/cmd/vendor/golang.org/x/tools/go/analysis/passes/testinggoroutine/util.go
1762891019|Alan Donovan|M|src/cmd/vendor/golang.org/x/tools/go/analysis/passes/tests/tests.go
1762891019|Alan Donovan|M|src/cmd/vendor/golang.org/x/tools/go/analysis/passes/timeformat/timeformat.go
1762891019|Alan Donovan|M|src/cmd/vendor/golang.org/x/tools/go/analysis/passes/unmarshal/unmarshal.go
1762891019|Alan Donovan|M|src/cmd/vendor/golang.org/x/tools/go/analysis/passes/unreachable/unreachable.go
1762891019|Alan Donovan|M|src/cmd/vendor/golang.org/x/tools/go/analysis/passes/unsafeptr/unsafeptr.go
1762891019|Alan Donovan|M|src/cmd/vendor/golang.org/x/tools/go/analysis/passes/unusedresult/unusedresult.go
1762891019|Alan Donovan|M|src/cmd/vendor/golang.org/x/tools/go/analysis/passes/waitgroup/waitgroup.go
1762891019|Alan Donovan|M|src/cmd/vendor/golang.org/x/tools/go/analysis/unitchecker/unitchecker.go
1762891019|Alan Donovan|M|src/cmd/vendor/golang.org/x/tools/go/ast/inspector/cursor.go
1762891019|Alan Donovan|M|src/cmd/vendor/golang.org/x/tools/go/cfg/builder.go
1762891019|Alan Donovan|M|src/cmd/vendor/golang.org/x/tools/go/cfg/cfg.go
1762891019|Alan Donovan|M|src/cmd/vendor/golang.org/x/tools/go/types/objectpath/objectpath.go
1762891019|Alan Donovan|M|src/cmd/vendor/golang.org/x/tools/go/types/typeutil/map.go
1762891019|Alan Donovan|A|src/cmd/vendor/golang.org/x/tools/internal/analysis/analyzerutil/doc.go
1762891019|Alan Donovan|D|src/cmd/vendor/golang.org/x/tools/internal/analysisinternal/extractdoc.go
1762891019|Alan Donovan|A|src/cmd/vendor/golang.org/x/tools/internal/analysis/analyzerutil/extractdoc.go
1762891019|Alan Donovan|A|src/cmd/vendor/golang.org/x/tools/internal/analysis/analyzerutil/readfile.go
1762891019|Alan Donovan|A|src/cmd/vendor/golang.org/x/tools/internal/analysis/analyzerutil/version.go
1762891019|Alan Donovan|D|src/cmd/vendor/golang.org/x/tools/go/analysis/internal/analysisflags/fix.go
1762891019|Alan Donovan|A|src/cmd/vendor/golang.org/x/tools/internal/analysis/driverutil/fix.go
1762891019|Alan Donovan|A|src/cmd/vendor/golang.org/x/tools/internal/analysis/driverutil/print.go
1762891019|Alan Donovan|A|src/cmd/vendor/golang.org/x/tools/internal/analysis/driverutil/readfile.go
1762891019|Alan Donovan|D|src/cmd/vendor/golang.org/x/tools/go/analysis/internal/analysisflags/url.go
1762891019|Alan Donovan|A|src/cmd/vendor/golang.org/x/tools/internal/analysis/driverutil/url.go
1762891019|Alan Donovan|D|src/cmd/vendor/golang.org/x/tools/internal/analysisinternal/analysis.go
1762891019|Alan Donovan|A|src/cmd/vendor/golang.org/x/tools/internal/analysis/driverutil/validatefix.go
1762891019|Alan Donovan|D|src/cmd/vendor/golang.org/x/tools/internal/analysisinternal/typeindex/typeindex.go
1762891019|Alan Donovan|A|src/cmd/vendor/golang.org/x/tools/internal/analysis/typeindex/typeindex.go
1762891019|Alan Donovan|D|src/cmd/vendor/golang.org/x/tools/internal/analysisinternal/generated/generated.go
1762891019|Alan Donovan|D|src/cmd/vendor/golang.org/x/tools/internal/refactor/inline/free.go
1762891019|Alan Donovan|A|src/cmd/vendor/golang.org/x/tools/internal/astutil/free/free.go
1762891019|Alan Donovan|M|src/cmd/vendor/golang.org/x/tools/internal/astutil/stringlit.go
1762891019|Alan Donovan|M|src/cmd/vendor/golang.org/x/tools/internal/astutil/util.go
1762891019|Alan Donovan|A|src/cmd/vendor/golang.org/x/tools/internal/cfginternal/cfginternal.go
1762891019|Alan Donovan|M|src/cmd/vendor/golang.org/x/tools/internal/diff/lcs/old.go
1762891019|Alan Donovan|M|src/cmd/vendor/golang.org/x/tools/internal/facts/imports.go
1762891019|Alan Donovan|M|src/cmd/vendor/golang.org/x/tools/internal/goplsexport/export.go
1762891019|Alan Donovan|M|src/cmd/vendor/golang.org/x/tools/internal/refactor/delete.go
1762891019|Alan Donovan|M|src/cmd/vendor/golang.org/x/tools/internal/refactor/inline/callee.go
1762891019|Alan Donovan|M|src/cmd/vendor/golang.org/x/tools/internal/refactor/inline/inline.go
1762891019|Alan Donovan|M|src/cmd/vendor/golang.org/x/tools/internal/refactor/inline/util.go
1762891019|Alan Donovan|M|src/cmd/vendor/golang.org/x/tools/internal/refactor/refactor.go
1762891019|Alan Donovan|M|src/cmd/vendor/golang.org/x/tools/internal/stdlib/deps.go
1762891019|Alan Donovan|M|src/cmd/vendor/golang.org/x/tools/internal/stdlib/import.go
1762891019|Alan Donovan|M|src/cmd/vendor/golang.org/x/tools/internal/stdlib/manifest.go
1762891019|Alan Donovan|M|src/cmd/vendor/golang.org/x/tools/internal/typeparams/normalize.go
1762891019|Alan Donovan|M|src/cmd/vendor/golang.org/x/tools/internal/typesinternal/element.go
1762891019|Alan Donovan|M|src/cmd/vendor/golang.org/x/tools/internal/typesinternal/isnamed.go
1762891019|Alan Donovan|M|src/cmd/vendor/golang.org/x/tools/internal/typesinternal/qualifier.go
1762891019|Alan Donovan|M|src/cmd/vendor/golang.org/x/tools/internal/typesinternal/zerovalue.go
1762891019|Alan Donovan|M|src/cmd/vendor/golang.org/x/tools/internal/versions/features.go
1762891019|Alan Donovan|M|src/cmd/vendor/modules.txt
1762891019|Alan Donovan|M|src/go.mod
1762891019|Alan Donovan|M|src/go.sum
1762891019|Alan Donovan|M|src/vendor/golang.org/x/sys/cpu/cpu.go
1762891019|Alan Donovan|M|src/vendor/golang.org/x/sys/cpu/cpu_arm64.go
1762891019|Alan Donovan|M|src/vendor/golang.org/x/sys/cpu/cpu_arm64.s
1762891019|Alan Donovan|M|src/vendor/golang.org/x/sys/cpu/cpu_gc_arm64.go
1762891019|Alan Donovan|M|src/vendor/golang.org/x/sys/cpu/cpu_gccgo_arm64.go
1762891019|Alan Donovan|M|src/vendor/golang.org/x/sys/cpu/cpu_netbsd_arm64.go
1762891019|Alan Donovan|M|src/vendor/golang.org/x/sys/cpu/cpu_openbsd_arm64.go
1762891019|Alan Donovan|M|src/vendor/modules.txt
1757254063|Filippo Valsorda|A|api/next/75302.txt
1757254063|Filippo Valsorda|A|doc/next/6-stdlib/99-minor/crypto/rsa/75302.md
1757254063|Filippo Valsorda|M|src/crypto/rsa/pkcs1v15.go
1762501502|Archana Ravindar|M|src/runtime/mgcmark_greenteagc.go
1763161067|Keith Randall|M|src/cmd/compile/internal/ssa/prove.go
1757093865|Filippo Valsorda|A|api/next/73627.txt
1757093865|Filippo Valsorda|A|doc/next/6-stdlib/99-minor/crypto/mlkem/mlkemtest/73627.md
1757093865|Filippo Valsorda|M|src/crypto/mlkem/mlkem.go
1757093865|Filippo Valsorda|M|src/crypto/mlkem/mlkem_test.go
1757093865|Filippo Valsorda|A|src/crypto/mlkem/mlkemtest/mlkemtest.go
1757093865|Filippo Valsorda|M|src/go/build/deps_test.go
1762985620|Alan Donovan|A|api/next/76031.txt
1762985620|Alan Donovan|A|doc/next/6-stdlib/99-minor/go/ast/76031.md
1762985620|Alan Donovan|M|src/go/ast/ast.go
1762985620|Alan Donovan|M|src/go/ast/commentmap_test.go
1762985620|Alan Donovan|M|src/go/ast/example_test.go
1762985620|Alan Donovan|M|src/go/build/deps_test.go
1762985620|Alan Donovan|A|src/go/internal/scannerhooks/hooks.go
1762985620|Alan Donovan|M|src/go/parser/parser.go
1762985620|Alan Donovan|M|src/go/parser/parser_test.go
1762985620|Alan Donovan|M|src/go/scanner/scanner.go
1763398040|Nick Ripley|M|src/runtime/asm_amd64.s
1763398040|Nick Ripley|M|src/runtime/asm_arm64.s
1762977369|Junyang Shao|M|src/simd/_gen/simdgen/gen_simdTypes.go
1762977369|Junyang Shao|M|src/simd/cpu.go
1762977369|Junyang Shao|M|src/simd/internal/simd_test/binary_test.go
1762977369|Junyang Shao|M|src/simd/internal/simd_test/compare_test.go
1762977369|Junyang Shao|M|src/simd/internal/simd_test/simd_test.go
1762977369|Junyang Shao|M|src/simd/internal/simd_test/slicepart_test.go
1762977369|Junyang Shao|M|src/simd/internal/simd_test/ternary_test.go
1762977369|Junyang Shao|M|src/simd/internal/simd_test/unary_test.go
1762977369|Junyang Shao|M|src/simd/pkginternal_test.go
1762977369|Junyang Shao|M|test/codegen/simd.go
1762977369|Junyang Shao|M|test/simd.go
1763412330|Junyang Shao|M|src/cmd/compile/internal/amd64/simdssa.go
1763412330|Junyang Shao|M|src/cmd/compile/internal/ssa/_gen/simdAMD64.rules
1763412330|Junyang Shao|M|src/cmd/compile/internal/ssa/_gen/simdAMD64ops.go
1763412330|Junyang Shao|M|src/cmd/compile/internal/ssa/_gen/simdgenericOps.go
1763412330|Junyang Shao|M|src/cmd/compile/internal/ssa/opGen.go
1763412330|Junyang Shao|M|src/cmd/compile/internal/ssa/rewriteAMD64.go
1763412330|Junyang Shao|M|src/cmd/compile/internal/ssagen/simdintrinsics.go
1763412330|Junyang Shao|M|src/simd/_gen/simdgen/ops/Others/categories.yaml
1763412330|Junyang Shao|M|src/simd/_gen/simdgen/ops/Others/go.yaml
1763412330|Junyang Shao|M|src/simd/_gen/simdgen/types.yaml
1763412330|Junyang Shao|M|src/simd/ops_amd64.go
1763412424|Keith Randall|M|src/cmd/compile/internal/ssa/_gen/ARM64.rules
1763412424|Keith Randall|M|src/cmd/compile/internal/ssa/rewriteARM64.go
1763412424|Keith Randall|M|test/codegen/arithmetic.go
1693128933|Joel Sing|M|src/cmd/internal/obj/riscv/obj.go
1693128933|Joel Sing|M|src/cmd/internal/sys/arch.go
1693128933|Joel Sing|M|src/internal/goarch/goarch_riscv64.go
1693128933|Joel Sing|M|src/runtime/asm_riscv64.s
1693128933|Joel Sing|M|src/runtime/sys_riscv64.go
1761714708|Youlin Feng|M|src/runtime/crash_test.go
1761714708|Youlin Feng|M|src/runtime/panic.go
1761714708|Youlin Feng|M|src/runtime/testdata/testprog/crash.go
1763418441|Cherry Mui|M|src/cmd/link/internal/ld/dwarf.go
1762983183|David Chase|M|src/simd/shuffles_amd64.go
1763448026|Keith Randall|M|src/cmd/compile/internal/ssa/_gen/ARM64.rules
1763448026|Keith Randall|M|src/cmd/compile/internal/ssa/rewriteARM64.go
1763448026|Keith Randall|M|test/codegen/bool.go
1763410872|Austin Clements|D|src/simd/_gen/simdgen/asm.yaml.toy
1749597548|Austin Clements|M|src/runtime/export_test.go
1749597548|Austin Clements|A|src/runtime/hexdump.go
1749597548|Austin Clements|A|src/runtime/hexdump_test.go
1749597548|Austin Clements|M|src/runtime/mgcmark.go
1749597548|Austin Clements|M|src/runtime/mgcsweep.go
1749597548|Austin Clements|M|src/runtime/print.go
1749597548|Austin Clements|M|src/runtime/traceback.go
1763485720|Austin Clements|D|src/simd/genfiles.go
1763485720|Austin Clements|A|src/simd/_gen/tmplgen/main.go
1763485720|Austin Clements|M|src/simd/no_tag.go
1763126497|Srinivas Pokala|M|src/math/arith_s390x.go
1763425110|Jorropo|M|src/cmd/compile/internal/ssa/prove.go
1763346781|zigo101|M|doc/go_spec.html
1758543135|Filippo Valsorda|A|api/next/75300.txt
1758543135|Filippo Valsorda|A|doc/next/6-stdlib/99-minor/crypto/ecdh/75300.md
1758543135|Filippo Valsorda|M|src/crypto/ecdh/ecdh.go
1763434519|Xiaolin Zhao|M|src/cmd/asm/internal/asm/testdata/loong64enc1.s
1763434519|Xiaolin Zhao|M|src/cmd/internal/obj/loong64/a.out.go
1763434519|Xiaolin Zhao|M|src/cmd/internal/obj/loong64/anames.go
1763434519|Xiaolin Zhao|M|src/cmd/internal/obj/loong64/asm.go
1763152843|Dmitri Shuralyov|M|src/go/version/version.go
1763413701|Michael Pratt|M|src/runtime/mgcpacer.go
1763413701|Michael Pratt|M|src/runtime/proc.go
1763413701|Michael Pratt|M|src/runtime/proc_test.go
1763413701|Michael Pratt|M|src/runtime/testdata/testprog/stw_trace.go
1763571979|David Chase|A|src/simd/export_test.go
1763571979|David Chase|M|src/simd/pkginternal_test.go
1763509664|Robert Griesemer|M|doc/go_spec.html
1763509664|Robert Griesemer|M|src/cmd/compile/internal/types2/decl.go
1763509664|Robert Griesemer|M|src/go/types/decl.go
1763509664|Robert Griesemer|A|src/internal/types/testdata/fixedbugs/issue75885.go
1763591720|Damien Neil|M|src/net/http/transport.go
1763460312|Taichi Maeda|M|src/mime/type.go
1763595124|Damien Neil|M|src/net/url/url.go
1763595124|Damien Neil|M|src/net/url/url_test.go
1763675117|Alan Donovan|M|src/cmd/go.mod
1763675117|Alan Donovan|M|src/cmd/go.sum
1763675117|Alan Donovan|M|src/cmd/vendor/golang.org/x/tools/go/analysis/passes/inline/inline.go
1763675117|Alan Donovan|M|src/cmd/vendor/golang.org/x/tools/go/analysis/passes/modernize/maps.go
1763675117|Alan Donovan|M|src/cmd/vendor/golang.org/x/tools/go/analysis/passes/modernize/stringscut.go
1763675117|Alan Donovan|M|src/cmd/vendor/golang.org/x/tools/go/analysis/passes/printf/doc.go
1763675117|Alan Donovan|M|src/cmd/vendor/golang.org/x/tools/go/analysis/passes/printf/printf.go
1763675117|Alan Donovan|M|src/cmd/vendor/golang.org/x/tools/internal/astutil/util.go
1763675117|Alan Donovan|M|src/cmd/vendor/golang.org/x/tools/internal/moreiters/iters.go
1763675117|Alan Donovan|M|src/cmd/vendor/golang.org/x/tools/internal/refactor/inline/inline.go
1763675117|Alan Donovan|A|src/cmd/vendor/golang.org/x/tools/refactor/satisfy/find.go
1763675117|Alan Donovan|M|src/cmd/vendor/modules.txt
1763590202|Nicholas S. Husin|M|src/net/http/httputil/reverseproxy.go
1763590202|Nicholas S. Husin|M|src/net/http/httputil/reverseproxy_test.go
1763471451|Guoqi Chen|M|src/cmd/asm/internal/asm/testdata/loong64enc1.s
1763471451|Guoqi Chen|M|src/cmd/internal/obj/loong64/a.out.go
1763471451|Guoqi Chen|M|src/cmd/internal/obj/loong64/anames.go
1763471451|Guoqi Chen|M|src/cmd/internal/obj/loong64/asm.go
1763590674|David Chase|M|src/cmd/compile/internal/ssa/_gen/simdAMD64.rules
1763590674|David Chase|M|src/cmd/compile/internal/ssa/_gen/simdgenericOps.go
1763590674|David Chase|M|src/cmd/compile/internal/ssa/opGen.go
1763590674|David Chase|M|src/cmd/compile/internal/ssa/rewriteAMD64.go
1763590674|David Chase|M|src/cmd/compile/internal/ssagen/simdintrinsics.go
1763590674|David Chase|M|src/simd/_gen/simdgen/gen_simdTypes.go
1763590674|David Chase|M|src/simd/_gen/simdgen/godefs.go
1763590674|David Chase|M|src/simd/_gen/simdgen/ops/Moves/categories.yaml
1763590674|David Chase|M|src/simd/_gen/simdgen/ops/Moves/go.yaml
1763590674|David Chase|M|src/simd/ops_amd64.go
1763590674|David Chase|M|src/simd/ops_internal_amd64.go
1763740263|Jes Cok|M|src/cmd/compile/internal/devirtualize/devirtualize.go
1763547467|Jakub Ciolek|M|src/cmd/compile/internal/ssa/prove.go
1763547467|Jakub Ciolek|M|test/prove.go
1763677721|Neal Patel|M|src/cmd/compile/internal/amd64/simdssa.go
1763677721|Neal Patel|M|src/cmd/compile/internal/ssa/_gen/simdAMD64.rules
1763677721|Neal Patel|M|src/cmd/compile/internal/ssa/_gen/simdAMD64ops.go
1763677721|Neal Patel|M|src/cmd/compile/internal/ssa/opGen.go
1763677721|Neal Patel|M|src/cmd/compile/internal/ssa/rewriteAMD64.go
1763677721|Neal Patel|M|src/simd/_gen/simdgen/ops/Others/go.yaml
1763677721|Neal Patel|M|src/simd/ops_amd64.go
1763498350|Junyang Shao|M|src/cmd/compile/internal/amd64/simdssa.go
1763498350|Junyang Shao|M|src/cmd/compile/internal/ssa/_gen/simdAMD64.rules
1763498350|Junyang Shao|M|src/cmd/compile/internal/ssa/_gen/simdAMD64ops.go
1763498350|Junyang Shao|M|src/cmd/compile/internal/ssa/_gen/simdgenericOps.go
1763498350|Junyang Shao|M|src/cmd/compile/internal/ssa/opGen.go
1763498350|Junyang Shao|M|src/cmd/compile/internal/ssa/rewriteAMD64.go
1763498350|Junyang Shao|M|src/cmd/compile/internal/ssagen/simdintrinsics.go
1763498350|Junyang Shao|M|src/simd/_gen/simdgen/ops/Compares/go.yaml
1763498350|Junyang Shao|M|src/simd/_gen/simdgen/ops/Converts/categories.yaml
1763498350|Junyang Shao|M|src/simd/_gen/simdgen/ops/Converts/go.yaml
1763498350|Junyang Shao|M|src/simd/_gen/simdgen/ops/FPonlyArith/go.yaml
1763498350|Junyang Shao|M|src/simd/_gen/simdgen/ops/Moves/go.yaml
1763498350|Junyang Shao|M|src/simd/internal/simd_test/unary_test.go
1763498350|Junyang Shao|M|src/simd/ops_amd64.go
1763719120|Ch1n-ch1nless|M|src/cmd/compile/internal/ssa/_gen/ARM64Ops.go
1763426020|Jorropo|M|src/cmd/compile/internal/ssa/prove.go
1763426020|Jorropo|M|test/prove.go
1761135231|Sean Liao|M|src/errors/example_test.go
1762873853|Plamerdi Makela|M|src/net/lookup_windows_test.go
1762873853|Plamerdi Makela|M|src/net/unixsock_windows_test.go
1762873853|Plamerdi Makela|M|src/net/url/url_test.go
1763430801|Meng Zhuo|M|src/cmd/compile/internal/ssa/_gen/generic.rules
1763430801|Meng Zhuo|M|src/cmd/compile/internal/ssa/rewritegeneric.go
1763430801|Meng Zhuo|M|src/cmd/compile/internal/test/bench_test.go
1763430801|Meng Zhuo|M|test/codegen/arithmetic.go
1758545431|Filippo Valsorda|M|src/crypto/internal/hpke/hpke.go
1758545431|Filippo Valsorda|M|src/crypto/internal/hpke/hpke_test.go
1758545431|Filippo Valsorda|M|src/crypto/internal/hpke/kdf.go
1758545431|Filippo Valsorda|M|src/crypto/internal/hpke/kem.go
1758545431|Filippo Valsorda|A|src/crypto/internal/hpke/pq.go
1758545431|Filippo Valsorda|A|src/crypto/internal/hpke/testdata/hpke-pq.json
1758545431|Filippo Valsorda|M|src/crypto/internal/hpke/testdata/rfc9180.json
1763414166|Sean Liao|M|src/runtime/panic.go
1762890103|Daniel McCarney|M|src/crypto/internal/fips140test/acvp_capabilities.json
1762890103|Daniel McCarney|M|src/crypto/internal/fips140test/acvp_test.go
1762625808|Sean Liao|M|src/net/url/url.go
1762625808|Sean Liao|M|src/net/url/url_test.go
1763253928|Sean Liao|M|src/net/http/roundtrip_js.go
1763252020|Sean Liao|M|src/net/http/serve_test.go
1763252020|Sean Liao|M|src/net/http/server.go
1763408095|Sean Liao|M|src/net/http/server.go
1761851697|Junyang Shao|A|src/cmd/compile/internal/bloop/bloop.go
1761851697|Junyang Shao|M|src/cmd/compile/internal/escape/call.go
1761851697|Junyang Shao|M|src/cmd/compile/internal/gc/main.go
1761851697|Junyang Shao|M|src/cmd/compile/internal/inline/interleaved/interleaved.go
1761851697|Junyang Shao|M|src/cmd/compile/internal/ir/expr.go
1761851697|Junyang Shao|M|src/cmd/compile/internal/typecheck/_builtin/runtime.go
1761851697|Junyang Shao|M|src/cmd/compile/internal/typecheck/builtin.go
1761851697|Junyang Shao|M|src/testing/benchmark.go
1761851697|Junyang Shao|A|test/bloop.go
1761851697|Junyang Shao|D|test/inline_testingbloop.go
1763734197|Nick Ripley|M|src/runtime/profbuf.go
1763734197|Nick Ripley|M|src/runtime/profbuf_test.go
1720455283|Jonathan Hall|M|src/database/sql/convert.go
1720455283|Jonathan Hall|M|src/database/sql/sql_test.go
1762451938|qiulaidongfeng|M|src/crypto/sha3/sha3.go
1762451938|qiulaidongfeng|M|src/crypto/sha3/sha3_test.go
1763523429|Michael Anthony Knyszek|M|src/runtime/trace/annotation_test.go
1763338156|Roland Shoemaker|M|src/crypto/tls/handshake_client.go
1763069900|Ian Alexander|M|src/cmd/go/internal/modload/init.go
1763069900|Ian Alexander|M|src/cmd/go/internal/workcmd/init.go
1763069900|Ian Alexander|M|src/cmd/go/testdata/script/mod_edit.txt
1763069900|Ian Alexander|A|src/cmd/go/testdata/script/mod_init_version.txt
1763069900|Ian Alexander|M|src/cmd/go/testdata/script/work.txt
1763069900|Ian Alexander|M|src/cmd/go/testdata/script/work_edit.txt
1763069900|Ian Alexander|M|src/cmd/go/testdata/script/work_init_path.txt
1763069900|Ian Alexander|M|src/cmd/go/testdata/script/work_init_toolchain.txt
1763069900|Ian Alexander|A|src/cmd/go/testdata/script/work_init_version.txt
1763069900|Ian Alexander|M|src/cmd/go/testdata/script/work_sync_toolchain.txt
1763069900|Ian Alexander|M|src/cmd/go/testdata/script/work_use_toolchain.txt
1763693226|cuishuang|M|src/slices/slices.go
1763458584|Xiaolin Zhao|M|src/cmd/internal/obj/loong64/asm.go
1763442015|Xiaolin Zhao|M|src/cmd/compile/internal/loong64/ssa.go
1763442015|Xiaolin Zhao|M|src/cmd/compile/internal/ssa/_gen/LOONG64.rules
1763442015|Xiaolin Zhao|M|src/cmd/compile/internal/ssa/_gen/LOONG64Ops.go
1763442015|Xiaolin Zhao|M|src/cmd/compile/internal/ssa/opGen.go
1763442015|Xiaolin Zhao|M|src/cmd/compile/internal/ssa/rewriteLOONG64.go
1763442015|Xiaolin Zhao|M|test/codegen/arithmetic.go
1763777830|Cherry Mui|M|src/cmd/compile/internal/ssa/stmtlines_test.go
1763777830|Cherry Mui|M|src/go/build/deps_test.go
1763777830|Cherry Mui|D|src/internal/runtime/gc/scan/export_amd64_test.go
1763777830|Cherry Mui|A|src/internal/runtime/gc/scan/expand_amd64.go
1763777830|Cherry Mui|A|src/internal/runtime/gc/scan/expand_amd64.s
1763777830|Cherry Mui|M|src/internal/runtime/gc/scan/expand_amd64_test.go
1763777830|Cherry Mui|D|src/internal/runtime/gc/scan/expand_simd_amd64_test.go
1763777830|Cherry Mui|M|src/internal/runtime/gc/scan/expand_test.go
1763777830|Cherry Mui|D|src/internal/runtime/gc/scan/expanders_amd64.go
1763777830|Cherry Mui|D|src/internal/runtime/gc/scan/expanders_amd64.s
1763777830|Cherry Mui|D|src/internal/runtime/gc/scan/export_simd_amd64_test.go
1763777830|Cherry Mui|M|src/internal/runtime/gc/scan/mkasm.go
1763777830|Cherry Mui|D|src/internal/runtime/gc/scan/mkexpanders.go
1763777830|Cherry Mui|M|src/internal/runtime/gc/scan/scan_amd64.go
1763777830|Cherry Mui|M|src/internal/runtime/gc/scan/scan_amd64.s
1763777830|Cherry Mui|M|src/internal/runtime/gc/scan/scan_amd64_test.go
1763777830|Cherry Mui|M|src/internal/runtime/gc/scan/scan_generic.go
1763777830|Cherry Mui|D|src/internal/runtime/gc/scan/scan_nosimd_amd64.go
1763777830|Cherry Mui|D|src/internal/runtime/gc/scan/scan_simd_amd64.go
1763777830|Cherry Mui|M|src/internal/runtime/gc/scan/scan_test.go
1762830831|Srinivas Pokala|M|src/cmd/compile/abi-internal.md
1762832013|Srinivas Pokala|M|src/cmd/compile/internal/s390x/ssa.go
1762832013|Srinivas Pokala|M|src/cmd/compile/internal/ssa/_gen/S390XOps.go
1762832013|Srinivas Pokala|M|src/cmd/compile/internal/ssa/config.go
1762832013|Srinivas Pokala|M|src/cmd/compile/internal/ssa/opGen.go
1762832510|Srinivas Pokala|M|src/cmd/compile/internal/ssa/_gen/S390XOps.go
1762832510|Srinivas Pokala|M|src/cmd/compile/internal/ssa/opGen.go
1762833183|Srinivas Pokala|M|src/runtime/asm_s390x.s
1762833183|Srinivas Pokala|M|src/runtime/stubs_s390x.go
1762833183|Srinivas Pokala|M|src/runtime/tls_s390x.s
1762834069|Srinivas Pokala|M|src/reflect/asm_s390x.s
1762834069|Srinivas Pokala|M|src/reflect/float32reg_generic.go
1762834069|Srinivas Pokala|A|src/reflect/float32reg_s390x.s
1762834069|Srinivas Pokala|A|src/reflect/stubs_s390x.go
1762834069|Srinivas Pokala|M|src/runtime/stkframe.go
1762834952|Srinivas Pokala|M|src/runtime/memclr_s390x.s
1762834952|Srinivas Pokala|M|src/runtime/memmove_s390x.s
1762836748|Srinivas Pokala|M|src/cmd/compile/internal/ssa/config.go
1762836748|Srinivas Pokala|M|src/cmd/compile/internal/ssa/debug_lines_test.go
1762836748|Srinivas Pokala|M|src/internal/buildcfg/exp.go
1763972058|Alexandre Daubois|M|src/cmd/cgo/gcc.go
1763972058|Alexandre Daubois|M|src/cmd/cgo/internal/test/cgo_test.go
1763972058|Alexandre Daubois|M|src/cmd/cgo/internal/test/test.go
1763972058|Alexandre Daubois|M|src/cmd/cgo/internal/test/testx.go
1763972058|Alexandre Daubois|M|src/cmd/cgo/out.go
1763972058|Alexandre Daubois|M|src/runtime/cgocall.go
1739491172|Joe Tsai|M|src/runtime/runtime1.go
1763524280|Michael Anthony Knyszek|M|src/runtime/tracemap.go
1763524280|Michael Anthony Knyszek|M|src/runtime/tracestack.go
1763524280|Michael Anthony Knyszek|M|src/runtime/tracestring.go
1764020625|Cherry Mui|M|src/internal/buildcfg/exp.go
1764014411|David Chase|M|src/cmd/compile/internal/ssa/prove.go
1764014411|David Chase|M|test/loopbce.go
1764014411|David Chase|M|test/prove.go
1763825184|Filippo Valsorda|A|api/next/56866.txt
1763825184|Filippo Valsorda|A|doc/next/6-stdlib/99-minor/crypto/x509/56866.md
1763825184|Filippo Valsorda|M|src/crypto/x509/verify.go
1763825184|Filippo Valsorda|M|src/crypto/x509/x509.go
1763825184|Filippo Valsorda|A|src/crypto/x509/x509_string.go
1764012758|Damien Neil|M|src/cmd/go.mod
1764012758|Damien Neil|M|src/cmd/go.sum
1764012758|Damien Neil|M|src/cmd/vendor/modules.txt
1764012758|Damien Neil|M|src/go.mod
1764012758|Damien Neil|M|src/go.sum
1764012758|Damien Neil|M|src/net/http/h2_bundle.go
1764012758|Damien Neil|M|src/vendor/golang.org/x/crypto/chacha20/chacha_arm64.s
1764012758|Damien Neil|M|src/vendor/golang.org/x/crypto/chacha20poly1305/chacha20poly1305_amd64.go
1764012758|Damien Neil|M|src/vendor/golang.org/x/crypto/chacha20poly1305/chacha20poly1305_generic.go
1764012758|Damien Neil|M|src/vendor/golang.org/x/net/dns/dnsmessage/message.go
1764012758|Damien Neil|A|src/vendor/golang.org/x/net/dns/dnsmessage/svcb.go
1764012758|Damien Neil|M|src/vendor/modules.txt
1748030648|David Finkel|M|doc/godebug.md
1748030648|David Finkel|M|src/cmd/compile/internal/typecheck/_builtin/runtime.go
1748030648|David Finkel|M|src/cmd/compile/internal/typecheck/builtin.go
1748030648|David Finkel|M|src/cmd/compile/internal/walk/builtin.go
1748030648|David Finkel|M|src/cmd/internal/goobj/builtinlist.go
1748030648|David Finkel|M|src/go/build/deps_test.go
1748030648|David Finkel|A|src/internal/runtime/pprof/label/labelset.go
1748030648|David Finkel|M|src/runtime/export_test.go
1748030648|David Finkel|M|src/runtime/pprof/label.go
1748030648|David Finkel|M|src/runtime/pprof/label_test.go
1748030648|David Finkel|M|src/runtime/pprof/pprof.go
1748030648|David Finkel|M|src/runtime/pprof/pprof_test.go
1748030648|David Finkel|M|src/runtime/pprof/proto.go
1748030648|David Finkel|M|src/runtime/pprof/runtime_test.go
1748030648|David Finkel|M|src/runtime/print.go
1748030648|David Finkel|A|src/runtime/print_quoted_test.go
1748030648|David Finkel|M|src/runtime/runtime1.go
1748030648|David Finkel|M|src/runtime/traceback.go
1748030648|David Finkel|M|src/runtime/traceback_test.go
1763266082|Ian Alexander|M|src/cmd/go/internal/modfetch/fetch.go
1763266082|Ian Alexander|M|src/cmd/go/internal/modload/init.go
1763764056|Sean Liao|A|api/next/75301.txt
1763764056|Sean Liao|A|doc/next/6-stdlib/99-minor/crypto/fips140/75301.md
1763764056|Sean Liao|M|src/crypto/fips140/fips140.go
1762199262|Daniel McCarney|A|api/next/74425.txt
1762199262|Daniel McCarney|A|doc/next/6-stdlib/99-minor/crypto/tls/74425.md
1762199262|Daniel McCarney|M|src/crypto/tls/bogo_shim_test.go
1762199262|Daniel McCarney|M|src/crypto/tls/common.go
1762199262|Daniel McCarney|M|src/crypto/tls/conn.go
1762199262|Daniel McCarney|M|src/crypto/tls/handshake_client_test.go
1762199262|Daniel McCarney|M|src/crypto/tls/handshake_server.go
1762199262|Daniel McCarney|M|src/crypto/tls/handshake_server_test.go
1762199262|Daniel McCarney|M|src/crypto/tls/tls_test.go
1757698993|Andrey Pshenkin|A|api/next/65716.txt
1757698993|Andrey Pshenkin|A|doc/next/6-stdlib/99-minor/crypto/rsa/65716.md
1757698993|Andrey Pshenkin|M|src/crypto/rsa/fips.go
1757698993|Andrey Pshenkin|M|src/crypto/rsa/rsa.go
1757698993|Andrey Pshenkin|M|src/crypto/rsa/rsa_test.go
1758852803|Roland Shoemaker|A|src/crypto/x509/constraints.go
1758852803|Roland Shoemaker|M|src/crypto/x509/verify.go
1758852803|Roland Shoemaker|M|src/crypto/x509/verify_test.go
1764013574|Filippo Valsorda|M|src/crypto/ecdsa/ecdsa.go
1764013574|Filippo Valsorda|M|src/crypto/ecdsa/ecdsa_test.go
1764013574|Filippo Valsorda|M|src/crypto/internal/fips140/ecdsa/ecdsa.go
1764013574|Filippo Valsorda|M|src/crypto/tls/tls.go
1764013574|Filippo Valsorda|M|src/crypto/x509/parser.go
1764013574|Filippo Valsorda|M|src/crypto/x509/sec1.go
1764013574|Filippo Valsorda|M|src/crypto/x509/x509.go
1734226723|Tom Thorogood|M|src/crypto/internal/fips140/sha3/shake.go
1761835814|kmvijay|M|src/crypto/internal/fips140/bigmod/nat_s390x.s
1760470304|Neal Patel|M|src/crypto/internal/fips140/sha256/sha256block.go
1759947236|Neal Patel|M|src/crypto/internal/fips140/sha256/_asm/sha256block_amd64_avx2.go
1759947236|Neal Patel|M|src/crypto/internal/fips140/sha512/_asm/sha512block_amd64_asm.go
1759947236|Neal Patel|M|src/crypto/sha1/_asm/sha1block_amd64_asm.go
1708409588|guoguangwu|M|src/maps/example_test.go
1762765671|Mark Ryan|M|src/cmd/internal/obj/riscv/doc.go
1764011014|Russ Cox|D|src/internal/strconv/ftoaryu.go
1763487606|Ian Alexander|M|src/cmd/go/internal/fips140/fips140.go
1763487606|Ian Alexander|M|src/cmd/go/internal/modfetch/fetch.go
1764091643|Junyang Shao|M|src/cmd/compile/internal/amd64/simdssa.go
1764091643|Junyang Shao|M|src/cmd/compile/internal/ssa/_gen/simdAMD64.rules
1764091643|Junyang Shao|M|src/cmd/compile/internal/ssa/_gen/simdAMD64ops.go
1764091643|Junyang Shao|M|src/cmd/compile/internal/ssa/_gen/simdgenericOps.go
1764091643|Junyang Shao|M|src/cmd/compile/internal/ssa/opGen.go
1764091643|Junyang Shao|M|src/cmd/compile/internal/ssa/rewriteAMD64.go
1764091643|Junyang Shao|M|src/cmd/compile/internal/ssagen/simdintrinsics.go
1764091643|Junyang Shao|M|src/simd/_gen/simdgen/gen_simdrules.go
1764091643|Junyang Shao|M|src/simd/_gen/simdgen/gen_utility.go
1764091643|Junyang Shao|M|src/simd/_gen/simdgen/godefs.go
1764091643|Junyang Shao|M|src/simd/_gen/simdgen/ops/Converts/categories.yaml
1764091643|Junyang Shao|M|src/simd/_gen/simdgen/ops/Converts/go.yaml
1764091643|Junyang Shao|M|src/simd/ops_amd64.go
1764104564|Junyang Shao|M|src/cmd/compile/internal/amd64/simdssa.go
1764104564|Junyang Shao|M|src/cmd/compile/internal/ssa/_gen/simdAMD64.rules
1764104564|Junyang Shao|M|src/cmd/compile/internal/ssa/_gen/simdAMD64ops.go
1764104564|Junyang Shao|M|src/cmd/compile/internal/ssa/_gen/simdgenericOps.go
1764104564|Junyang Shao|M|src/cmd/compile/internal/ssa/opGen.go
1764104564|Junyang Shao|M|src/cmd/compile/internal/ssa/rewriteAMD64.go
1764104564|Junyang Shao|M|src/cmd/compile/internal/ssagen/simdintrinsics.go
1764104564|Junyang Shao|M|src/simd/_gen/simdgen/gen_utility.go
1764104564|Junyang Shao|M|src/simd/_gen/simdgen/ops/Converts/categories.yaml
1764104564|Junyang Shao|M|src/simd/_gen/simdgen/ops/Converts/go.yaml
1764104564|Junyang Shao|M|src/simd/ops_amd64.go
1763569962|Filippo Valsorda|A|api/next/71206.txt
1763569962|Filippo Valsorda|M|doc/godebug.md
1763569962|Filippo Valsorda|A|doc/next/6-stdlib/99-minor/crypto/tls/71206.md
1763569962|Filippo Valsorda|M|src/crypto/tls/bogo_config.json
1763569962|Filippo Valsorda|M|src/crypto/tls/common.go
1763569962|Filippo Valsorda|M|src/crypto/tls/common_string.go
1763569962|Filippo Valsorda|M|src/crypto/tls/defaults.go
1763569962|Filippo Valsorda|M|src/crypto/tls/defaults_fips140.go
1763569962|Filippo Valsorda|M|src/crypto/tls/fips140_test.go
1763569962|Filippo Valsorda|M|src/crypto/tls/handshake_client.go
1763569962|Filippo Valsorda|M|src/crypto/tls/handshake_client_tls13.go
1763569962|Filippo Valsorda|M|src/crypto/tls/handshake_server_tls13.go
1763569962|Filippo Valsorda|M|src/crypto/tls/key_agreement.go
1763569962|Filippo Valsorda|M|src/crypto/tls/key_schedule.go
1763569962|Filippo Valsorda|M|src/crypto/tls/tls_test.go
1763569962|Filippo Valsorda|M|src/internal/godebugs/table.go
1763999611|Ian Alexander|M|src/cmd/go/internal/modfetch/fetch.go
1764021191|Ian Alexander|M|src/cmd/go/internal/modcmd/download.go
1764021191|Ian Alexander|M|src/cmd/go/internal/modfetch/cache.go
1764021191|Ian Alexander|M|src/cmd/go/internal/modfetch/fetch.go
1764021191|Ian Alexander|M|src/cmd/go/internal/modfetch/zip_sum_test/zip_sum_test.go
1764021191|Ian Alexander|M|src/cmd/go/internal/modget/get.go
1764021191|Ian Alexander|M|src/cmd/go/internal/modload/import.go
1764021191|Ian Alexander|M|src/cmd/go/internal/toolchain/select.go
1764027050|Ian Alexander|M|src/cmd/go/internal/modfetch/zip_sum_test/zip_sum_test.go
1755895662|Ian Lance Taylor|M|src/runtime/mcleanup.go
1755895662|Ian Lance Taylor|M|src/runtime/mcleanup_test.go
1755895662|Ian Lance Taylor|M|src/runtime/testdata/testprog/checkfinalizers.go
1763405638|David Chase|M|src/cmd/compile/internal/base/base.go
1763405638|David Chase|M|src/cmd/compile/internal/base/debug.go
1763405638|David Chase|A|src/cmd/compile/internal/base/startheap.go
1763405638|David Chase|M|src/cmd/compile/internal/gc/main.go
1764027493|Ian Alexander|M|src/cmd/go/internal/load/pkg.go
1764028112|Ian Alexander|M|src/cmd/go/internal/toolchain/select.go
1764028112|Ian Alexander|M|src/cmd/go/internal/toolchain/switch.go
1751746596|Alexander Musman|M|src/cmd/compile/internal/arm64/ssa.go
1751746596|Alexander Musman|M|src/cmd/compile/internal/ir/symtab.go
1751746596|Alexander Musman|M|src/cmd/compile/internal/ssa/_gen/ARM64.rules
1751746596|Alexander Musman|M|src/cmd/compile/internal/ssa/_gen/ARM64Ops.go
1751746596|Alexander Musman|M|src/cmd/compile/internal/ssa/_gen/generic.rules
1751746596|Alexander Musman|M|src/cmd/compile/internal/ssa/_gen/genericOps.go
1751746596|Alexander Musman|M|src/cmd/compile/internal/ssa/opGen.go
1751746596|Alexander Musman|M|src/cmd/compile/internal/ssa/regalloc.go
1751746596|Alexander Musman|M|src/cmd/compile/internal/ssa/rewriteARM64.go
1751746596|Alexander Musman|M|src/cmd/compile/internal/ssa/rewritegeneric.go
1751746596|Alexander Musman|M|src/cmd/compile/internal/ssagen/intrinsics.go
1751746596|Alexander Musman|M|src/cmd/compile/internal/ssagen/intrinsics_test.go
1751746596|Alexander Musman|M|src/cmd/compile/internal/ssagen/ssa.go
1751746596|Alexander Musman|M|test/codegen/comparisons.go
1751746596|Alexander Musman|A|test/codegen/memcse.go
1764145609|Boris Nagaev|M|src/crypto/cipher/benchmark_test.go
1764145609|Boris Nagaev|M|src/crypto/cipher/ctr_aes_test.go
1764145609|Boris Nagaev|M|src/crypto/internal/fips140/aes/_asm/ctr/ctr_amd64_asm.go
1764145609|Boris Nagaev|M|src/crypto/internal/fips140/aes/ctr_amd64.s
1764146990|Jorropo|M|src/cmd/compile/internal/ssa/prove_test.go
1763986746|Guoqi Chen|M|src/cmd/asm/internal/asm/testdata/loong64enc1.s
1763986746|Guoqi Chen|M|src/cmd/internal/obj/loong64/a.out.go
1763986746|Guoqi Chen|M|src/cmd/internal/obj/loong64/anames.go
1763986746|Guoqi Chen|M|src/cmd/internal/obj/loong64/asm.go
1764184551|Junyang Shao|M|src/testing/benchmark.go
1764116785|Robert Griesemer|M|src/cmd/compile/internal/types2/format.go
1764116785|Robert Griesemer|M|src/go/types/format.go
1764027210|Michael Matloob|M|src/cmd/go/internal/work/gc.go
1764027210|Michael Matloob|M|src/cmd/go/internal/work/init.go
1763989690|Daniel Morsing|A|api/next/74630.txt
1763989690|Daniel Morsing|A|doc/next/6-stdlib/99-minor/crypto/fips140/74630.md
1763989690|Daniel Morsing|M|src/crypto/cipher/cbc.go
1763989690|Daniel Morsing|M|src/crypto/cipher/cfb.go
1763989690|Daniel Morsing|M|src/crypto/cipher/ctr.go
1763989690|Daniel Morsing|M|src/crypto/cipher/gcm.go
1763989690|Daniel Morsing|M|src/crypto/cipher/ofb.go
1763989690|Daniel Morsing|M|src/crypto/des/cipher.go
1763989690|Daniel Morsing|M|src/crypto/dsa/dsa.go
1763989690|Daniel Morsing|M|src/crypto/ecdh/nist.go
1763989690|Daniel Morsing|M|src/crypto/ecdh/x25519.go
1763989690|Daniel Morsing|M|src/crypto/ecdsa/ecdsa.go
1763989690|Daniel Morsing|M|src/crypto/ecdsa/ecdsa_legacy.go
1763989690|Daniel Morsing|M|src/crypto/ed25519/ed25519.go
1763989690|Daniel Morsing|A|src/crypto/fips140/enforcement.go
1763989690|Daniel Morsing|A|src/crypto/fips140/enforcement_test.go
1763989690|Daniel Morsing|A|src/crypto/fips140/testdata/enforcement_test.go
1763989690|Daniel Morsing|M|src/crypto/hkdf/hkdf.go
1763989690|Daniel Morsing|M|src/crypto/hmac/hmac.go
1763989690|Daniel Morsing|M|src/crypto/internal/fips140only/fips140only.go
1763989690|Daniel Morsing|M|src/crypto/md5/md5.go
1763989690|Daniel Morsing|M|src/crypto/pbkdf2/pbkdf2.go
1763989690|Daniel Morsing|M|src/crypto/rand/util.go
1763989690|Daniel Morsing|M|src/crypto/rc4/rc4.go
1763989690|Daniel Morsing|M|src/crypto/rsa/fips.go
1763989690|Daniel Morsing|M|src/crypto/rsa/pkcs1v15.go
1763989690|Daniel Morsing|M|src/crypto/rsa/rsa.go
1763989690|Daniel Morsing|M|src/crypto/sha1/sha1.go
1763989690|Daniel Morsing|M|src/go/build/deps_test.go
1763989690|Daniel Morsing|A|src/runtime/fipsbypass.go
1763989690|Daniel Morsing|M|src/runtime/proc.go
1763989690|Daniel Morsing|M|src/runtime/runtime2.go
1764191573|Dmitri Shuralyov|M|doc/next/7-ports.md
1764191573|Dmitri Shuralyov|M|src/cmd/dist/build.go
1764034633|Junyang Shao|M|src/cmd/compile/internal/bloop/bloop.go
1764034633|Junyang Shao|M|test/bloop.go
1753122908|Alan Donovan|M|src/cmd/compile/internal/types2/signature.go
1753122908|Alan Donovan|M|src/cmd/compile/internal/types2/typestring.go
1753122908|Alan Donovan|M|src/go/types/api_test.go
1753122908|Alan Donovan|M|src/go/types/signature.go
1753122908|Alan Donovan|M|src/go/types/typestring.go
1758817563|Daniel Morsing|A|doc/next/6-stdlib/1-secret.md
1758817563|Daniel Morsing|M|src/cmd/dist/test.go
1758817563|Daniel Morsing|M|src/go/build/deps_test.go
1758817563|Daniel Morsing|A|src/internal/goexperiment/exp_runtimesecret_off.go
1758817563|Daniel Morsing|A|src/internal/goexperiment/exp_runtimesecret_on.go
1758817563|Daniel Morsing|M|src/internal/goexperiment/flags.go
1758817563|Daniel Morsing|M|src/runtime/_mkmalloc/mkmalloc.go
1758817563|Daniel Morsing|M|src/runtime/asm_amd64.s
1758817563|Daniel Morsing|M|src/runtime/asm_arm64.s
1758817563|Daniel Morsing|M|src/runtime/malloc.go
1758817563|Daniel Morsing|M|src/runtime/malloc_generated.go
1758817563|Daniel Morsing|M|src/runtime/malloc_stubs.go
1758817563|Daniel Morsing|M|src/runtime/mgc.go
1758817563|Daniel Morsing|M|src/runtime/mheap.go
1758817563|Daniel Morsing|M|src/runtime/preempt.go
1758817563|Daniel Morsing|M|src/runtime/proc.go
1758817563|Daniel Morsing|M|src/runtime/runtime2.go
1758817563|Daniel Morsing|A|src/runtime/secret.go
1758817563|Daniel Morsing|A|src/runtime/secret/asm_amd64.s
1758817563|Daniel Morsing|A|src/runtime/secret/asm_arm64.s
1758817563|Daniel Morsing|A|src/runtime/secret/crash_test.go
1758817563|Daniel Morsing|A|src/runtime/secret/export.go
1758817563|Daniel Morsing|A|src/runtime/secret/secret.go
1758817563|Daniel Morsing|A|src/runtime/secret/secret_test.go
1758817563|Daniel Morsing|A|src/runtime/secret/stubs.go
1758817563|Daniel Morsing|A|src/runtime/secret/stubs_noasm.go
1758817563|Daniel Morsing|A|src/runtime/secret/testdata/crash.go
1758817563|Daniel Morsing|A|src/runtime/secret_amd64.s
1758817563|Daniel Morsing|A|src/runtime/secret_arm64.s
1758817563|Daniel Morsing|A|src/runtime/secret_asm.go
1758817563|Daniel Morsing|A|src/runtime/secret_noasm.go
1758817563|Daniel Morsing|A|src/runtime/secret_nosecret.go
1758817563|Daniel Morsing|M|src/runtime/signal_linux_amd64.go
1758817563|Daniel Morsing|M|src/runtime/signal_linux_arm64.go
1758817563|Daniel Morsing|M|src/runtime/signal_unix.go
1758817563|Daniel Morsing|M|src/runtime/sizeof_test.go
1758817563|Daniel Morsing|M|src/runtime/stack.go
1758817563|Daniel Morsing|M|src/runtime/sys_linux_amd64.s
1758817563|Daniel Morsing|M|src/runtime/sys_linux_arm64.s
1758817563|Daniel Morsing|M|src/runtime/time_linux_amd64.s
1758817563|Daniel Morsing|M|src/runtime/vgetrandom_linux.go
1758817563|Daniel Morsing|M|src/syscall/asm_linux_amd64.s
1757955484|Filippo Valsorda|A|api/next/70942.txt
1757955484|Filippo Valsorda|M|doc/godebug.md
1757955484|Filippo Valsorda|A|doc/next/6-stdlib/99-minor/crypto/dsa/70924.md
1757955484|Filippo Valsorda|A|doc/next/6-stdlib/99-minor/crypto/ecdh/70924.md
1757955484|Filippo Valsorda|A|doc/next/6-stdlib/99-minor/crypto/ecdsa/70924.md
1757955484|Filippo Valsorda|A|doc/next/6-stdlib/99-minor/crypto/ed25519/70924.md
1757955484|Filippo Valsorda|A|doc/next/6-stdlib/99-minor/crypto/rand/70924.md
1757955484|Filippo Valsorda|A|doc/next/6-stdlib/99-minor/crypto/rsa/70924.md
1757955484|Filippo Valsorda|A|doc/next/6-stdlib/99-minor/testing/cryptotest/70942.md
1757955484|Filippo Valsorda|M|src/crypto/dsa/dsa.go
1757955484|Filippo Valsorda|M|src/crypto/ecdh/ecdh.go
1757955484|Filippo Valsorda|M|src/crypto/ecdh/nist.go
1757955484|Filippo Valsorda|M|src/crypto/ecdh/x25519.go
1757955484|Filippo Valsorda|M|src/crypto/ecdsa/ecdsa.go
1757955484|Filippo Valsorda|M|src/crypto/ecdsa/ecdsa_legacy.go
1757955484|Filippo Valsorda|M|src/crypto/ed25519/ed25519.go
1757955484|Filippo Valsorda|M|src/crypto/hpke/kem.go
1757955484|Filippo Valsorda|M|src/crypto/hpke/pq.go
1757955484|Filippo Valsorda|M|src/crypto/internal/fips140/drbg/rand.go
1757955484|Filippo Valsorda|M|src/crypto/internal/fips140/rsa/pkcs1v22.go
1757955484|Filippo Valsorda|A|src/crypto/internal/rand/rand.go
1757955484|Filippo Valsorda|A|src/crypto/internal/rand/rand_fipsv1.0.go
1757955484|Filippo Valsorda|A|src/crypto/internal/rand/rand_fipsv2.0.go
1757955484|Filippo Valsorda|M|src/crypto/internal/sysrand/rand.go
1757955484|Filippo Valsorda|M|src/crypto/mlkem/mlkem.go
1757955484|Filippo Valsorda|M|src/crypto/rand/rand.go
1757955484|Filippo Valsorda|M|src/crypto/rand/util.go
1757955484|Filippo Valsorda|M|src/crypto/rsa/pkcs1v15.go
1757955484|Filippo Valsorda|M|src/crypto/rsa/rsa.go
1757955484|Filippo Valsorda|M|src/crypto/tls/handshake_test.go
1757955484|Filippo Valsorda|M|src/go/build/deps_test.go
1757955484|Filippo Valsorda|M|src/internal/godebugs/table.go
1757955484|Filippo Valsorda|M|src/runtime/metrics/doc.go
1757955484|Filippo Valsorda|A|src/testing/cryptotest/rand.go
1757955484|Filippo Valsorda|A|src/testing/cryptotest/rand_test.go
1757955484|Filippo Valsorda|M|src/testing/testing.go
1764012879|Mark Freeman|M|src/cmd/compile/internal/types2/call.go
1764012879|Mark Freeman|M|src/cmd/compile/internal/types2/decl.go
1764012879|Mark Freeman|M|src/cmd/compile/internal/types2/expr.go
1764012879|Mark Freeman|M|src/cmd/compile/internal/types2/lookup.go
1764012879|Mark Freeman|M|src/cmd/compile/internal/types2/named.go
1764012879|Mark Freeman|M|src/cmd/compile/internal/types2/resolver.go
1764012879|Mark Freeman|M|src/cmd/compile/internal/types2/typexpr.go
1764012879|Mark Freeman|M|src/go/types/call.go
1764012879|Mark Freeman|M|src/go/types/decl.go
1764012879|Mark Freeman|M|src/go/types/expr.go
1764012879|Mark Freeman|M|src/go/types/lookup.go
1764012879|Mark Freeman|M|src/go/types/named.go
1764012879|Mark Freeman|M|src/go/types/resolver.go
1764012879|Mark Freeman|M|src/go/types/typexpr.go
1763716925|Xiaolin Zhao|M|src/cmd/asm/internal/asm/testdata/loong64enc1.s
1763716925|Xiaolin Zhao|M|src/cmd/asm/internal/asm/testdata/loong64enc2.s
1763716925|Xiaolin Zhao|M|src/cmd/asm/internal/asm/testdata/loong64enc3.s
1763716925|Xiaolin Zhao|M|src/cmd/internal/obj/loong64/a.out.go
1763716925|Xiaolin Zhao|M|src/cmd/internal/obj/loong64/anames.go
1763716925|Xiaolin Zhao|M|src/cmd/internal/obj/loong64/asm.go
1763716925|Xiaolin Zhao|M|src/cmd/internal/obj/loong64/obj.go
1764082670|thepudds|M|src/cmd/compile/internal/base/debug.go
1764082670|thepudds|M|src/cmd/compile/internal/base/flag.go
1764082670|thepudds|A|src/cmd/compile/internal/escape/alias.go
1764082670|thepudds|M|src/cmd/compile/internal/escape/escape.go
1764082670|thepudds|M|src/cmd/compile/internal/inline/interleaved/interleaved.go
1764082670|thepudds|M|src/cmd/compile/internal/ir/expr.go
1764082670|thepudds|M|src/cmd/compile/internal/ir/symtab.go
1764082670|thepudds|M|src/cmd/compile/internal/ssa/_gen/generic.rules
1764082670|thepudds|M|src/cmd/compile/internal/ssa/rewritegeneric.go
1764082670|thepudds|M|src/cmd/compile/internal/ssagen/ssa.go
1764082670|thepudds|A|src/cmd/compile/internal/test/free_test.go
1764082670|thepudds|M|src/cmd/compile/internal/typecheck/_builtin/runtime.go
1764082670|thepudds|M|src/cmd/compile/internal/typecheck/builtin.go
1764082670|thepudds|M|src/runtime/slice.go
1764082670|thepudds|M|src/runtime/slice_test.go
1764082670|thepudds|M|test/codegen/append.go
1764082670|thepudds|A|test/codegen/append_freegc.go
1764082670|thepudds|A|test/escape_alias.go
1762543215|Ian Lance Taylor|M|src/cmd/link/internal/ld/elf.go
1762819728|Ian Lance Taylor|M|src/cmd/link/internal/ld/data.go
1762819728|Ian Lance Taylor|M|src/cmd/link/internal/ld/pcln.go
1762819728|Ian Lance Taylor|M|src/cmd/link/internal/ld/symtab.go
1763067674|Ian Lance Taylor|M|src/cmd/link/internal/ld/pcln.go
1763067674|Ian Lance Taylor|M|src/debug/gosym/pclntab.go
1763067674|Ian Lance Taylor|M|src/internal/abi/symtab.go
1763067674|Ian Lance Taylor|M|src/runtime/symtab.go
1763409288|Ian Lance Taylor|M|src/cmd/link/cgo_test.go
1763409288|Ian Lance Taylor|M|src/cmd/link/dwarf_test.go
1763409288|Ian Lance Taylor|M|src/cmd/link/elf_test.go
1763409288|Ian Lance Taylor|M|src/cmd/link/link_test.go
1763409288|Ian Lance Taylor|M|src/cmd/link/linkbig_test.go
1763433350|Ian Lance Taylor|M|src/cmd/link/link_test.go
1764042945|Dave Vasilevsky|M|src/os/dir_unix.go
1764042945|Dave Vasilevsky|M|src/syscall/dirent.go
1763802904|胡玮文|M|src/internal/runtime/cgroup/cgroup_test.go
1763780447|胡玮文|M|src/internal/runtime/cgroup/cgroup.go
1763780447|胡玮文|M|src/internal/runtime/cgroup/cgroup_test.go
1764225920|Daniel Morsing|M|src/runtime/secret/asm_amd64.s
1764225920|Daniel Morsing|M|src/runtime/secret/asm_arm64.s
1764225920|Daniel Morsing|M|src/runtime/secret/stubs.go
1764225920|Daniel Morsing|M|src/runtime/secret/testdata/crash.go
1764322800|Daniel Morsing|M|src/runtime/secret/secret_test.go
1763820641|Joel Sing|M|test/codegen/shift.go
1764602789|Alan Donovan|M|src/cmd/go.mod
1764602789|Alan Donovan|M|src/cmd/go.sum
1764602789|Alan Donovan|M|src/cmd/vendor/golang.org/x/tools/go/analysis/passes/inline/inline.go
1764602789|Alan Donovan|M|src/cmd/vendor/golang.org/x/tools/go/analysis/passes/modernize/forvar.go
1764602789|Alan Donovan|M|src/cmd/vendor/golang.org/x/tools/go/analysis/passes/modernize/rangeint.go
1764602789|Alan Donovan|M|src/cmd/vendor/golang.org/x/tools/go/analysis/passes/modernize/stditerators.go
1764602789|Alan Donovan|M|src/cmd/vendor/golang.org/x/tools/go/analysis/passes/modernize/waitgroup.go
1764602789|Alan Donovan|M|src/cmd/vendor/golang.org/x/tools/go/analysis/passes/printf/printf.go
1764602789|Alan Donovan|M|src/cmd/vendor/golang.org/x/tools/internal/analysis/driverutil/fix.go
1764602789|Alan Donovan|M|src/cmd/vendor/golang.org/x/tools/internal/analysis/driverutil/print.go
1764602789|Alan Donovan|M|src/cmd/vendor/golang.org/x/tools/internal/refactor/delete.go
1764602789|Alan Donovan|A|src/cmd/vendor/golang.org/x/tools/internal/refactor/edit.go
1764602789|Alan Donovan|M|src/cmd/vendor/golang.org/x/tools/internal/refactor/imports.go
1764602789|Alan Donovan|M|src/cmd/vendor/golang.org/x/tools/internal/refactor/inline/inline.go
1764602789|Alan Donovan|M|src/cmd/vendor/golang.org/x/tools/internal/refactor/refactor.go
1764602789|Alan Donovan|M|src/cmd/vendor/golang.org/x/tools/internal/stdlib/deps.go
1764602789|Alan Donovan|M|src/cmd/vendor/golang.org/x/tools/internal/stdlib/manifest.go
1764602789|Alan Donovan|M|src/cmd/vendor/golang.org/x/tools/internal/stdlib/stdlib.go
1764602789|Alan Donovan|M|src/cmd/vendor/modules.txt
1764594518|Lin Lin|M|src/cmd/compile/internal/ir/node_gen.go
1764180701|Brad Fitzpatrick|M|doc/initial/6-stdlib/99-minor/0-heading.md
1764180701|Brad Fitzpatrick|M|doc/next/6-stdlib/99-minor/0-heading.md
1764180701|Brad Fitzpatrick|M|doc/next/6-stdlib/99-minor/net/49097.md
1764612952|Michael Pratt|M|doc/next/3-tools.md
1764622801|Michael Pratt|M|src/internal/runtime/cgroup/line_reader_test.go
1764622053|Michael Pratt|M|src/runtime/testdata/testprog/schedmetrics.go
1763676327|Robert Griesemer|M|doc/go_spec.html
1764613943|khr@golang.org|A|src/cmd/compile/internal/test/eq_test.go
1764612470|Michael Anthony Knyszek|M|doc/next/4-runtime.md
1764613774|Michael Anthony Knyszek|M|doc/next/4-runtime.md
1764714733|Robert Griesemer|M|doc/go_spec.html
1764582894|Cuong Manh Le|M|src/cmd/compile/internal/bloop/bloop.go
1764582894|Cuong Manh Le|M|test/bloop.go
1763741105|Alan Donovan|M|src/go/ast/import.go
1763741105|Alan Donovan|M|src/go/doc/example.go
1764714884|Will Faught|M|doc/next/4-runtime.md
1764778467|Gopher Robot|A|api/go1.26.txt
1764778467|Gopher Robot|D|api/next/49097.txt
1764778467|Gopher Robot|D|api/next/51945.txt
1764778467|Gopher Robot|D|api/next/56866.txt
1764778467|Gopher Robot|D|api/next/61642.txt
1764778467|Gopher Robot|D|api/next/63963.txt
1764778467|Gopher Robot|D|api/next/65716.txt
1764778467|Gopher Robot|D|api/next/65954.txt
1764778467|Gopher Robot|D|api/next/66631.txt
1764778467|Gopher Robot|D|api/next/67546.txt
1764778467|Gopher Robot|D|api/next/67813.txt
1764778467|Gopher Robot|D|api/next/68021.txt
1764778467|Gopher Robot|D|api/next/70352.txt
1764778467|Gopher Robot|D|api/next/70942.txt
1764778467|Gopher Robot|D|api/next/71206.txt
1764778467|Gopher Robot|D|api/next/71287.txt
1764778467|Gopher Robot|D|api/next/73161.txt
1764778467|Gopher Robot|D|api/next/73627.txt
1764778467|Gopher Robot|D|api/next/73794.txt
1764778467|Gopher Robot|D|api/next/74425.txt
1764778467|Gopher Robot|D|api/next/74630.txt
1764778467|Gopher Robot|D|api/next/75108.txt
1764778467|Gopher Robot|D|api/next/75300.txt
1764778467|Gopher Robot|D|api/next/75301.txt
1764778467|Gopher Robot|D|api/next/75302.txt
1764778467|Gopher Robot|D|api/next/75325.txt
1764778467|Gopher Robot|D|api/next/75562.txt
1764778467|Gopher Robot|D|api/next/75772.txt
1764778467|Gopher Robot|D|api/next/75849.txt
1764778467|Gopher Robot|D|api/next/76031.txt
1764784170|David Chase|M|src/cmd/compile/internal/ssa/_gen/simdAMD64ops.go
1764784170|David Chase|M|src/cmd/compile/internal/ssa/opGen.go
1764784170|David Chase|M|src/cmd/compile/internal/ssa/rewriteAMD64.go
1764784170|David Chase|M|src/simd/_gen/simdgen/gen_simdMachineOps.go
1764784170|David Chase|M|src/simd/_gen/simdgen/gen_utility.go
1764784170|David Chase|M|src/simd/_gen/simdgen/ops/Compares/categories.yaml
1764784170|David Chase|M|src/simd/ops_amd64.go
1764799860|David Chase|M|src/internal/buildcfg/exp.go
1764757241|qmuntal|M|src/crypto/ecdh/nist.go
1764757241|qmuntal|M|src/crypto/ecdsa/ecdsa.go
1764757241|qmuntal|M|src/crypto/ed25519/ed25519.go
1764757241|qmuntal|M|src/crypto/internal/rand/rand.go
1764757241|qmuntal|M|src/crypto/rand/rand.go
1764757241|qmuntal|M|src/crypto/rsa/fips.go
1764757241|qmuntal|M|src/crypto/rsa/pkcs1v15.go
1764757241|qmuntal|M|src/crypto/rsa/rsa.go
1764889060|Dmitri Shuralyov|M|src/cmd/go.mod
1764889060|Dmitri Shuralyov|M|src/cmd/go.sum
1764889060|Dmitri Shuralyov|M|src/cmd/vendor/golang.org/x/tools/go/analysis/passes/modernize/doc.go
1764889060|Dmitri Shuralyov|M|src/cmd/vendor/golang.org/x/tools/go/analysis/passes/modernize/omitzero.go
1764889060|Dmitri Shuralyov|M|src/cmd/vendor/golang.org/x/tools/go/analysis/passes/modernize/stringscut.go
1764889060|Dmitri Shuralyov|M|src/cmd/vendor/golang.org/x/tools/go/analysis/unitchecker/unitchecker.go
1764889060|Dmitri Shuralyov|M|src/cmd/vendor/golang.org/x/tools/internal/analysis/driverutil/fix.go
1764889060|Dmitri Shuralyov|M|src/cmd/vendor/golang.org/x/tools/internal/refactor/inline/callee.go
1764889060|Dmitri Shuralyov|M|src/cmd/vendor/modules.txt
1764819593|cuishuang|M|src/crypto/md5/gen.go
1764819593|cuishuang|M|src/crypto/tls/ticket.go
1764819593|cuishuang|M|src/encoding/gob/decgen.go
1764819593|cuishuang|M|src/go/ast/walk.go
1764819593|cuishuang|M|src/net/http/cookie.go
1764819593|cuishuang|M|src/runtime/mgc.go
1764947847|David Chase|M|src/simd/internal/simd_test/simd_test.go
1764800307|Michael Anthony Knyszek|M|src/runtime/goroutineleakprofile_test.go
1764800959|Michael Anthony Knyszek|M|src/runtime/crash_test.go
1764800959|Michael Anthony Knyszek|M|src/runtime/goroutineleakprofile_test.go
1764802365|Michael Anthony Knyszek|M|src/runtime/goroutineleakprofile_test.go
1764804138|Michael Anthony Knyszek|M|src/runtime/export_test.go
1764804138|Michael Anthony Knyszek|M|src/runtime/malloc_test.go
1764803246|Michael Anthony Knyszek|M|src/runtime/pinner.go
1764890823|Michael Anthony Knyszek|M|src/runtime/metrics_test.go
1764890823|Michael Anthony Knyszek|M|src/runtime/proc.go
1764890823|Michael Anthony Knyszek|M|src/runtime/runtime2.go
1764890823|Michael Anthony Knyszek|A|src/runtime/testdata/testprogcgo/notingo.go
1764966342|matloob|M|src/cmd/go/go_test.go
1764966342|matloob|A|src/cmd/go/testdata/script/list_template_context_function.txt
1764966342|matloob|A|src/cmd/go/testdata/script/list_test.txt
1764966342|matloob|A|src/cmd/go/testdata/script/list_toolexec_stderr_issue22588.txt
1764966342|matloob|A|src/cmd/go/testdata/script/test_main_compiler_flags.txt
1765203699|khr@golang.org|M|src/runtime/os_wasm.go
1765203699|khr@golang.org|M|src/runtime/stubs_386.go
1765203699|khr@golang.org|M|src/runtime/stubs_arm.go
1765203699|khr@golang.org|M|src/runtime/stubs_loong64.go
1765203699|khr@golang.org|M|src/runtime/stubs_mips64x.go
1765203699|khr@golang.org|M|src/runtime/stubs_mipsx.go
1765203699|khr@golang.org|M|src/runtime/stubs_ppc64x.go
1765203699|khr@golang.org|M|src/runtime/stubs_riscv64.go
1765203699|khr@golang.org|M|src/runtime/stubs_s390x.go
1765033778|Nick Ripley|M|src/runtime/profbuf_test.go
1765209953|Michael Anthony Knyszek|M|src/runtime/metrics_test.go
1765209953|Michael Anthony Knyszek|M|src/runtime/testdata/testprogcgo/notingo.go
1765062371|Ian Lance Taylor|M|src/cmd/link/dwarf_test.go
1765062371|Ian Lance Taylor|M|src/cmd/link/internal/ld/dwarf.go
1765216586|Michael Anthony Knyszek|M|src/runtime/trace/subscribe_test.go
1765214064|Cherry Mui|M|src/cmd/compile/internal/amd64/ssa.go
1765214064|Cherry Mui|M|src/cmd/compile/internal/ssa/_gen/AMD64Ops.go
1765214064|Cherry Mui|M|src/cmd/compile/internal/ssa/opGen.go
1765214064|Cherry Mui|M|src/runtime/asm_amd64.s
1765214064|Cherry Mui|M|src/runtime/race_amd64.s
1765214064|Cherry Mui|M|src/runtime/sys_darwin_amd64.s
1765214064|Cherry Mui|M|src/runtime/sys_dragonfly_amd64.s
1765214064|Cherry Mui|M|src/runtime/sys_freebsd_amd64.s
1765214064|Cherry Mui|M|src/runtime/sys_linux_amd64.s
1765214064|Cherry Mui|M|src/runtime/sys_netbsd_amd64.s
1765214064|Cherry Mui|M|src/runtime/sys_openbsd_amd64.s
1765214064|Cherry Mui|M|src/runtime/sys_windows_amd64.s
1765067974|Ariel Otilibili|M|src/cmd/cgo/doc.go
1765231955|Cherry Mui|M|src/internal/buildcfg/exp.go
1765087220|Ian Lance Taylor|M|src/runtime/asm_ppc64x.s
1765234654|Cherry Mui|M|src/internal/buildcfg/exp.go
1765298921|Cherry Mui|M|src/internal/runtime/gc/scan/filter_amd64.s
1765392354|Cherry Mui|M|src/cmd/compile/internal/ssagen/simdintrinsics.go
1765392354|Cherry Mui|M|src/simd/archsimd/_gen/simdgen/gen_simdIntrinsics.go
1765392354|Cherry Mui|M|src/simd/archsimd/_gen/simdgen/gen_simdTypes.go
1765392354|Cherry Mui|M|src/simd/archsimd/_gen/tmplgen/main.go
1765392354|Cherry Mui|M|src/simd/archsimd/compare_gen_amd64.go
1765392354|Cherry Mui|M|src/simd/archsimd/internal/simd_test/compare_helpers_test.go
1765392354|Cherry Mui|M|src/simd/archsimd/internal/simd_test/comparemasked_helpers_test.go
1765392354|Cherry Mui|M|src/simd/archsimd/internal/simd_test/simd_test.go
1765392354|Cherry Mui|M|src/simd/archsimd/maskmerge_gen_amd64.go
1765392354|Cherry Mui|M|src/simd/archsimd/ops_amd64.go
1765392354|Cherry Mui|M|src/simd/archsimd/other_gen_amd64.go
1764619773|Daniel McCarney|M|src/crypto/internal/fips140test/acvp_test.go
1765237646|Filippo Valsorda|M|src/crypto/cipher/gcm_fips140v2.0_test.go
1765237646|Filippo Valsorda|M|src/crypto/cipher/gcm_test.go
1765237646|Filippo Valsorda|M|src/crypto/internal/fips140/aes/gcm/gcm_nonces.go
1765237194|Filippo Valsorda|M|src/crypto/mlkem/mlkemtest/mlkemtest.go
1765288017|Filippo Valsorda|M|src/crypto/cipher/gcm_fips140v2.0_test.go
1765288017|Filippo Valsorda|M|src/crypto/cipher/gcm_test.go
1765288017|Filippo Valsorda|M|src/crypto/ecdh/ecdh_test.go
1765288017|Filippo Valsorda|M|src/crypto/fips140/enforcement_test.go
1765288017|Filippo Valsorda|D|src/crypto/fips140/testdata/enforcement_test.go
1765288017|Filippo Valsorda|M|src/crypto/internal/cryptotest/fetchmodule.go
1765288017|Filippo Valsorda|M|src/crypto/internal/fips140deps/fipsdeps_test.go
1765288017|Filippo Valsorda|M|src/crypto/internal/fips140test/acvp_test.go
1765288017|Filippo Valsorda|M|src/crypto/internal/fips140test/cast_test.go
1765288017|Filippo Valsorda|M|src/crypto/internal/fips140test/check_test.go
1765288017|Filippo Valsorda|M|src/crypto/internal/sysrand/rand_linux_test.go
1765288017|Filippo Valsorda|M|src/crypto/internal/sysrand/rand_test.go
1765288017|Filippo Valsorda|M|src/crypto/purego_test.go
1765288017|Filippo Valsorda|M|src/crypto/rand/rand_test.go
1765288017|Filippo Valsorda|M|src/crypto/tls/bogo_shim_test.go
1765288017|Filippo Valsorda|M|src/crypto/tls/link_test.go
1765288017|Filippo Valsorda|M|src/crypto/x509/bettertls_test.go
1765288017|Filippo Valsorda|M|src/crypto/x509/name_constraints_test.go
1765288017|Filippo Valsorda|M|src/crypto/x509/root_linux_test.go
1765288017|Filippo Valsorda|M|src/crypto/x509/x509_test.go
1765391341|Mark Freeman|M|src/cmd/compile/internal/types2/cycles.go
1765391341|Mark Freeman|M|src/cmd/compile/internal/types2/named.go
1765391341|Mark Freeman|M|src/go/types/cycles.go
1765391341|Mark Freeman|M|src/go/types/named.go
1765403371|Filippo Valsorda|M|lib/fips140/fips140.sum
1765403371|Filippo Valsorda|A|lib/fips140/v1.1.0-rc1.zip
1765403371|Filippo Valsorda|M|src/internal/buildcfg/cfg.go
1765386345|Cherry Mui|M|src/simd/archsimd/_gen/tmplgen/main.go
1765386345|Cherry Mui|M|src/simd/archsimd/other_gen_amd64.go
1765335056|Michael Anthony Knyszek|M|src/internal/trace/summary.go
1765335056|Michael Anthony Knyszek|M|src/internal/trace/summary_test.go
1765469015|Dmitri Shuralyov|M|lib/time/update.bash
1765469015|Dmitri Shuralyov|M|lib/time/zoneinfo.zip
1765230855|Damien Neil|M|src/encoding/json/jsontext/decode_test.go
1765230855|Damien Neil|M|src/encoding/json/jsontext/token.go
1765393980|Mark Freeman|M|src/cmd/compile/internal/types2/cycles.go
1765393980|Mark Freeman|M|src/cmd/compile/internal/types2/named.go
1765393980|Mark Freeman|M|src/go/types/cycles.go
1765393980|Mark Freeman|M|src/go/types/named.go
1765476156|Michael Anthony Knyszek|M|src/runtime/trace/subscribe_test.go
1765334115|Michael Anthony Knyszek|M|src/runtime/crash_test.go
1765226889|Sean Liao|M|src/go/doc/example.go
1765226889|Sean Liao|A|src/go/doc/testdata/examples/major_version.go
1765226889|Sean Liao|A|src/go/doc/testdata/examples/major_version.golden
1765562454|Cherry Mui|M|src/cmd/link/internal/loader/loader.go
1765480999|Michael Anthony Knyszek|M|src/runtime/proc.go
1765480999|Michael Anthony Knyszek|M|src/runtime/trace/subscribe_test.go
1765335405|Ian Lance Taylor|M|src/cmd/link/internal/ld/symtab.go
1765335405|Ian Lance Taylor|M|src/runtime/stack.go
1765335405|Ian Lance Taylor|M|src/runtime/stkframe.go
1765335405|Ian Lance Taylor|M|src/runtime/symtab.go
1765596837|Cherry Mui|M|src/simd/archsimd/internal/simd_test/simd_test.go
1765596837|Cherry Mui|M|src/simd/archsimd/pkginternal_test.go
1765577893|Ian Lance Taylor|M|src/archive/tar/reader_test.go
1765577893|Ian Lance Taylor|D|src/archive/tar/testdata/gnu-sparse-big.tar
1765577893|Ian Lance Taylor|A|src/archive/tar/testdata/gnu-sparse-big.tar.base64
1765577893|Ian Lance Taylor|D|src/archive/tar/testdata/neg-size.tar
1765577893|Ian Lance Taylor|A|src/archive/tar/testdata/neg-size.tar.base64
1765577893|Ian Lance Taylor|D|src/archive/tar/testdata/pax-sparse-big.tar
1765577893|Ian Lance Taylor|A|src/archive/tar/testdata/pax-sparse-big.tar.base64
1765577893|Ian Lance Taylor|D|src/archive/tar/testdata/writer-big-long.tar
1765577893|Ian Lance Taylor|A|src/archive/tar/testdata/writer-big-long.tar.base64
1765577893|Ian Lance Taylor|M|src/archive/tar/writer_test.go
1765577893|Ian Lance Taylor|M|src/compress/bzip2/bzip2_test.go
1765577893|Ian Lance Taylor|D|src/compress/bzip2/testdata/fail-issue5747.bz2
1765577893|Ian Lance Taylor|A|src/compress/bzip2/testdata/fail-issue5747.bz2.base64
1765824328|Cherry Mui|M|src/cmd/link/internal/x86/asm.go
1765879715|qmuntal|M|src/cmd/dist/test.go
1764021790|Roland Shoemaker|M|src/crypto/tls/conn.go
1764021790|Roland Shoemaker|M|src/crypto/tls/handshake_client_tls13.go
1764021790|Roland Shoemaker|M|src/crypto/tls/handshake_server_tls13.go
1764021790|Roland Shoemaker|M|src/crypto/tls/handshake_test.go
1764021790|Roland Shoemaker|M|src/crypto/tls/quic.go
1735421579|Filippo Valsorda|A|src/crypto/internal/fips140only/fips140only_test.go
1765361585|Daniel Morsing|A|src/runtime/secret/doc.go
1765361585|Daniel Morsing|M|src/runtime/secret/secret.go
1765990207|Filippo Valsorda|D|src/crypto/cipher/gcm_fips140v2.0_test.go
1765990207|Filippo Valsorda|A|src/crypto/cipher/gcm_fips140v1.26_test.go
1765990207|Filippo Valsorda|D|src/crypto/hpke/aead_fipsv1.0.go
1765990207|Filippo Valsorda|A|src/crypto/hpke/aead_fips140v1.0.go
1765990207|Filippo Valsorda|D|src/crypto/hpke/aead_fipsv2.0.go
1765990207|Filippo Valsorda|A|src/crypto/hpke/aead_fips140v1.26.go
1765990207|Filippo Valsorda|D|src/crypto/internal/fips140test/acvp_capabilities_fips140v2.0.json
1765990207|Filippo Valsorda|A|src/crypto/internal/fips140test/acvp_capabilities_fips140v1.26.json
1765990207|Filippo Valsorda|D|src/crypto/internal/fips140test/acvp_fips140v2.0_test.go
1765990207|Filippo Valsorda|A|src/crypto/internal/fips140test/acvp_fips140v1.26_test.go
1765990207|Filippo Valsorda|D|src/crypto/internal/fips140test/acvp_test_fips140v2.0.config.json
1765990207|Filippo Valsorda|A|src/crypto/internal/fips140test/acvp_test_fips140v1.26.config.json
1765990207|Filippo Valsorda|M|src/crypto/internal/fips140test/cast_fips140v1.0_test.go
1765990207|Filippo Valsorda|D|src/crypto/internal/fips140test/cast_fips140v2.0_test.go
1765990207|Filippo Valsorda|A|src/crypto/internal/fips140test/cast_fips140v1.26_test.go
1765990207|Filippo Valsorda|M|src/crypto/internal/fips140test/cast_test.go
1765990207|Filippo Valsorda|D|src/crypto/internal/rand/rand_fipsv1.0.go
1765990207|Filippo Valsorda|A|src/crypto/internal/rand/rand_fips140v1.0.go
1765990207|Filippo Valsorda|D|src/crypto/internal/rand/rand_fipsv2.0.go
1765990207|Filippo Valsorda|A|src/crypto/internal/rand/rand_fips140v1.26.go
1765893057|Daniel Morsing|M|src/runtime/malloc.go
1765893057|Daniel Morsing|M|src/runtime/malloc_generated.go
1765893057|Daniel Morsing|M|src/runtime/malloc_stubs.go
1765893057|Daniel Morsing|M|src/runtime/mheap.go
1765893057|Daniel Morsing|M|src/runtime/secret.go
1765893057|Daniel Morsing|A|src/runtime/secret/alloc_test.go
1765893057|Daniel Morsing|M|src/runtime/secret_nosecret.go
1765999975|Cherry Mui|M|src/simd/archsimd/_gen/simdgen/godefs.go
1765999975|Cherry Mui|M|src/simd/archsimd/_gen/simdgen/ops/Converts/categories.yaml
1765999975|Cherry Mui|M|src/simd/archsimd/_gen/simdgen/ops/Converts/go.yaml
1765999975|Cherry Mui|M|src/simd/archsimd/ops_amd64.go
1766031660|Cherry Mui|M|src/simd/archsimd/_gen/simdgen/ops/Compares/categories.yaml
1766031660|Cherry Mui|M|src/simd/archsimd/ops_amd64.go
1766167233|matloob|M|src/cmd/go/internal/doc/pkgsite.go
1766173739|Cherry Mui|M|src/cmd/compile/internal/amd64/simdssa.go
1766173739|Cherry Mui|M|src/cmd/compile/internal/ssa/_gen/simdAMD64.rules
1766173739|Cherry Mui|M|src/cmd/compile/internal/ssa/_gen/simdAMD64ops.go
1766173739|Cherry Mui|M|src/cmd/compile/internal/ssa/_gen/simdgenericOps.go
1766173739|Cherry Mui|M|src/cmd/compile/internal/ssa/opGen.go
1766173739|Cherry Mui|M|src/cmd/compile/internal/ssa/rewriteAMD64.go
1766173739|Cherry Mui|M|src/cmd/compile/internal/ssagen/simdintrinsics.go
1766173739|Cherry Mui|M|src/simd/archsimd/_gen/simdgen/ops/Converts/go.yaml
1766173739|Cherry Mui|M|src/simd/archsimd/ops_amd64.go
1766181903|Cherry Mui|M|src/cmd/compile/internal/amd64/simdssa.go
1766181903|Cherry Mui|M|src/cmd/compile/internal/ssa/_gen/AMD64.rules
1766181903|Cherry Mui|M|src/cmd/compile/internal/ssa/_gen/simdAMD64.rules
1766181903|Cherry Mui|M|src/cmd/compile/internal/ssa/_gen/simdAMD64ops.go
1766181903|Cherry Mui|M|src/cmd/compile/internal/ssa/_gen/simdgenericOps.go
1766181903|Cherry Mui|M|src/cmd/compile/internal/ssa/opGen.go
1766181903|Cherry Mui|M|src/cmd/compile/internal/ssa/rewriteAMD64.go
1766181903|Cherry Mui|M|src/cmd/compile/internal/ssagen/simdintrinsics.go
1766181903|Cherry Mui|M|src/simd/archsimd/_gen/simdgen/ops/MLOps/categories.yaml
1766181903|Cherry Mui|M|src/simd/archsimd/_gen/simdgen/ops/MLOps/go.yaml
1766181903|Cherry Mui|M|src/simd/archsimd/internal/simd_test/simd_test.go
1766181903|Cherry Mui|M|src/simd/archsimd/ops_amd64.go
1765292783|Alan Donovan|M|src/os/exec/exec.go
1765292783|Alan Donovan|M|src/os/exec/exec_test.go
1766438708|Rob Nichols|M|src/runtime/rt0_freebsd_arm64.s
1766404157|Cuong Manh Le|M|src/cmd/compile/internal/ssa/sccp.go
1766404157|Cuong Manh Le|A|test/fixedbugs/issue76950.go
1766288360|Joel Sing|M|src/cmd/asm/internal/asm/endtoend_test.go
1766511757|Damien Neil|M|src/errors/join_test.go
1766510177|Michael Anthony Knyszek|M|src/runtime/metrics_cgo_test.go
1766510177|Michael Anthony Knyszek|M|src/runtime/proc.go
1766510177|Michael Anthony Knyszek|M|src/runtime/testdata/testprogcgo/notingo.go
1766470052|Kevin Burke|M|src/time/export_test.go
1766470052|Kevin Burke|M|src/time/tick_test.go
1766513513|jjpinto|M|src/bytes/bytes_test.go
1766507496|Cherry Mui|M|src/cmd/compile/internal/amd64/simdssa.go
1766507496|Cherry Mui|M|src/cmd/compile/internal/ssa/_gen/simdAMD64.rules
1766507496|Cherry Mui|M|src/cmd/compile/internal/ssa/_gen/simdAMD64ops.go
1766507496|Cherry Mui|M|src/cmd/compile/internal/ssa/_gen/simdgenericOps.go
1766507496|Cherry Mui|M|src/cmd/compile/internal/ssa/tern_helpers.go
1766507496|Cherry Mui|M|src/cmd/compile/internal/ssagen/simdintrinsics.go
1766507496|Cherry Mui|M|src/simd/archsimd/_gen/simdgen/gen_simdssa.go
1766507496|Cherry Mui|M|src/simd/archsimd/_gen/simdgen/godefs.go
1766507496|Cherry Mui|M|src/simd/archsimd/_gen/tmplgen/main.go
1766507496|Cherry Mui|M|src/simd/archsimd/compare_gen_amd64.go
1766507496|Cherry Mui|M|src/simd/archsimd/cpu.go
1766507496|Cherry Mui|M|src/simd/archsimd/internal/simd_test/binary_helpers_test.go
1766507496|Cherry Mui|M|src/simd/archsimd/internal/simd_test/compare_helpers_test.go
1766507496|Cherry Mui|M|src/simd/archsimd/internal/simd_test/comparemasked_helpers_test.go
1766507496|Cherry Mui|M|src/simd/archsimd/internal/simd_test/generate.go
1766507496|Cherry Mui|M|src/simd/archsimd/internal/simd_test/ternary_helpers_test.go
1766507496|Cherry Mui|M|src/simd/archsimd/internal/simd_test/unary_helpers_test.go
1766507496|Cherry Mui|M|src/simd/archsimd/maskmerge_gen_amd64.go
1766507496|Cherry Mui|M|src/simd/archsimd/ops_amd64.go
1766507496|Cherry Mui|M|src/simd/archsimd/ops_internal_amd64.go
1766507496|Cherry Mui|M|src/simd/archsimd/other_gen_amd64.go
1766507496|Cherry Mui|M|src/simd/archsimd/slice_gen_amd64.go
1766507496|Cherry Mui|M|src/simd/archsimd/types_amd64.go
1766507496|Cherry Mui|M|src/simd/archsimd/unsafe_helpers.go
1766767999|Cherry Mui|M|src/simd/archsimd/_gen/tmplgen/main.go
1766767999|Cherry Mui|M|src/simd/archsimd/internal/simd_test/helpers_test.go
1766767999|Cherry Mui|M|src/simd/archsimd/internal/simd_test/unary_helpers_test.go
1766767999|Cherry Mui|M|src/simd/archsimd/internal/simd_test/unary_test.go
1766034326|Lin Lin|M|src/cmd/internal/bootstrap_test/overlaydir_test.go
1766034326|Lin Lin|M|src/cmd/link/link_test.go
1766759988|jjpinto|M|test/stringrange.go
1767037144|jjpinto|M|test/cmplxdivide.go
1767037144|jjpinto|M|test/map.go
1766779861|Oleg Zaytsev|M|src/encoding/gob/doc.go
1753508652|qiulaidongfeng|M|src/reflect/value.go
1767023510|Cherry Mui|M|src/simd/archsimd/internal/simd_test/unary_test.go
1767030117|Cherry Mui|M|src/simd/archsimd/_gen/tmplgen/main.go
1767030117|Cherry Mui|M|src/simd/archsimd/internal/simd_test/unary_helpers_test.go
1767030117|Cherry Mui|M|src/simd/archsimd/internal/simd_test/unary_test.go
1767040930|Cherry Mui|M|src/simd/archsimd/internal/simd_test/simd_test.go
1765028635|Alexander Musman|M|test/codegen/comparisons.go
1766914187|Daniel Morsing|M|src/runtime/secret/secret_test.go
1767127301|Michael Matloob|M|src/cmd/go/internal/modindex/scan.go
1767127301|Michael Matloob|M|src/cmd/go/testdata/script/list_empty_importpath.txt
1767132505|Cherry Mui|M|src/simd/archsimd/_gen/simdgen/gen_simdTypes.go
1767132505|Cherry Mui|M|src/simd/archsimd/types_amd64.go
1767168016|Cherry Mui|M|src/simd/archsimd/_gen/tmplgen/main.go
1767168016|Cherry Mui|M|src/simd/archsimd/internal/simd_test/compare_helpers_test.go
1767168016|Cherry Mui|M|src/simd/archsimd/internal/simd_test/compare_test.go
1767168016|Cherry Mui|M|src/simd/archsimd/internal/simd_test/helpers_test.go
1767168016|Cherry Mui|M|src/simd/archsimd/internal/simd_test/simulation_helpers_test.go
1766563912|Joel Sing|M|test/codegen/bits.go
1767635768|Cherry Mui|M|src/cmd/compile/internal/amd64/ssa.go
1767635768|Cherry Mui|M|src/cmd/compile/internal/ssa/_gen/AMD64.rules
1767635768|Cherry Mui|M|src/cmd/compile/internal/ssa/_gen/AMD64Ops.go
1767635768|Cherry Mui|M|src/cmd/compile/internal/ssa/opGen.go
1767635768|Cherry Mui|M|src/cmd/compile/internal/ssa/rewriteAMD64.go
1767635768|Cherry Mui|M|src/simd/archsimd/_gen/simdgen/gen_simdTypes.go
1767635768|Cherry Mui|M|src/simd/archsimd/internal/simd_test/simd_test.go
1767635768|Cherry Mui|M|src/simd/archsimd/types_amd64.go
1767371760|Dmitri Shuralyov|M|src/cmd/go.mod
1767371760|Dmitri Shuralyov|M|src/cmd/go.sum
1767371760|Dmitri Shuralyov|M|src/cmd/vendor/golang.org/x/tools/go/analysis/passes/modernize/doc.go
1767371760|Dmitri Shuralyov|M|src/cmd/vendor/golang.org/x/tools/go/analysis/passes/modernize/maps.go
1767371760|Dmitri Shuralyov|M|src/cmd/vendor/golang.org/x/tools/go/analysis/passes/modernize/modernize.go
1767371760|Dmitri Shuralyov|M|src/cmd/vendor/modules.txt
1767737928|Michael Matloob|M|src/cmd/go/internal/work/exec.go
1767737928|Michael Matloob|M|src/cmd/go/internal/work/gc.go
1767822053|Mark Freeman|A|src/internal/types/testdata/check/cycles6.go
1766182476|Filippo Valsorda|M|lib/fips140/fips140.sum
1766182476|Filippo Valsorda|D|lib/fips140/v1.1.0-rc1.zip
1766182476|Filippo Valsorda|A|lib/fips140/v1.26.0.zip
1767654524|jjpinto|M|src/runtime/trace/recorder.go
1767835382|Filippo Valsorda|M|src/crypto/rsa/rsa_test.go
1767653969|jjpinto|M|src/cmd/dist/imports.go
1767981710|Filippo Valsorda|M|src/crypto/internal/fips140test/acvp_test.go
1767981710|Filippo Valsorda|M|src/crypto/internal/fips140test/check_test.go
1767981710|Filippo Valsorda|M|src/crypto/tls/bogo_shim_test.go
1767883491|qmuntal|M|src/net/file_posix.go
1766880506|Ori Bernstein|M|src/os/exec/exec_test.go
1767764803|cuishuang|M|src/cmd/compile/internal/ssagen/ssa.go
1767764803|cuishuang|M|src/simd/archsimd/_gen/simdgen/gen_simdMachineOps.go
1767764803|cuishuang|M|src/simd/archsimd/_gen/simdgen/gen_simdssa.go
1768246659|Michael Matloob|M|src/cmd/compile/internal/ssa/rewrite.go
1768246659|Michael Matloob|M|src/cmd/compile/internal/ssagen/ssa.go
1768246659|Michael Matloob|M|src/runtime/_mkmalloc/mkmalloc.go
1768246659|Michael Matloob|M|src/runtime/malloc_generated.go
1768246659|Michael Matloob|M|src/runtime/malloc_tables_generated.go
1768246659|Michael Matloob|M|test/codegen/strings.go
1768246659|Michael Matloob|M|test/live.go
1768246659|Michael Matloob|M|test/live_regabi.go
1768314893|Austin Clements|M|src/simd/archsimd/_gen/simdgen/gen_simdTypes.go
1768314893|Austin Clements|M|src/simd/archsimd/_gen/simdgen/xed.go
1768314893|Austin Clements|M|src/simd/archsimd/cpu.go
1768314893|Austin Clements|M|src/simd/archsimd/ops_amd64.go
1766182445|Filippo Valsorda|D|src/crypto/internal/fips140test/cast_fips140v1.26_test.go
1766182445|Filippo Valsorda|D|src/crypto/internal/fips140test/cast_fips140v1.0_test.go
1766182445|Filippo Valsorda|A|src/crypto/internal/fips140test/fips140v1.0_test.go
1766182445|Filippo Valsorda|A|src/crypto/internal/fips140test/fips140v1.26_test.go
1766182445|Filippo Valsorda|M|src/crypto/internal/fips140test/fips_test.go
1767738961|Roland Shoemaker|M|src/crypto/tls/common.go
1767738961|Roland Shoemaker|M|src/crypto/tls/handshake_server.go
1767738961|Roland Shoemaker|M|src/crypto/tls/handshake_server_test.go
1767738961|Roland Shoemaker|M|src/crypto/tls/handshake_server_tls13.go
1767738961|Roland Shoemaker|M|src/crypto/tls/tls_test.go
1764869439|Neal Patel|M|src/cmd/go/internal/work/exec.go
1764869439|Neal Patel|M|src/cmd/go/internal/work/security.go
1762304433|Damien Neil|M|src/archive/zip/reader.go
1762304433|Damien Neil|M|src/archive/zip/reader_test.go
1768584039|Michael Pratt|M|doc/godebug.md
1768943939|Alan Donovan|M|src/cmd/compile/internal/staticinit/sched.go
1768943939|Alan Donovan|M|test/newexpr.go
1769024443|Carlos Amedee|M|src/internal/goversion/goversion.go
1769035204|Robert Griesemer|M|src/cmd/compile/internal/types2/call.go
1769035204|Robert Griesemer|M|src/go/types/call.go
1769035204|Robert Griesemer|M|src/internal/types/testdata/check/expr3.go
1769035204|Robert Griesemer|M|src/internal/types/testdata/check/issues0.go
1769035204|Robert Griesemer|A|src/internal/types/testdata/fixedbugs/issue6814.go
1765383384|Cuong Manh Le|M|src/cmd/compile/internal/bloop/bloop.go
1768983627|Cuong Manh Le|M|src/cmd/compile/internal/bloop/bloop.go
1768411990|Keith Randall|M|src/cmd/compile/internal/liveness/plive.go
1763986645|1911860538|M|src/net/http/server.go
1768500872|Neal Patel|M|src/cmd/cgo/internal/testout/out_test.go
1768500872|Neal Patel|A|src/cmd/cgo/internal/testout/testdata/comments.go
1768987969|Guoqi Chen|M|src/cmd/compile/internal/ssa/config.go
1768450933|Gavin Lam|M|src/cmd/compile/internal/ssagen/intrinsics.go
1768450933|Gavin Lam|M|src/cmd/compile/internal/ssagen/intrinsics_test.go
1768450933|Gavin Lam|M|src/internal/runtime/math/math.go
1768450933|Gavin Lam|M|src/runtime/hash64.go
1768450933|Gavin Lam|M|src/runtime/rand.go
1766760504|jjpinto|M|test/heapsampling.go
1768479550|Mark F|M|src/debug/elf/file.go
1768479550|Mark F|M|src/debug/elf/file_test.go
1768661710|Russ Cox|M|api/except.txt
1768661710|Russ Cox|A|api/next/77266.txt
1768661710|Russ Cox|A|doc/next/6-stdlib/99-minor/unicode/77266.md
1768661710|Russ Cox|M|src/strconv/isprint.go
1768661710|Russ Cox|M|src/unicode/script_test.go
1768661710|Russ Cox|M|src/unicode/tables.go
1766504507|khr@golang.org|M|src/encoding/json/decode.go
1766504507|khr@golang.org|M|src/encoding/json/encode.go
1766089779|Keith Randall|M|src/cmd/compile/internal/ssa/_gen/divmod.rules
1766089779|Keith Randall|M|src/cmd/compile/internal/ssa/_gen/generic.rules
1766089779|Keith Randall|M|src/cmd/compile/internal/ssa/check.go
1766089779|Keith Randall|M|src/cmd/compile/internal/ssa/rewritedivmod.go
1766089779|Keith Randall|M|src/cmd/compile/internal/ssagen/intrinsics.go
1763959670|Ian Lance Taylor|M|src/cmd/link/internal/ld/data.go
1763959670|Ian Lance Taylor|M|src/cmd/link/internal/ld/macho_test.go
1763959670|Ian Lance Taylor|M|src/cmd/link/internal/ld/symtab.go
1763959670|Ian Lance Taylor|M|src/cmd/link/internal/ld/xcoff.go
1763959670|Ian Lance Taylor|M|src/cmd/link/internal/sym/symkind.go
1763959670|Ian Lance Taylor|M|src/cmd/link/internal/sym/symkind_string.go
1763959670|Ian Lance Taylor|M|src/cmd/link/internal/wasm/asm.go
1763959670|Ian Lance Taylor|M|src/cmd/link/link_test.go
1766457891|mohanson|M|src/math/abs.go
1766457891|mohanson|M|src/math/copysign.go
1764318429|Ryan Diep|M|src/cmd/compile/internal/test/pgo_inl_test.go
1764318429|Ryan Diep|M|src/cmd/internal/pgo/pprof.go
1764571583|Xiaolin Zhao|M|src/cmd/compile/internal/ssa/_gen/LOONG64.rules
1764571583|Xiaolin Zhao|M|src/cmd/compile/internal/ssa/rewriteLOONG64.go
1768351530|Josh Bleecher Snyder|M|src/cmd/go/internal/vcs/vcs.go
1768351530|Josh Bleecher Snyder|M|src/cmd/go/internal/vcs/vcs_test.go
1768351530|Josh Bleecher Snyder|A|src/cmd/go/testdata/script/version_buildvcs_git_worktree.txt
1769186330|Michael Anthony Knyszek|M|src/internal/buildcfg/exp.go
1764984922|Lin Lin|M|src/net/dial_test.go
1764984922|Lin Lin|M|src/net/dnsclient_unix.go
1765072877|Jorropo|M|src/cmd/compile/internal/ssa/prove.go
1765072877|Jorropo|M|src/cmd/compile/internal/ssa/prove_test.go
1765073987|Jorropo|M|src/cmd/compile/internal/ssa/prove.go
1765073987|Jorropo|M|src/cmd/compile/internal/ssa/prove_test.go
1766236295|Jorropo|M|src/cmd/compile/internal/amd64/ssa.go
1766236295|Jorropo|M|src/cmd/compile/internal/ssa/_gen/AMD64latelower.rules
1766236295|Jorropo|M|src/cmd/compile/internal/ssa/_gen/ARM64latelower.rules
1766236295|Jorropo|M|src/cmd/compile/internal/ssa/rewrite.go
1766236295|Jorropo|M|src/cmd/compile/internal/ssa/rewriteAMD64latelower.go
1766236295|Jorropo|M|src/cmd/compile/internal/ssa/rewriteARM64latelower.go
1766236295|Jorropo|M|test/codegen/constants.go
1768978634|xieyuschen|M|src/cmd/compile/internal/loopvar/loopvar_test.go
1768978634|xieyuschen|A|src/cmd/compile/internal/loopvar/testdata/range_esc_closure_linedir.go
1768978634|xieyuschen|M|src/cmd/compile/internal/noder/writer.go
1764379044|khr@golang.org|M|src/cmd/compile/internal/reflectdata/alg.go
1764379044|khr@golang.org|M|src/cmd/compile/internal/walk/compare.go
1764379044|khr@golang.org|M|src/cmd/link/internal/ld/dwarf_test.go
1764898022|Keith Randall|M|src/cmd/compile/internal/reflectdata/alg.go
1764898022|Keith Randall|M|src/runtime/alg.go
1764974738|Keith Randall|M|src/cmd/compile/internal/reflectdata/alg.go
1769158323|Mateusz Poliwczak|M|src/go/scanner/scanner.go
1769158323|Mateusz Poliwczak|M|src/go/scanner/scanner_test.go
1761237622|khr@golang.org|M|src/internal/reflectlite/value.go
1769449642|Dmitri Shuralyov|M|src/README.vendor
1769353165|fumiyanokesinn|M|src/cmd/compile/internal/reflectdata/alg.go
1769353165|fumiyanokesinn|A|test/fixedbugs/issue77303.go
1764846380|wangboyao|M|src/cmd/compile/internal/ssa/_gen/RISCV64Ops.go
1764846380|wangboyao|M|src/cmd/compile/internal/ssa/opGen.go
1764846380|wangboyao|M|src/runtime/asm_riscv64.s
1764846380|wangboyao|M|src/runtime/race_riscv64.s
1764846380|wangboyao|M|src/runtime/sys_openbsd_riscv64.s
1768936999|Mark Freeman|M|src/cmd/compile/internal/types2/index.go
1768936999|Mark Freeman|M|src/go/types/index.go
1768936999|Mark Freeman|M|src/internal/types/testdata/check/cycles6.go
1769100960|Michael Pratt|M|src/internal/runtime/gc/scan/expand_amd64.s
1769100960|Michael Pratt|M|src/internal/runtime/gc/scan/mkasm.go
1769214043|Ian Lance Taylor|M|src/cmd/link/internal/ld/xcoff.go
1764027205|Ian Lance Taylor|M|src/cmd/link/internal/ld/xcoff.go
1764027205|Ian Lance Taylor|M|src/cmd/link/internal/sym/symkind.go
1764027205|Ian Lance Taylor|M|src/cmd/link/internal/sym/symkind_string.go
1764139451|Ian Lance Taylor|M|src/cmd/compile/internal/reflectdata/reflect.go
1764139451|Ian Lance Taylor|M|src/cmd/link/internal/ld/data.go
1764139451|Ian Lance Taylor|M|src/cmd/link/internal/ld/elf_test.go
1764139451|Ian Lance Taylor|M|src/cmd/link/internal/ld/symtab.go
1764139451|Ian Lance Taylor|M|src/cmd/link/internal/ld/typelink.go
1764139451|Ian Lance Taylor|M|src/cmd/link/internal/wasm/asm.go
1764139451|Ian Lance Taylor|M|src/runtime/lockrank.go
1764139451|Ian Lance Taylor|M|src/runtime/mklockrank.go
1764139451|Ian Lance Taylor|M|src/runtime/runtime1.go
1764139451|Ian Lance Taylor|M|src/runtime/symtab.go
1764139451|Ian Lance Taylor|M|src/runtime/type.go
1768275021|Xiaolin Zhao|M|src/cmd/compile/internal/mips/ssa.go
1768275021|Xiaolin Zhao|M|src/cmd/compile/internal/mips64/ssa.go
1768275021|Xiaolin Zhao|M|src/cmd/compile/internal/ssa/_gen/MIPS.rules
1768275021|Xiaolin Zhao|M|src/cmd/compile/internal/ssa/_gen/MIPS64.rules
1768275021|Xiaolin Zhao|M|src/cmd/compile/internal/ssa/_gen/MIPS64Ops.go
1768275021|Xiaolin Zhao|M|src/cmd/compile/internal/ssa/_gen/MIPSOps.go
1768275021|Xiaolin Zhao|M|src/cmd/compile/internal/ssa/opGen.go
1768275021|Xiaolin Zhao|M|src/cmd/compile/internal/ssa/rewriteMIPS.go
1768275021|Xiaolin Zhao|M|src/cmd/compile/internal/ssa/rewriteMIPS64.go
1769049859|Guoqi Chen|M|src/cmd/compile/internal/walk/range.go
1769453732|Roland Shoemaker|M|src/crypto/tls/common.go
1769453732|Roland Shoemaker|M|src/crypto/tls/handshake_client.go
1769453732|Roland Shoemaker|M|src/crypto/tls/handshake_server.go
1769453732|Roland Shoemaker|M|src/crypto/tls/handshake_server_test.go
1769453732|Roland Shoemaker|M|src/crypto/tls/handshake_server_tls13.go
1769562893|Amol Yadav|M|src/runtime/metrics/description_test.go
1769562893|Amol Yadav|M|src/runtime/metrics/sample.go
1769631218|David Chase|M|src/simd/archsimd/_gen/tmplgen/main.go
1769631218|David Chase|M|src/simd/archsimd/maskmerge_gen_amd64.go
1769155789|Mateusz Poliwczak|A|api/next/74958.txt
1769155789|Mateusz Poliwczak|A|doc/next/6-stdlib/99-minor/go/scanner/74958.md
1769155789|Mateusz Poliwczak|M|src/go/scanner/scanner.go
1769155789|Mateusz Poliwczak|M|src/go/scanner/scanner_test.go
1769160512|Mateusz Poliwczak|M|src/go/build/deps_test.go
1769160512|Mateusz Poliwczak|D|src/go/internal/scannerhooks/hooks.go
1769160512|Mateusz Poliwczak|M|src/go/parser/parser.go
1769160512|Mateusz Poliwczak|M|src/go/scanner/scanner.go
1769564086|Ian Lance Taylor|M|src/cmd/link/internal/ld/data.go
1769564086|Ian Lance Taylor|M|src/cmd/link/internal/ld/link.go
1769564086|Ian Lance Taylor|M|src/cmd/link/internal/ld/symtab.go
1769564086|Ian Lance Taylor|M|src/runtime/symtab.go
1769564086|Ian Lance Taylor|M|src/runtime/type.go
1769700369|Guoqi Chen|M|src/cmd/compile/abi-internal.md
1769181147|Mateusz Poliwczak|M|src/go/token/position.go
1769715927|Jonah Uellenberg|M|src/cmd/compile/internal/ssa/prove.go
1769715927|Jonah Uellenberg|M|test/loopbce.go
1769715927|Jonah Uellenberg|M|test/prove.go
1769201980|thepudds|M|src/cmd/compile/internal/bloop/bloop.go
1769201980|thepudds|M|src/cmd/compile/internal/typecheck/dcl.go
1769201980|thepudds|M|src/testing/benchmark_test.go
1769201980|thepudds|A|test/escape_bloop.go
1769553458|Neal Patel|M|src/cmd/go/internal/imports/read_test.go
1769553458|Neal Patel|M|src/cmd/go/internal/load/godebug.go
1769553458|Neal Patel|M|src/cmd/internal/script/engine.go
1769553458|Neal Patel|M|src/crypto/mlkem/mlkem_test.go
1769553458|Neal Patel|M|src/crypto/x509/root_unix_test.go
1769553458|Neal Patel|M|src/encoding/ascii85/ascii85_test.go
1769710369|Vasily Leonenko|M|src/runtime/asm_amd64.s
1765069352|Tony Tang|M|src/runtime/export_test.go
1765069352|Tony Tang|M|src/runtime/mgc.go
1765069352|Tony Tang|M|src/runtime/mgcpacer.go
1769053581|Nicholas S. Husin|M|src/net/http/export_test.go
1769053581|Nicholas S. Husin|M|src/net/http/transport.go
1769053581|Nicholas S. Husin|M|src/net/http/transport_test.go
1769776150|qmuntal|M|src/internal/poll/fd_windows.go
1769682745|Filippo Valsorda|M|src/crypto/tls/common.go
1769804131|Joe Tsai|M|src/encoding/json/bench_test.go
1769804131|Joe Tsai|M|src/encoding/json/v2_bench_test.go
1769804131|Joe Tsai|M|src/encoding/json/v2_stream.go
1769641486|Damien Neil|A|api/next/77169.txt
1769641486|Damien Neil|A|doc/next/6-stdlib/99-minor/testing/synctest/77169.md
1769641486|Damien Neil|M|src/testing/synctest/synctest.go
1769816344|Ian Lance Taylor|M|src/compress/bzip2/bzip2_test.go
1769792843|Filippo Valsorda|M|src/crypto/tls/common.go
1769792843|Filippo Valsorda|M|src/crypto/tls/handshake_server_test.go
1769792843|Filippo Valsorda|M|src/crypto/tls/tls_test.go
1770133521|Michael Anthony Knyszek|M|src/cmd/dist/test.go
1770133521|Michael Anthony Knyszek|M|src/internal/runtime/gc/scan/scan_amd64.s
1770133521|Michael Anthony Knyszek|M|src/internal/runtime/startlinetest/func_amd64.s
1732042643|David Chase|M|src/cmd/compile/internal/base/debug.go
1732042643|David Chase|M|src/cmd/compile/internal/bloop/bloop.go
1732042643|David Chase|M|src/cmd/compile/internal/deadlocals/deadlocals.go
1732042643|David Chase|M|src/cmd/compile/internal/escape/escape.go
1732042643|David Chase|M|src/cmd/compile/internal/gc/compile.go
1732042643|David Chase|M|src/cmd/compile/internal/inline/inl.go
1732042643|David Chase|M|src/cmd/compile/internal/ir/dump.go
1732042643|David Chase|A|src/cmd/compile/internal/ir/dump_test.go
1732042643|David Chase|M|src/cmd/compile/internal/ir/fmt.go
1732042643|David Chase|M|src/cmd/compile/internal/ir/func.go
1732042643|David Chase|M|src/cmd/compile/internal/ir/node.go
1732042643|David Chase|M|src/cmd/compile/internal/loopvar/loopvar.go
1732042643|David Chase|M|src/cmd/compile/internal/slice/slice.go
1769805479|David Chase|M|src/cmd/compile/internal/ir/html.go
1769816029|Ian Lance Taylor|M|src/cmd/cgo/gcc.go
1769816029|Ian Lance Taylor|M|src/cmd/cgo/main.go
1769816029|Ian Lance Taylor|M|src/cmd/cgo/out.go
1769816029|Ian Lance Taylor|M|src/cmd/cgo/util.go
1769779617|qmuntal|M|src/internal/poll/fd_mutex.go
1769811145|Keith Randall|M|src/cmd/link/internal/arm64/asm.go
1764793989|Randy Reddig|M|src/net/http/httptrace/trace.go
1709108925|guoguangwu|M|src/net/textproto/reader.go
1768293686|Xiaolin Zhao|M|test/codegen/bits.go
1765929181|Corentin Kerisit|M|src/cmd/link/internal/ld/lib.go
1770237017|Mark Freeman|M|src/cmd/compile/internal/types2/api_predicates.go
1770237017|Mark Freeman|M|src/cmd/compile/internal/types2/assignments.go
1770237017|Mark Freeman|M|src/cmd/compile/internal/types2/builtins.go
1770237017|Mark Freeman|M|src/cmd/compile/internal/types2/call.go
1770237017|Mark Freeman|M|src/cmd/compile/internal/types2/const.go
1770237017|Mark Freeman|M|src/cmd/compile/internal/types2/conversions.go
1770237017|Mark Freeman|M|src/cmd/compile/internal/types2/expr.go
1770237017|Mark Freeman|M|src/cmd/compile/internal/types2/index.go
1770237017|Mark Freeman|M|src/cmd/compile/internal/types2/infer.go
1770237017|Mark Freeman|M|src/cmd/compile/internal/types2/literals.go
1770237017|Mark Freeman|M|src/cmd/compile/internal/types2/operand.go
1770237017|Mark Freeman|M|src/cmd/compile/internal/types2/range.go
1770237017|Mark Freeman|M|src/cmd/compile/internal/types2/recording.go
1770237017|Mark Freeman|M|src/cmd/compile/internal/types2/stmt.go
1770237017|Mark Freeman|M|src/cmd/compile/internal/types2/typexpr.go
1770237017|Mark Freeman|M|src/go/types/api_predicates.go
1770237017|Mark Freeman|M|src/go/types/assignments.go
1770237017|Mark Freeman|M|src/go/types/builtins.go
1770237017|Mark Freeman|M|src/go/types/call.go
1770237017|Mark Freeman|M|src/go/types/const.go
1770237017|Mark Freeman|M|src/go/types/conversions.go
1770237017|Mark Freeman|M|src/go/types/expr.go
1770237017|Mark Freeman|M|src/go/types/index.go
1770237017|Mark Freeman|M|src/go/types/infer.go
1770237017|Mark Freeman|M|src/go/types/literals.go
1770237017|Mark Freeman|M|src/go/types/operand.go
1770237017|Mark Freeman|M|src/go/types/range.go
1770237017|Mark Freeman|M|src/go/types/recording.go
1770237017|Mark Freeman|M|src/go/types/stmt.go
1770237017|Mark Freeman|M|src/go/types/typexpr.go
1770058843|Mark Freeman|M|src/cmd/compile/internal/types2/assignments.go
1770058843|Mark Freeman|M|src/cmd/compile/internal/types2/builtins.go
1770058843|Mark Freeman|M|src/cmd/compile/internal/types2/call.go
1770058843|Mark Freeman|M|src/cmd/compile/internal/types2/const.go
1770058843|Mark Freeman|M|src/cmd/compile/internal/types2/conversions.go
1770058843|Mark Freeman|M|src/cmd/compile/internal/types2/expr.go
1770058843|Mark Freeman|M|src/cmd/compile/internal/types2/index.go
1770058843|Mark Freeman|M|src/cmd/compile/internal/types2/infer.go
1770058843|Mark Freeman|M|src/cmd/compile/internal/types2/literals.go
1770058843|Mark Freeman|M|src/cmd/compile/internal/types2/operand.go
1770058843|Mark Freeman|M|src/cmd/compile/internal/types2/range.go
1770058843|Mark Freeman|M|src/cmd/compile/internal/types2/recording.go
1770058843|Mark Freeman|M|src/cmd/compile/internal/types2/stmt.go
1770058843|Mark Freeman|M|src/cmd/compile/internal/types2/typexpr.go
1770058843|Mark Freeman|M|src/go/types/assignments.go
1770058843|Mark Freeman|M|src/go/types/builtins.go
1770058843|Mark Freeman|M|src/go/types/call.go
1770058843|Mark Freeman|M|src/go/types/const.go
1770058843|Mark Freeman|M|src/go/types/conversions.go
1770058843|Mark Freeman|M|src/go/types/expr.go
1770058843|Mark Freeman|M|src/go/types/index.go
1770058843|Mark Freeman|M|src/go/types/infer.go
1770058843|Mark Freeman|M|src/go/types/literals.go
1770058843|Mark Freeman|M|src/go/types/operand.go
1770058843|Mark Freeman|M|src/go/types/range.go
1770058843|Mark Freeman|M|src/go/types/recording.go
1770058843|Mark Freeman|M|src/go/types/stmt.go
1770058843|Mark Freeman|M|src/go/types/typexpr.go
1770325132|Mark Freeman|M|src/cmd/compile/internal/types2/assignments.go
1770325132|Mark Freeman|M|src/cmd/compile/internal/types2/call.go
1770325132|Mark Freeman|M|src/cmd/compile/internal/types2/const.go
1770325132|Mark Freeman|M|src/cmd/compile/internal/types2/conversions.go
1770325132|Mark Freeman|M|src/cmd/compile/internal/types2/expr.go
1770325132|Mark Freeman|M|src/cmd/compile/internal/types2/index.go
1770325132|Mark Freeman|M|src/cmd/compile/internal/types2/literals.go
1770325132|Mark Freeman|M|src/cmd/compile/internal/types2/operand.go
1770325132|Mark Freeman|M|src/cmd/compile/internal/types2/stmt.go
1770325132|Mark Freeman|M|src/cmd/compile/internal/types2/typexpr.go
1770325132|Mark Freeman|M|src/go/types/assignments.go
1770325132|Mark Freeman|M|src/go/types/call.go
1770325132|Mark Freeman|M|src/go/types/const.go
1770325132|Mark Freeman|M|src/go/types/conversions.go
1770325132|Mark Freeman|M|src/go/types/expr.go
1770325132|Mark Freeman|M|src/go/types/index.go
1770325132|Mark Freeman|M|src/go/types/literals.go
1770325132|Mark Freeman|M|src/go/types/operand.go
1770325132|Mark Freeman|M|src/go/types/stmt.go
1770325132|Mark Freeman|M|src/go/types/typexpr.go
1770335773|Damien Neil|M|src/crypto/tls/conn.go
1770335773|Damien Neil|M|src/crypto/tls/quic.go
1770335773|Damien Neil|M|src/crypto/tls/quic_test.go
1768391662|Michal Bohuslávek|M|src/bufio/bufio.go
1770301015|Cuong Manh Le|M|src/cmd/compile/internal/types/type.go
1770301015|Cuong Manh Le|M|src/simd/archsimd/internal/simd_test/simd_test.go
1764648369|Jorropo|M|src/net/http/http.go
1764648369|Jorropo|M|src/net/http/http_test.go
1764648369|Jorropo|M|src/net/http/request.go
1764648369|Jorropo|M|src/net/http/transport.go
1770267531|Ian Lance Taylor|A|src/cmd/go/testdata/script/cgo_g3.txt
1770267531|Ian Lance Taylor|M|src/cmd/link/internal/loadelf/ldelf.go
1770367699|yongqijia|M|src/cmd/compile/internal/ssagen/intrinsics.go
1770197819|Michal Pristas|M|src/internal/syscall/windows/at_windows.go
1770197819|Michal Pristas|M|src/internal/syscall/windows/at_windows_test.go
1770197819|Michal Pristas|M|src/internal/syscall/windows/syscall_windows.go
1770197819|Michal Pristas|M|src/internal/syscall/windows/types_windows.go
1770197819|Michal Pristas|M|src/internal/syscall/windows/zsyscall_windows.go
1768114806|Tom Thorogood|M|src/simd/archsimd/_gen/simdgen/ops/Others/categories.yaml
1768114806|Tom Thorogood|M|src/simd/archsimd/ops_amd64.go
1770293772|qmuntal|M|src/internal/poll/fd_windows.go
1770302931|qmuntal|M|src/internal/poll/fd_windows.go
1767390120|Keith Randall|M|src/cmd/cover/cover_test.go
1767390120|Keith Randall|A|src/cmd/cover/testdata/align.go
1767390120|Keith Randall|A|src/cmd/cover/testdata/align_test.go
1767390120|Keith Randall|M|src/cmd/link/internal/ld/data.go
1769829331|Ian Lance Taylor|M|src/cmd/link/link_test.go
1770193496|kami-sama|M|src/net/url/url_test.go
1770332899|Ian Lance Taylor|M|src/cmd/link/elf_test.go
1770111580|Guoqi Chen|M|src/runtime/sys_linux_loong64.s
1764803730|Ian Lance Taylor|M|src/runtime/iface.go
1764795432|Roland Shoemaker|M|src/crypto/tls/bogo_config.json
1764795432|Roland Shoemaker|M|src/crypto/tls/bogo_shim_test.go
1770682632|Austin Clements|M|src/runtime/pprof/pprof.go
1770703061|Rongrong|M|test/convert5.go
1770747478|Ian Lance Taylor|M|src/runtime/cgocall.go
1770747478|Ian Lance Taylor|M|src/runtime/proc.go
1764884961|Ian Lance Taylor|M|src/cmd/compile/internal/reflectdata/reflect.go
1764884961|Ian Lance Taylor|M|src/runtime/type.go
1769893455|Alexander Musman|M|src/runtime/mgcmark.go
1769893455|Alexander Musman|M|src/runtime/preempt_noxreg.go
1769893455|Alexander Musman|M|src/runtime/preempt_xreg.go
1770299873|qmuntal|M|src/internal/poll/fd_windows.go
1755796199|Ch1n-ch1nless|M|src/cmd/compile/internal/ssa/compile.go
1755796199|Ch1n-ch1nless|A|src/cmd/compile/internal/ssa/merge_conditional_branches.go
1755796199|Ch1n-ch1nless|A|src/cmd/compile/internal/ssa/merge_conditional_branches_test.go
1755796199|Ch1n-ch1nless|M|src/cmd/compile/internal/ssa/rewrite.go
1755796199|Ch1n-ch1nless|A|src/cmd/compile/internal/test/conditionalCmpConst_test.go
1755796199|Ch1n-ch1nless|A|src/cmd/compile/internal/test/testdata/gen/conditionalCmpConstGen.go
1755796199|Ch1n-ch1nless|M|test/codegen/comparisons.go
1770843612|Simon Deziel|M|src/crypto/tls/common.go
1769829821|Youlin Feng|M|src/cmd/compile/internal/ssa/_gen/generic.rules
1769829821|Youlin Feng|M|src/cmd/compile/internal/ssa/prove.go
1769829821|Youlin Feng|M|src/cmd/compile/internal/ssa/rewritegeneric.go
1769829821|Youlin Feng|A|test/codegen/issue77375.go
1770295472|Daniel Morsing|M|src/cmd/compile/internal/ssa/loopreschedchecks.go
1770295472|Daniel Morsing|M|src/cmd/compile/internal/ssa/sparsetree.go
1770723083|limeidan|M|src/math/big/arith_loong64.s
1770723083|limeidan|M|src/math/big/internal/asmgen/loong64.go
1770403942|Oleksandr Redko|M|src/cmd/go/internal/toolchain/select.go
1770403942|Oleksandr Redko|A|src/cmd/go/testdata/script/mod_run_flags_issue77483.txt
1770125123|Pierre Gimalac|M|src/cmd/go/internal/load/test.go
1770475546|Sean Liao|M|src/time/format.go
1759236856|qmuntal|M|src/runtime/cgo/gcc_darwin_amd64.c
1759236856|qmuntal|M|src/runtime/cgo/gcc_darwin_arm64.c
1759236856|qmuntal|M|src/runtime/cgo/gcc_dragonfly_amd64.c
1759236856|qmuntal|M|src/runtime/cgo/gcc_fatalf.c
1759236856|qmuntal|M|src/runtime/cgo/gcc_freebsd.c
1759236856|qmuntal|M|src/runtime/cgo/gcc_freebsd_amd64.c
1759236856|qmuntal|M|src/runtime/cgo/gcc_libinit.c
1759236856|qmuntal|M|src/runtime/cgo/gcc_libinit_windows.c
1759236856|qmuntal|M|src/runtime/cgo/gcc_linux.c
1759236856|qmuntal|M|src/runtime/cgo/gcc_linux_amd64.c
1759236856|qmuntal|M|src/runtime/cgo/gcc_linux_arm64.c
1759236856|qmuntal|M|src/runtime/cgo/gcc_linux_s390x.c
1759236856|qmuntal|M|src/runtime/cgo/gcc_netbsd.c
1759236856|qmuntal|M|src/runtime/cgo/gcc_openbsd.c
1759236856|qmuntal|M|src/runtime/cgo/gcc_ppc64x.c
1759236856|qmuntal|M|src/runtime/cgo/gcc_solaris_amd64.c
1759236856|qmuntal|D|src/runtime/cgo/gcc_stack_darwin.c
1759236856|qmuntal|D|src/runtime/cgo/gcc_stack_unix.c
1759236856|qmuntal|D|src/runtime/cgo/gcc_stack_windows.c
1759236856|qmuntal|M|src/runtime/cgo/libcgo_unix.h
1759236856|qmuntal|A|src/runtime/cgo/pthread_unix.c
1763764852|Sean Liao|M|doc/godebug.md
1770806015|database64128|M|src/net/netip/netip.go
1770806015|database64128|M|src/net/netip/netip_test.go
1770994065|Mateusz Poliwczak|M|doc/godebug.md
1770994065|Mateusz Poliwczak|M|src/internal/godebugs/table.go
1770303923|George Adams|M|src/cmd/dist/test.go
1770303923|George Adams|M|src/cmd/link/internal/ld/elf.go
1770303923|George Adams|M|src/cmd/link/internal/s390x/asm.go
1770303923|George Adams|M|src/cmd/link/internal/s390x/obj.go
1770303923|George Adams|M|src/internal/platform/supported.go
1770921772|Joe Tsai|M|src/encoding/json/v2/arshal_funcs.go
1770921772|Joe Tsai|M|src/encoding/json/v2/example_test.go
1770944072|Joe Tsai|M|src/encoding/json/v2/arshal.go
1770944072|Joe Tsai|M|src/encoding/json/v2/arshal_methods.go
1770944072|Joe Tsai|M|src/encoding/json/v2/arshal_test.go
1770343750|Guoqi Chen|M|src/cmd/asm/internal/arch/loong64.go
1770343750|Guoqi Chen|M|src/cmd/internal/obj/loong64/list.go
1771092253|khr@golang.org|M|src/cmd/compile/internal/ssa/regalloc.go
1771092253|khr@golang.org|A|test/fixedbugs/issue77604.go
1761236623|Alexander Musman|M|src/cmd/asm/internal/asm/parse.go
1761236623|Alexander Musman|M|src/cmd/internal/obj/arm64/asm7.go
1771341736|Cherry Mui|M|src/cmd/link/internal/ld/testdata/issue10978/main.s
1771341736|Cherry Mui|M|src/runtime/cgo/gcc_freebsd.c
1771341736|Cherry Mui|M|src/runtime/cgo/gcc_netbsd.c
1771341736|Cherry Mui|M|src/runtime/cgo/pthread_unix.c
1771341736|Cherry Mui|M|src/runtime/testdata/testwinlibthrow/veh.c
1771141436|qmuntal|M|src/runtime/cgo/gcc_unix.c
1771006744|Michal Pristas|M|src/internal/syscall/windows/at_windows_test.go
1771006744|Michal Pristas|M|src/internal/syscall/windows/syscall_windows.go
1771006744|Michal Pristas|M|src/internal/syscall/windows/types_windows.go
1771006744|Michal Pristas|M|src/internal/syscall/windows/zsyscall_windows.go
1771434597|khr@golang.org|M|src/internal/runtime/gc/scan/scan_amd64.go
1771432436|Cherry Mui|M|src/runtime/cgocall.go
1759307597|qmuntal|M|src/runtime/asm_ppc64x.s
1759307597|qmuntal|M|src/runtime/cgo/gcc_aix_ppc64.S
1759307597|qmuntal|M|src/runtime/cgo/gcc_linux_ppc64x.S
1759307597|qmuntal|M|src/runtime/cgo/gcc_s390x.S
1759307597|qmuntal|M|src/runtime/cgo/gcc_solaris_amd64.c
1759307597|qmuntal|M|src/runtime/cgo/gcc_unix.c
1759307597|qmuntal|M|src/runtime/cgo/gcc_windows_386.c
1759307597|qmuntal|M|src/runtime/cgo/gcc_windows_amd64.c
1759307597|qmuntal|M|src/runtime/cgo/gcc_windows_arm64.c
1759307597|qmuntal|M|src/runtime/cgo/libcgo.h
1759307597|qmuntal|M|src/runtime/cgo_ppc64x.go
1771335838|qmuntal|M|src/runtime/cgo/gcc_android.c
1771335838|qmuntal|M|src/runtime/cgo/gcc_fatalf.c
1768217990|qmuntal|M|src/cmd/dist/test.go
1769127377|Robert Griesemer|M|src/cmd/compile/internal/syntax/parser.go
1769127377|Robert Griesemer|M|src/cmd/compile/internal/syntax/testdata/smoketest.go
1769127377|Robert Griesemer|M|src/cmd/compile/internal/types2/resolver.go
1769127377|Robert Griesemer|M|src/cmd/compile/internal/types2/signature.go
1769127377|Robert Griesemer|M|src/go/parser/parser.go
1769127377|Robert Griesemer|M|src/go/parser/short_test.go
1769127377|Robert Griesemer|M|src/go/parser/testdata/issue50427.go2
1769127377|Robert Griesemer|M|src/go/types/interface.go
1769127377|Robert Griesemer|M|src/go/types/resolver.go
1769127377|Robert Griesemer|M|src/go/types/signature.go
1769127377|Robert Griesemer|M|src/internal/types/testdata/check/typeparams.go
1769127377|Robert Griesemer|M|src/internal/types/testdata/fixedbugs/issue50427.go
1769127377|Robert Griesemer|M|test/typeparam/issue50317.go
1771452217|Emmanuel T Odeke|A|api/next/73450.txt
1771452217|Emmanuel T Odeke|A|doc/next/6-stdlib/99-minor/net/url/73450.md
1771452217|Emmanuel T Odeke|M|src/net/http/clone.go
1771452217|Emmanuel T Odeke|M|src/net/url/url.go
1771452217|Emmanuel T Odeke|M|src/net/url/url_test.go
1771540867|Jakub Czyż|M|src/mime/type.go
1771540867|Jakub Czyż|M|src/mime/type_test.go
1764601988|Daniel Morsing|M|src/runtime/secret/crash_test.go
1770774248|Keith Randall|M|src/cmd/compile/internal/ssa/decompose.go
1770774248|Keith Randall|M|src/cmd/compile/internal/ssa/expand_calls.go
1770774248|Keith Randall|M|src/cmd/compile/internal/ssa/value.go
1770774248|Keith Randall|A|test/fixedbugs/issue77534.go
1769049377|limeidan|M|src/cmd/internal/obj/loong64/asm.go
1771581364|Mateusz Poliwczak|M|src/crypto/internal/fips140/drbg/rand.go
1771581364|Mateusz Poliwczak|M|src/crypto/internal/fips140only/fips140only.go
1771581364|Mateusz Poliwczak|A|src/crypto/internal/fips140only/random_fips140v1.0.go
1771581364|Mateusz Poliwczak|A|src/crypto/internal/fips140only/random_fips140v1.28.go
1771581364|Mateusz Poliwczak|M|src/crypto/internal/rand/rand.go
1771581364|Mateusz Poliwczak|A|src/crypto/internal/rand/random_fips140v1.0.go
1771581364|Mateusz Poliwczak|A|src/crypto/internal/rand/random_fips140v1.28.go
1771581364|Mateusz Poliwczak|M|src/crypto/rand/rand_test.go
1771054697|Alexander Musman|M|src/cmd/compile/internal/ssa/regalloc.go
1771054697|Alexander Musman|M|src/cmd/compile/internal/ssa/regalloc_test.go
1770333043|David Finkel|M|src/runtime/print.go
1770333043|David Finkel|M|src/runtime/print_quoted_test.go
1771893752|David Finkel|M|src/runtime/print.go
1769071075|limeidan|M|src/cmd/internal/obj/loong64/asm.go
1769677705|limeidan|M|src/cmd/internal/obj/loong64/asm.go
1771840589|qmuntal|M|src/runtime/cgo/gcc_aix_ppc64.S
1765582363|Roland Shoemaker|M|src/internal/runtime/sys/dit_arm64.go
1765582363|Roland Shoemaker|M|src/internal/runtime/sys/dit_arm64.s
1766648127|Emmanuel T Odeke|M|src/log/syslog/doc.go
1771011872|Eyalcfish|A|src/cmd/compile/internal/ssa/issue77582_test.go
1771011872|Eyalcfish|M|src/cmd/compile/internal/ssa/rewritetern.go
1770979890|apocelipes|M|src/log/slog/handler_test.go
1770979890|apocelipes|M|src/log/slog/json_handler_test.go
1770979890|apocelipes|M|src/log/slog/level_test.go
1770979890|apocelipes|M|src/log/slog/value_access_benchmark_test.go
1770979890|apocelipes|M|src/log/slog/value_test.go
1755208126|Derek Parker|M|src/cmd/compile/internal/dwarfgen/dwarf.go
1755208126|Derek Parker|M|src/cmd/compile/internal/ssa/config.go
1755208126|Derek Parker|M|src/cmd/compile/internal/ssa/debug.go
1755208126|Derek Parker|M|src/cmd/compile/internal/ssagen/ssa.go
1755208126|Derek Parker|M|src/cmd/link/dwarf_test.go
1771952319|Roland Shoemaker|M|src/internal/runtime/sys/dit_arm64.s
1770879403|Rongrong|M|src/cmd/compile/internal/ssa/rewrite.go
1772024340|Russ Cox|M|src/cmd/go/testdata/script/mod_get_pseudo_other_branch.txt
1772024340|Russ Cox|M|src/cmd/go/testdata/script/mod_get_pseudo_prefix.txt
1772024340|Russ Cox|M|src/cmd/go/testdata/script/mod_retract_pseudo_base.txt
1771997989|Eyalcfish|D|src/cmd/compile/internal/ssa/issue77582_test.go
1771997989|Eyalcfish|A|test/simd/issue77582.go
1772056148|Cherry Mui|D|test/simd/issue77582.go
1772056148|Cherry Mui|A|src/cmd/compile/internal/ssa/issue77582_test.go
1771066037|qiulaidongfeng|M|src/reflect/iter.go
1771066037|qiulaidongfeng|M|src/reflect/iter_test.go
1771066037|qiulaidongfeng|M|src/reflect/type.go
1771617875|khr@golang.org|M|src/cmd/compile/internal/ssa/value.go
1771617875|khr@golang.org|M|src/cmd/compile/internal/ssagen/ssa.go
1771617875|khr@golang.org|A|test/fixedbugs/issue77635.go
1771617875|khr@golang.org|A|test/fixedbugs/issue77635b.go
1771351658|Neal Patel|M|src/cmd/go/internal/work/exec.go
1772052996|David Chase|M|src/cmd/compile/internal/ssa/rewritetern.go
1772052996|David Chase|M|test/simd.go
1762000693|Alexander Musman|M|src/cmd/compile/internal/ssa/_gen/simdAMD64.rules
1762000693|Alexander Musman|M|src/cmd/compile/internal/ssa/rewriteAMD64.go
1762000693|Alexander Musman|M|src/simd/archsimd/_gen/simdgen/gen_simdrules.go
1762000693|Alexander Musman|M|src/simd/archsimd/_gen/simdgen/gen_utility.go
1762000693|Alexander Musman|M|src/simd/archsimd/_gen/simdgen/ops/ShiftRotate/categories.yaml
1770886824|Wang Deyu|M|src/runtime/export_test.go
1770886824|Wang Deyu|M|src/runtime/malloc_generated.go
1770886824|Wang Deyu|M|src/runtime/malloc_stubs.go
1770886824|Wang Deyu|M|src/runtime/malloc_test.go
1770886824|Wang Deyu|M|src/runtime/mbitmap.go
1768445380|limeidan|M|src/cmd/internal/obj/fips140.go
1768445380|limeidan|M|src/cmd/internal/objabi/reloctype.go
1768445380|limeidan|M|src/cmd/internal/objabi/reloctype_string.go
1768445380|limeidan|M|src/cmd/link/internal/loong64/asm.go
1768756070|Alexander Musman|M|src/cmd/asm/internal/asm/testdata/arm64.s
1768756070|Alexander Musman|M|src/cmd/internal/obj/arm64/asm7.go
1768756070|Alexander Musman|M|src/cmd/internal/obj/arm64/asm_test.go
1771565095|Ian Alexander|M|src/cmd/go/internal/doc/doc.go
1771565095|Ian Alexander|M|src/cmd/go/internal/doc/doc_test.go
1771565095|Ian Alexander|A|src/cmd/go/internal/doc/mod.go
1771565095|Ian Alexander|A|src/cmd/go/testdata/script/issue_63696.txt
1772205265|Tamir Duberstein|M|src/runtime/cgo/gcc_clearenv.c
1770876567|Guoqi Chen|M|src/cmd/compile/internal/ssa/rewrite.go
1772103661|Francisco Ferraz|M|src/cmd/compile/internal/ssagen/ssa.go
1772103661|Francisco Ferraz|A|test/fixedbugs/issue77815.go
1765038786|Jorropo|M|src/cmd/compile/internal/ssa/prove.go
1765038786|Jorropo|M|test/prove.go
1771600446|Joel Sing|M|test/codegen/condmove.go
1772245696|Wang Deyu|M|src/runtime/malloc_test.go
1770290602|limeidan|M|src/cmd/internal/obj/loong64/asm.go
1770290602|limeidan|A|src/cmd/internal/obj/loong64/instOp.go
1765400755|David Chase|M|src/cmd/compile/internal/amd64/ssa.go
1765400755|David Chase|M|src/cmd/compile/internal/ssa/_gen/AMD64.rules
1765400755|David Chase|M|src/cmd/compile/internal/ssa/_gen/AMD64Ops.go
1765400755|David Chase|M|src/cmd/compile/internal/ssa/opGen.go
1765400755|David Chase|M|src/cmd/compile/internal/ssa/rewriteAMD64.go
1765400755|David Chase|M|src/cmd/compile/internal/ssa/rewrite_test.go
1765400755|David Chase|M|test/codegen/floats.go
1765481230|David Chase|M|src/cmd/compile/internal/ssa/_gen/Wasm.rules
1765481230|David Chase|M|src/cmd/compile/internal/ssa/rewriteWasm.go
1765481230|David Chase|M|test/codegen/floats.go
1735947685|Jakub Ciolek|M|src/cmd/compile/internal/ssa/_gen/AMD64.rules
1735947685|Jakub Ciolek|M|src/cmd/compile/internal/ssa/rewriteAMD64.go
1758912465|Mateusz Poliwczak|M|src/reflect/benchmark_test.go
1758912465|Mateusz Poliwczak|M|src/reflect/value.go
1772222268|Michael Pratt|M|src/runtime/export_test.go
1772222268|Michael Pratt|M|src/runtime/print.go
1772222268|Michael Pratt|A|src/runtime/print_test.go
1771972484|Junyang Shao|M|src/cmd/compile/internal/ssa/_gen/simdAMD64.rules
1771972484|Junyang Shao|M|src/cmd/compile/internal/ssa/rewriteAMD64.go
1771972484|Junyang Shao|M|src/simd/archsimd/_gen/simdgen/gen_simdrules.go
1771972484|Junyang Shao|M|src/simd/archsimd/ops_amd64.go
1771972484|Junyang Shao|M|test/codegen/simd.go
1772473212|Brad Fitzpatrick|M|src/syscall/syscall_plan9.go
1742495723|Ian Lance Taylor|M|src/time/tick.go
1770493155|Ravi Sastry Kadali|M|src/net/ipsock_posix.go
1770493155|Ravi Sastry Kadali|M|src/net/ipsock_test.go
1769065486|Taichi Maeda|M|src/image/jpeg/reader.go
1769065486|Taichi Maeda|M|src/image/jpeg/reader_test.go
1769065486|Taichi Maeda|M|src/image/jpeg/scan.go
1769065486|Taichi Maeda|A|src/image/testdata/video-001.q50.121121.jpeg
1769065486|Taichi Maeda|A|src/image/testdata/video-001.q50.211211.jpeg
1769065486|Taichi Maeda|A|src/image/testdata/video-001.q50.221122.jpeg
1769065486|Taichi Maeda|A|src/image/testdata/video-001.q50.222112.jpeg
1772561117|Brad Fitzpatrick|M|src/syscall/syscall_plan9.go
1772561117|Brad Fitzpatrick|M|src/syscall/syscall_test.go
1772215416|Michael Matloob|M|src/cmd/go/internal/modload/init.go
1772215416|Michael Matloob|M|src/cmd/go/internal/workcmd/init.go
1772215416|Michael Matloob|M|src/cmd/go/testdata/script/mod_edit.txt
1772215416|Michael Matloob|D|src/cmd/go/testdata/script/mod_init_version.txt
1772215416|Michael Matloob|M|src/cmd/go/testdata/script/work.txt
1772215416|Michael Matloob|M|src/cmd/go/testdata/script/work_edit.txt
1772215416|Michael Matloob|M|src/cmd/go/testdata/script/work_init_path.txt
1772215416|Michael Matloob|M|src/cmd/go/testdata/script/work_init_toolchain.txt
1772215416|Michael Matloob|D|src/cmd/go/testdata/script/work_init_version.txt
1772215416|Michael Matloob|M|src/cmd/go/testdata/script/work_sync_toolchain.txt
1772215416|Michael Matloob|M|src/cmd/go/testdata/script/work_use_toolchain.txt
1772409183|“Muhammad|M|src/cmd/compile/internal/ssa/_gen/generic.rules
1772409183|“Muhammad|M|src/cmd/compile/internal/ssa/rewritegeneric.go
1772409183|“Muhammad|M|src/cmd/compile/internal/typecheck/_builtin/runtime.go
1772409183|“Muhammad|M|src/cmd/compile/internal/typecheck/builtin.go
1772409183|“Muhammad|M|src/cmd/compile/internal/walk/assign.go
1772409183|“Muhammad|M|src/cmd/compile/internal/walk/range.go
1772409183|“Muhammad|M|src/runtime/malloc.go
1772409183|“Muhammad|M|src/runtime/memmove_test.go
1772659364|Damien Neil|M|src/net/http/doc.go
1772698223|Nigel Tao|M|src/image/jpeg/huffman.go
1772748363|Nicholas S. Husin|M|src/net/ipsock_test.go
1767985921|Roland Shoemaker|M|doc/godebug.md
1767985921|Roland Shoemaker|M|src/html/template/attr_string.go
1767985921|Roland Shoemaker|M|src/html/template/context.go
1767985921|Roland Shoemaker|M|src/html/template/element_string.go
1767985921|Roland Shoemaker|M|src/html/template/escape.go
1767985921|Roland Shoemaker|M|src/html/template/escape_test.go
1767985921|Roland Shoemaker|M|src/html/template/state_string.go
1767985921|Roland Shoemaker|M|src/html/template/transition.go
1767985921|Roland Shoemaker|M|src/internal/godebugs/table.go
1767985921|Roland Shoemaker|M|src/runtime/metrics/doc.go
1770850153|Roland Shoemaker|M|src/crypto/x509/constraints.go
1770850153|Roland Shoemaker|M|src/crypto/x509/name_constraints_test.go
1772444909|Rudolf Polzer|M|src/crypto/x509/name_constraints_test.go
1772669250|Keith Randall|M|src/cmd/compile/internal/amd64/ssa.go
1772669250|Keith Randall|M|src/cmd/compile/internal/arm/ssa.go
1772669250|Keith Randall|M|src/cmd/compile/internal/arm64/ssa.go
1772669250|Keith Randall|M|src/cmd/compile/internal/loong64/ssa.go
1772669250|Keith Randall|M|src/cmd/compile/internal/mips/ssa.go
1772669250|Keith Randall|M|src/cmd/compile/internal/mips64/ssa.go
1772669250|Keith Randall|M|src/cmd/compile/internal/noder/reader.go
1772669250|Keith Randall|M|src/cmd/compile/internal/ppc64/ssa.go
1772669250|Keith Randall|M|src/cmd/compile/internal/riscv64/ssa.go
1772669250|Keith Randall|M|src/cmd/compile/internal/s390x/ssa.go
1772669250|Keith Randall|M|src/cmd/compile/internal/ssa/_gen/386.rules
1772669250|Keith Randall|M|src/cmd/compile/internal/ssa/_gen/386Ops.go
1772669250|Keith Randall|M|src/cmd/compile/internal/ssa/_gen/AMD64.rules
1772669250|Keith Randall|M|src/cmd/compile/internal/ssa/_gen/AMD64Ops.go
1772669250|Keith Randall|M|src/cmd/compile/internal/ssa/_gen/ARM.rules
1772669250|Keith Randall|M|src/cmd/compile/internal/ssa/_gen/ARM64.rules
1772669250|Keith Randall|M|src/cmd/compile/internal/ssa/_gen/ARM64Ops.go
1772669250|Keith Randall|M|src/cmd/compile/internal/ssa/_gen/ARMOps.go
1772669250|Keith Randall|M|src/cmd/compile/internal/ssa/_gen/LOONG64.rules
1772669250|Keith Randall|M|src/cmd/compile/internal/ssa/_gen/LOONG64Ops.go
1772669250|Keith Randall|M|src/cmd/compile/internal/ssa/_gen/MIPS.rules
1772669250|Keith Randall|M|src/cmd/compile/internal/ssa/_gen/MIPS64.rules
1772669250|Keith Randall|M|src/cmd/compile/internal/ssa/_gen/MIPS64Ops.go
1772669250|Keith Randall|M|src/cmd/compile/internal/ssa/_gen/MIPSOps.go
1772669250|Keith Randall|M|src/cmd/compile/internal/ssa/_gen/PPC64.rules
1772669250|Keith Randall|M|src/cmd/compile/internal/ssa/_gen/PPC64Ops.go
1772669250|Keith Randall|M|src/cmd/compile/internal/ssa/_gen/RISCV64.rules
1772669250|Keith Randall|M|src/cmd/compile/internal/ssa/_gen/RISCV64Ops.go
1772669250|Keith Randall|M|src/cmd/compile/internal/ssa/_gen/S390X.rules
1772669250|Keith Randall|M|src/cmd/compile/internal/ssa/_gen/S390XOps.go
1772669250|Keith Randall|M|src/cmd/compile/internal/ssa/_gen/Wasm.rules
1772669250|Keith Randall|M|src/cmd/compile/internal/ssa/_gen/WasmOps.go
1772669250|Keith Randall|M|src/cmd/compile/internal/ssa/_gen/genericOps.go
1772669250|Keith Randall|M|src/cmd/compile/internal/ssa/expand_calls.go
1772669250|Keith Randall|M|src/cmd/compile/internal/ssa/opGen.go
1772669250|Keith Randall|M|src/cmd/compile/internal/ssa/rewrite386.go
1772669250|Keith Randall|M|src/cmd/compile/internal/ssa/rewriteAMD64.go
1772669250|Keith Randall|M|src/cmd/compile/internal/ssa/rewriteARM.go
1772669250|Keith Randall|M|src/cmd/compile/internal/ssa/rewriteARM64.go
1772669250|Keith Randall|M|src/cmd/compile/internal/ssa/rewriteLOONG64.go
1772669250|Keith Randall|M|src/cmd/compile/internal/ssa/rewriteMIPS.go
1772669250|Keith Randall|M|src/cmd/compile/internal/ssa/rewriteMIPS64.go
1772669250|Keith Randall|M|src/cmd/compile/internal/ssa/rewritePPC64.go
1772669250|Keith Randall|M|src/cmd/compile/internal/ssa/rewriteRISCV64.go
1772669250|Keith Randall|M|src/cmd/compile/internal/ssa/rewriteS390X.go
1772669250|Keith Randall|M|src/cmd/compile/internal/ssa/rewriteWasm.go
1772669250|Keith Randall|M|src/cmd/compile/internal/ssagen/ssa.go
1772669250|Keith Randall|M|src/cmd/compile/internal/wasm/ssa.go
1772669250|Keith Randall|M|src/cmd/compile/internal/x86/ssa.go
1772669250|Keith Randall|M|src/cmd/internal/obj/x86/obj6.go
1772669250|Keith Randall|A|test/fixedbugs/issue75764.go
1772554205|Cuong Manh Le|M|src/cmd/compile/internal/typecheck/expr.go
1772554205|Cuong Manh Le|A|test/fixedbugs/issue77919.go
1772671580|Russ Egan|M|src/testing/testing.go
1772671580|Russ Egan|M|src/testing/testing_test.go
1772631931|George Adams|M|src/cmd/compile/internal/ssa/_gen/Wasm.rules
1772631931|George Adams|M|src/cmd/compile/internal/ssa/rewriteWasm.go
1772823063|Michael Matloob|M|src/cmd/go/testdata/script/mod_download_issue51114.txt
1770895936|yongqijia|M|src/cmd/go/internal/modfetch/proxy.go
1770895936|yongqijia|A|src/cmd/go/testdata/script/get_version_error_44810.txt
1493811373|Marvin Stenger|M|src/cmd/compile/internal/ssa/_gen/generic.rules
1493811373|Marvin Stenger|M|src/cmd/compile/internal/ssa/rewritegeneric.go
1772017645|Lars Grote|M|src/encoding/json/v2_scanner.go
1772017645|Lars Grote|M|src/encoding/json/v2_stream_test.go
1772345190|Jorropo|M|test/prove.go
1769024414|Alexander Musman|M|src/cmd/compile/internal/arm64/ssa.go
1769024414|Alexander Musman|M|src/cmd/compile/internal/ssa/_gen/ARM64.rules
1769024414|Alexander Musman|M|src/cmd/compile/internal/ssa/_gen/ARM64Ops.go
1769024414|Alexander Musman|M|src/cmd/compile/internal/ssa/opGen.go
1769024414|Alexander Musman|M|src/cmd/compile/internal/ssa/rewriteARM64.go
1772742045|Ethan Reesor|A|src/cmd/go/testdata/script/test_json_ascii.txt
1772742045|Ethan Reesor|M|src/cmd/internal/test2json/test2json.go
1772742045|Ethan Reesor|A|src/cmd/internal/test2json/testdata/frameescape.json
1772742045|Ethan Reesor|A|src/cmd/internal/test2json/testdata/frameescape.test
1772742045|Ethan Reesor|M|src/testing/sub_test.go
1772742045|Ethan Reesor|M|src/testing/testing.go
1772127588|Russ Cox|M|src/cmd/go/internal/envcmd/env.go
1772127588|Russ Cox|M|src/cmd/go/testdata/script/env_write.txt
1771712624|Ian Alexander|M|src/cmd/go/internal/modload/build.go
1771712624|Ian Alexander|M|src/cmd/go/internal/modload/init.go
1771712624|Ian Alexander|M|src/cmd/go/internal/modload/load.go
1772999196|Michael Matloob|A|src/cmd/go/testdata/mod/vcs-test.golang.org_git_hello.git_v0.0.0-20170922010558-fc3a09f3dc5c.txt
1772999196|Michael Matloob|M|src/cmd/go/testdata/script/get_insecure.txt
1772999196|Michael Matloob|M|src/cmd/go/testdata/script/mod_download_hash.txt
1772999196|Michael Matloob|M|src/cmd/go/testdata/script/mod_get_fallback.txt
1772999196|Michael Matloob|M|src/cmd/go/testdata/script/mod_get_hash.txt
1772999196|Michael Matloob|M|src/cmd/go/testdata/script/mod_getx.txt
1772999196|Michael Matloob|M|src/cmd/go/testdata/script/mod_vcs_missing.txt
1772999196|Michael Matloob|A|src/cmd/go/testdata/vcstest/git/unreachable-hash.txt
1772999196|Michael Matloob|A|src/cmd/go/testdata/mod/golang.org_x_net_v0.1.0.txt
1772999196|Michael Matloob|M|src/cmd/go/testdata/script/get_panic_issue75251.txt
1772999196|Michael Matloob|M|src/cmd/go/testdata/script/list_std_vendor.txt
1731772485|Ethan Reesor|M|src/cmd/internal/script/scripttest/run.go
1731772485|Ethan Reesor|M|src/cmd/internal/script/scripttest/scripttest.go
1731772485|Ethan Reesor|M|src/cmd/internal/test2json/test2json_test.go
1731772485|Ethan Reesor|A|src/cmd/internal/test2json/testdata/README.md
1731772485|Ethan Reesor|A|src/cmd/internal/test2json/testdata/frameescape.src
1731772485|Ethan Reesor|A|src/cmd/internal/test2json/testdata/multiline-error.src
1771454510|Robert Griesemer|M|src/cmd/compile/internal/types2/resolver.go
1771454510|Robert Griesemer|M|src/cmd/compile/internal/types2/version.go
1771454510|Robert Griesemer|M|src/go/types/resolver.go
1771454510|Robert Griesemer|M|src/go/types/version.go
1771454510|Robert Griesemer|M|src/internal/types/testdata/check/typeparams.go
1771454510|Robert Griesemer|A|src/internal/types/testdata/fixedbugs/issue50427a.go
1771454510|Robert Griesemer|D|src/internal/types/testdata/fixedbugs/issue50427.go
1771454510|Robert Griesemer|A|src/internal/types/testdata/fixedbugs/issue50427b.go
1771454510|Robert Griesemer|A|src/internal/types/testdata/spec/methods.go
1771454510|Robert Griesemer|M|test/typeparam/issue50317.go
1773078716|Michael Matloob|M|src/cmd/go/internal/cache/cache.go
1764625313|matloob|M|src/cmd/go/internal/modfetch/codehost/vcs.go
1773057113|Cuong Manh Le|M|src/cmd/compile/internal/walk/builtin.go
1773057113|Cuong Manh Le|A|test/fixedbugs/issue78028.go
1764682932|Joel Sing|M|src/cmd/internal/obj/riscv/obj.go
1764347225|Joel Sing|M|src/cmd/asm/internal/asm/testdata/riscv64.s
1764347225|Joel Sing|M|src/cmd/internal/obj/riscv/obj.go
1764347225|Joel Sing|M|src/cmd/internal/obj/riscv/obj_test.go
1772989106|Russ Cox|M|src/os/getwd_unix_test.go
1771291593|kovan|M|src/io/fs/fs.go
1771878020|dorbmon|M|src/cmd/compile/internal/ssa/_gen/generic.rules
1771878020|dorbmon|M|src/cmd/compile/internal/ssa/rewritegeneric.go
1771878020|dorbmon|A|src/cmd/compile/internal/test/moveload_test.go
1771878020|dorbmon|A|test/codegen/moveload.go
1771878020|dorbmon|M|test/fixedbugs/issue22200.go
1771878020|dorbmon|M|test/fixedbugs/issue22200b.go
1772943459|Keith Randall|M|src/cmd/compile/internal/ssa/_gen/MIPS64Ops.go
1772943459|Keith Randall|M|src/cmd/compile/internal/ssa/opGen.go
1773077562|apocelipes|M|src/bytes/bytes.go
1773077562|apocelipes|M|src/bytes/bytes_test.go
1773077562|apocelipes|D|src/bytes/export_test.go
1773077562|apocelipes|M|src/cmd/go/testdata/script/list_test.txt
1770057091|Mateusz Poliwczak|M|src/net/dnsclient_unix.go
1770057091|Mateusz Poliwczak|M|src/net/dnsclient_unix_test.go
1770057091|Mateusz Poliwczak|M|src/net/dnsconfig.go
1773093878|Thea Heinen|M|src/cmd/internal/obj/arm/obj5.go
1773176533|Keith Randall|M|src/cmd/internal/obj/arm/obj5.go
1772709560|qmuntal|M|src/runtime/cgo/cgo.go
1772709560|qmuntal|M|src/syscall/syscall_solaris.go
1773050916|Noam Cohen|A|src/go/printer/math.go
1773050916|Noam Cohen|M|src/go/printer/nodes.go
1773050916|Noam Cohen|M|src/go/printer/testdata/alignment.golden
1773050916|Noam Cohen|M|src/go/printer/testdata/alignment.input
1715105238|Damien Neil|M|src/net/ip.go
1715105238|Damien Neil|M|src/net/netip/netip.go
1741713057|Ian Lance Taylor|M|src/testing/helper_test.go
1741713057|Ian Lance Taylor|M|src/testing/helperfuncs_test.go
1741713057|Ian Lance Taylor|M|src/testing/testing.go
1772150588|Damien Neil|M|src/net/http/http_test.go
1772150588|Damien Neil|A|src/net/http/internal/http2/ascii.go
1772150588|Damien Neil|A|src/net/http/internal/http2/ascii_test.go
1772150588|Damien Neil|A|src/net/http/internal/http2/ciphers.go
1772150588|Damien Neil|A|src/net/http/internal/http2/ciphers_test.go
1772150588|Damien Neil|A|src/net/http/internal/http2/client_conn_pool.go
1772150588|Damien Neil|A|src/net/http/internal/http2/client_priority_go127.go
1772150588|Damien Neil|A|src/net/http/internal/http2/clientconn_test.go
1772150588|Damien Neil|A|src/net/http/internal/http2/config.go
1772150588|Damien Neil|A|src/net/http/internal/http2/config_go126.go
1772150588|Damien Neil|A|src/net/http/internal/http2/config_test.go
1772150588|Damien Neil|A|src/net/http/internal/http2/connframes_test.go
1772150588|Damien Neil|A|src/net/http/internal/http2/databuffer.go
1772150588|Damien Neil|A|src/net/http/internal/http2/databuffer_test.go
1772150588|Damien Neil|A|src/net/http/internal/http2/errors.go
1772150588|Damien Neil|A|src/net/http/internal/http2/errors_test.go
1772150588|Damien Neil|A|src/net/http/internal/http2/export_test.go
1772150588|Damien Neil|A|src/net/http/internal/http2/flow.go
1772150588|Damien Neil|A|src/net/http/internal/http2/flow_test.go
1772150588|Damien Neil|A|src/net/http/internal/http2/frame.go
1772150588|Damien Neil|A|src/net/http/internal/http2/frame_test.go
1772150588|Damien Neil|A|src/net/http/internal/http2/gotrack.go
1772150588|Damien Neil|A|src/net/http/internal/http2/gotrack_test.go
1772150588|Damien Neil|A|src/net/http/internal/http2/http2.go
1772150588|Damien Neil|A|src/net/http/internal/http2/http2_test.go
1772150588|Damien Neil|A|src/net/http/internal/http2/netconn_test.go
1772150588|Damien Neil|A|src/net/http/internal/http2/pipe.go
1772150588|Damien Neil|A|src/net/http/internal/http2/pipe_test.go
1772150588|Damien Neil|A|src/net/http/internal/http2/server.go
1772150588|Damien Neil|A|src/net/http/internal/http2/server_internal_test.go
1772150588|Damien Neil|A|src/net/http/internal/http2/server_push_test.go
1772150588|Damien Neil|A|src/net/http/internal/http2/server_test.go
1772150588|Damien Neil|A|src/net/http/internal/http2/synctest_test.go
1772150588|Damien Neil|A|src/net/http/internal/http2/transport.go
1772150588|Damien Neil|A|src/net/http/internal/http2/transport_internal_test.go
1772150588|Damien Neil|A|src/net/http/internal/http2/transport_test.go
1772150588|Damien Neil|A|src/net/http/internal/http2/unencrypted.go
1772150588|Damien Neil|A|src/net/http/internal/http2/write.go
1772150588|Damien Neil|A|src/net/http/internal/http2/writesched.go
1772150588|Damien Neil|A|src/net/http/internal/http2/writesched_benchmarks_test.go
1772150588|Damien Neil|A|src/net/http/internal/http2/writesched_priority_rfc7540.go
1772150588|Damien Neil|A|src/net/http/internal/http2/writesched_priority_rfc7540_test.go
1772150588|Damien Neil|A|src/net/http/internal/http2/writesched_priority_rfc9218.go
1772150588|Damien Neil|A|src/net/http/internal/http2/writesched_priority_rfc9218_test.go
1772150588|Damien Neil|A|src/net/http/internal/http2/writesched_random.go
1772150588|Damien Neil|A|src/net/http/internal/http2/writesched_random_test.go
1772150588|Damien Neil|A|src/net/http/internal/http2/writesched_roundrobin.go
1772150588|Damien Neil|A|src/net/http/internal/http2/writesched_roundrobin_test.go
1772150588|Damien Neil|A|src/net/http/internal/http2/writesched_test.go
1772213659|Damien Neil|M|src/net/http/internal/http2/clientconn_test.go
1772213659|Damien Neil|M|src/net/http/internal/http2/config_test.go
1772213659|Damien Neil|M|src/net/http/internal/http2/server_test.go
1772213659|Damien Neil|M|src/net/http/internal/http2/transport_test.go
1772580754|Damien Neil|M|src/net/http/internal/http2/server_test.go
1772581037|Damien Neil|M|src/net/http/internal/http2/server_test.go
1772581377|Damien Neil|M|src/net/http/internal/http2/transport_test.go
1772581560|Damien Neil|M|src/net/http/internal/http2/transport_test.go
1773083642|Damien Neil|M|src/net/http/internal/http2/server.go
1773174494|Damien Neil|M|src/net/http/internal/http2/clientconn_test.go
1773174494|Damien Neil|M|src/net/http/internal/http2/connframes_test.go
1773174494|Damien Neil|M|src/net/http/internal/http2/netconn_test.go
1773174494|Damien Neil|M|src/net/http/internal/http2/server_test.go
1773174494|Damien Neil|M|src/net/http/internal/http2/transport_test.go
1772554345|Damien Neil|M|src/go/build/deps_test.go
1772554345|Damien Neil|M|src/net/http/client.go
1772554345|Damien Neil|M|src/net/http/client_test.go
1772554345|Damien Neil|M|src/net/http/clientserver_test.go
1772554345|Damien Neil|M|src/net/http/export_test.go
1772554345|Damien Neil|D|src/net/http/h2_bundle.go
1772554345|Damien Neil|D|src/net/http/h2_error.go
1772554345|Damien Neil|M|src/net/http/h2_error_test.go
1772554345|Damien Neil|M|src/net/http/http.go
1772554345|Damien Neil|A|src/net/http/http2.go
1772554345|Damien Neil|M|src/net/http/http_test.go
1772554345|Damien Neil|A|src/net/http/internal/common.go
1772554345|Damien Neil|A|src/net/http/internal/http2/api.go
1772554345|Damien Neil|M|src/net/http/internal/http2/client_conn_pool.go
1772554345|Damien Neil|D|src/net/http/internal/http2/client_priority_go127.go
1772554345|Damien Neil|M|src/net/http/internal/http2/clientconn_test.go
1772554345|Damien Neil|M|src/net/http/internal/http2/config.go
1772554345|Damien Neil|D|src/net/http/internal/http2/config_go126.go
1772554345|Damien Neil|M|src/net/http/internal/http2/errors.go
1772554345|Damien Neil|M|src/net/http/internal/http2/export_test.go
1772554345|Damien Neil|M|src/net/http/internal/http2/http2.go
1772554345|Damien Neil|M|src/net/http/internal/http2/http2_test.go
1772554345|Damien Neil|M|src/net/http/internal/http2/netconn_test.go
1772554345|Damien Neil|M|src/net/http/internal/http2/server.go
1772554345|Damien Neil|M|src/net/http/internal/http2/server_internal_test.go
1772554345|Damien Neil|M|src/net/http/internal/http2/server_test.go
1772554345|Damien Neil|M|src/net/http/internal/http2/transport.go
1772554345|Damien Neil|M|src/net/http/internal/http2/transport_internal_test.go
1772554345|Damien Neil|M|src/net/http/internal/http2/transport_test.go
1772554345|Damien Neil|D|src/net/http/internal/http2/unencrypted.go
1772554345|Damien Neil|M|src/net/http/internal/http2/write.go
1772554345|Damien Neil|M|src/net/http/omithttp2.go
1772554345|Damien Neil|M|src/net/http/server.go
1772554345|Damien Neil|M|src/net/http/transport.go
1772554345|Damien Neil|M|src/net/http/transport_internal_test.go
1772554345|Damien Neil|M|src/net/http/transport_test.go
1773178442|Michael Matloob|A|src/cmd/go/internal/verylongtest/script_test.go
1773178442|Michael Matloob|A|src/cmd/go/internal/verylongtest/testdata/script/README
1773178442|Michael Matloob|D|src/cmd/go/testdata/script/link_matching_actionid.txt
1773178442|Michael Matloob|A|src/cmd/go/internal/verylongtest/testdata/script/link_matching_actionid.txt
1773178442|Michael Matloob|D|src/cmd/go/testdata/script/repro_build.txt
1773178442|Michael Matloob|A|src/cmd/go/internal/verylongtest/testdata/script/repro_build.txt
1773178442|Michael Matloob|D|src/cmd/go/testdata/script/test_cache_inputs.txt
1773178442|Michael Matloob|A|src/cmd/go/internal/verylongtest/testdata/script/test_cache_inputs.txt
1773351868|Damien Neil|M|src/net/http/internal/http2/export_test.go
1773351868|Damien Neil|M|src/net/http/internal/http2/server.go
1773351868|Damien Neil|M|src/net/http/internal/http2/server_test.go
1773334699|matloob|M|src/cmd/go/internal/vcweb/hg.go
1773248805|matloob|D|src/cmd/go/go_unix_test.go
1773248805|matloob|A|src/cmd/go/internal/verylongtest/go_unix_test.go
1773276218|Dmitri Shuralyov|M|src/cmd/link/internal/ld/macho.go
1773276218|Dmitri Shuralyov|M|src/cmd/link/link_test.go
1773353085|Robert Griesemer|M|src/cmd/compile/internal/noder/unified.go
1773353085|Robert Griesemer|M|src/cmd/compile/internal/noder/writer.go
1773435917|Sean Liao|M|src/cmd/go/alldocs.go
1773435917|Sean Liao|M|src/cmd/go/internal/test/test.go
1773164701|Mateusz Poliwczak|M|src/reflect/value.go
1773237393|qmuntal|M|src/internal/syscall/windows/at_windows.go
1773700240|Robert Griesemer|M|doc/go_spec.html
1773760665|Sean Liao|M|doc/next/3-tools.md
1773258704|Sean Liao|M|src/cmd/go/alldocs.go
1773258704|Sean Liao|M|src/cmd/go/internal/help/helpdoc.go
1773258704|Sean Liao|M|src/cmd/go/internal/list/list.go
1773258704|Sean Liao|M|src/cmd/go/internal/modcmd/download.go
1773258704|Sean Liao|M|src/cmd/go/internal/modcmd/edit.go
1773258704|Sean Liao|M|src/cmd/go/internal/modcmd/graph.go
1773258704|Sean Liao|M|src/cmd/go/internal/modcmd/init.go
1773258704|Sean Liao|M|src/cmd/go/internal/modcmd/tidy.go
1773258704|Sean Liao|M|src/cmd/go/internal/modcmd/vendor.go
1773258704|Sean Liao|M|src/cmd/go/internal/modcmd/verify.go
1773258704|Sean Liao|M|src/cmd/go/internal/modcmd/why.go
1773258704|Sean Liao|M|src/cmd/go/internal/modfetch/codehost/git.go
1773258704|Sean Liao|M|src/cmd/go/internal/modfetch/fetch.go
1773258704|Sean Liao|M|src/cmd/go/internal/modfetch/proxy.go
1773258704|Sean Liao|M|src/cmd/go/internal/modget/get.go
1773258704|Sean Liao|M|src/cmd/go/internal/modload/help.go
1773258704|Sean Liao|M|src/cmd/go/internal/modload/load.go
1773258704|Sean Liao|M|src/cmd/go/internal/vcs/vcs.go
1773258704|Sean Liao|M|src/cmd/go/internal/work/build.go
1773258704|Sean Liao|M|src/cmd/go/testdata/script/build_buildvcs_auto.txt
1773258704|Sean Liao|M|src/cmd/go/testdata/script/mod_download_private_vcs.txt
1773258704|Sean Liao|M|src/cmd/go/testdata/script/test_buildvcs.txt
1770617542|yongqijia|M|src/context/context.go
1773442029|Filippo Valsorda|M|src/crypto/rsa/rsa.go
1769027399|Alexander Musman|M|src/cmd/compile/internal/ssa/_gen/ARM64.rules
1769027399|Alexander Musman|M|src/cmd/compile/internal/ssa/rewriteARM64.go
1773771196|Keith Randall|M|src/runtime/malloc.go
1773221055|Guoqi Chen|M|src/cmd/internal/obj/loong64/instOp.go
1772442924|limeidan|M|src/cmd/internal/obj/loong64/asm.go
1772442924|limeidan|M|src/cmd/internal/obj/loong64/instOp.go
1773787425|Keith Randall|A|test/fixedbugs/issue78081.go
1773371052|yueyoum|M|src/net/url/url.go
1773371052|yueyoum|M|src/net/url/url_test.go
1762940307|Youlin Feng|M|src/cmd/compile/internal/ssa/downward_counting_loop.go
1762940307|Youlin Feng|M|src/cmd/compile/internal/ssa/loopbce.go
1762940307|Youlin Feng|M|src/cmd/compile/internal/ssa/prove.go
1762940307|Youlin Feng|M|test/prove.go
1763922536|Max Proske|M|src/time/time.go
1772701669|qmuntal|M|src/runtime/asm_386.s
1772701669|qmuntal|M|src/runtime/asm_amd64.s
1772701669|qmuntal|M|src/runtime/asm_arm.s
1772701669|qmuntal|M|src/runtime/asm_arm64.s
1772701669|qmuntal|M|src/runtime/asm_loong64.s
1772701669|qmuntal|M|src/runtime/asm_ppc64x.s
1772701669|qmuntal|M|src/runtime/asm_riscv64.s
1772701669|qmuntal|M|src/runtime/asm_s390x.s
1772701669|qmuntal|M|src/runtime/cgo/gcc_libinit_windows.c
1772701669|qmuntal|M|src/runtime/cgo/libcgo.h
1772701669|qmuntal|M|src/runtime/cgo/pthread_unix.c
1772701669|qmuntal|M|src/runtime/os2_aix.go
1772701669|qmuntal|M|src/runtime/os3_solaris.go
1772701669|qmuntal|M|src/runtime/os_aix.go
1772701669|qmuntal|M|src/runtime/os_darwin.go
1772701669|qmuntal|M|src/runtime/os_dragonfly.go
1772701669|qmuntal|M|src/runtime/os_js.go
1772701669|qmuntal|M|src/runtime/os_netbsd.go
1772701669|qmuntal|M|src/runtime/os_openbsd.go
1772701669|qmuntal|M|src/runtime/os_plan9.go
1772701669|qmuntal|M|src/runtime/os_wasip1.go
1772701669|qmuntal|M|src/runtime/os_windows.go
1772701669|qmuntal|M|src/runtime/proc.go
1772701669|qmuntal|M|src/runtime/stubs.go
1764728715|limeidan|M|src/cmd/compile/internal/loong64/ssa.go
1764728715|limeidan|M|src/cmd/compile/internal/ssa/_gen/LOONG64Ops.go
1764728715|limeidan|M|src/cmd/compile/internal/ssa/opGen.go
1764728715|limeidan|M|src/cmd/internal/obj/loong64/doc.go
1764728715|limeidan|M|src/cmd/link/internal/loong64/asm.go
1773372344|limeidan|M|src/cmd/link/internal/loong64/asm.go
1767097655|Guoqi Chen|M|src/cmd/compile/internal/loong64/ssa.go
1772796134|qmuntal|M|src/internal/runtime/syscall/windows/asm_windows_386.s
1772796134|qmuntal|M|src/internal/runtime/syscall/windows/asm_windows_amd64.s
1772796134|qmuntal|M|src/internal/runtime/syscall/windows/asm_windows_arm64.s
1772796134|qmuntal|M|src/internal/runtime/syscall/windows/syscall_windows.go
1772796134|qmuntal|M|src/runtime/syscall_windows.go
1773421253|Michael Matloob|M|src/cmd/go/chdir_test.go
1773421253|Michael Matloob|M|src/cmd/go/go_test.go
1773421253|Michael Matloob|A|src/cmd/go/internal/verylongtest/go_test.go
1773421253|Michael Matloob|M|src/cmd/go/script_test.go
1773421253|Michael Matloob|M|src/cmd/go/terminal_test.go
1772679713|Robert Griesemer|M|src/cmd/compile/internal/types2/literals.go
1772679713|Robert Griesemer|M|src/cmd/compile/internal/types2/lookup.go
1772679713|Robert Griesemer|M|src/go/types/literals.go
1772679713|Robert Griesemer|M|src/go/types/lookup.go
1772679713|Robert Griesemer|M|src/internal/types/testdata/check/expr3.go
1772679713|Robert Griesemer|A|src/internal/types/testdata/spec/structLits.go
1772679713|Robert Griesemer|M|test/fixedbugs/issue23609.go
1772679713|Robert Griesemer|M|test/fixedbugs/issue26416.go
1773888527|Guoqi Chen|M|src/cmd/compile/internal/test/fixedbugs_test.go
1773760716|Cherry Mui|M|src/cmd/link/internal/arm64/asm.go
1769509964|Julian Zhu|M|src/cmd/compile/internal/mips64/ssa.go
1769509964|Julian Zhu|M|src/cmd/compile/internal/ssa/_gen/MIPS64.rules
1769509964|Julian Zhu|M|src/cmd/compile/internal/ssa/_gen/MIPS64Ops.go
1769509964|Julian Zhu|M|src/cmd/compile/internal/ssa/opGen.go
1769509964|Julian Zhu|M|src/cmd/compile/internal/ssa/rewriteMIPS64.go
1773867234|Dmitri Shuralyov|M|doc/godebug.md
1772935427|Sean Liao|M|src/cmd/go/alldocs.go
1772935427|Sean Liao|M|src/cmd/go/internal/help/helpdoc.go
1770225544|Junyang Shao|M|src/cmd/asm/internal/arch/arch.go
1770225544|Junyang Shao|M|src/cmd/asm/internal/arch/arm64.go
1770225544|Junyang Shao|M|src/cmd/asm/internal/asm/asm.go
1770225544|Junyang Shao|M|src/cmd/asm/internal/asm/endtoend_test.go
1770225544|Junyang Shao|A|src/cmd/asm/internal/asm/testdata/arm64sveenc.s
1770225544|Junyang Shao|A|src/cmd/asm/internal/asm/testdata/arm64sveerror.s
1770225544|Junyang Shao|M|src/cmd/internal/obj/arm64/a.out.go
1770225544|Junyang Shao|M|src/cmd/internal/obj/arm64/anames.go
1770225544|Junyang Shao|A|src/cmd/internal/obj/arm64/anames_gen.go
1770225544|Junyang Shao|M|src/cmd/internal/obj/arm64/asm7.go
1770225544|Junyang Shao|A|src/cmd/internal/obj/arm64/encoding_gen.go
1770225544|Junyang Shao|A|src/cmd/internal/obj/arm64/goops_gen.go
1770225544|Junyang Shao|A|src/cmd/internal/obj/arm64/inst.go
1770225544|Junyang Shao|A|src/cmd/internal/obj/arm64/inst_gen.go
1770225544|Junyang Shao|M|src/cmd/internal/obj/arm64/list7.go
1770225544|Junyang Shao|M|src/cmd/internal/obj/util.go
1769811400|Keith Randall|M|src/cmd/compile/internal/ssa/pair.go
1769811400|Keith Randall|M|test/codegen/memcombine.go
1774043130|Michael Pratt|M|src/cmd/compile/internal/walk/assign.go
1774043130|Michael Pratt|M|src/cmd/compile/internal/walk/range.go
1774052099|Robert Griesemer|M|src/cmd/compile/internal/noder/reader.go
1774052099|Robert Griesemer|A|test/fixedbugs/issue78262.go
1774043407|Michael Pratt|M|src/cmd/compile/internal/ssa/_gen/generic.rules
1774043407|Michael Pratt|M|src/cmd/compile/internal/ssa/rewritegeneric.go
1774043407|Michael Pratt|M|src/cmd/compile/internal/typecheck/_builtin/runtime.go
1774043407|Michael Pratt|M|src/cmd/compile/internal/typecheck/builtin.go
1774043407|Michael Pratt|M|src/cmd/compile/internal/walk/assign.go
1774043407|Michael Pratt|M|src/cmd/compile/internal/walk/range.go
1774043407|Michael Pratt|M|src/runtime/malloc.go
1774043407|Michael Pratt|M|src/runtime/memmove_test.go
1773715625|limeidan|M|src/cmd/link/internal/loong64/asm.go
1773857660|Michael Pratt|M|src/runtime/race/README
1773857660|Michael Pratt|A|src/runtime/race/internal/amd64v1/race_darwin.patch
1773857660|Michael Pratt|M|src/runtime/race/internal/amd64v1/race_darwin.syso
1773857660|Michael Pratt|A|src/runtime/race/internal/amd64v1/race_freebsd.patch
1773857660|Michael Pratt|M|src/runtime/race/internal/amd64v1/race_freebsd.syso
1773857660|Michael Pratt|A|src/runtime/race/internal/amd64v1/race_linux.patch
1773857660|Michael Pratt|M|src/runtime/race/internal/amd64v1/race_linux.syso
1773857660|Michael Pratt|A|src/runtime/race/internal/amd64v1/race_windows.patch
1773857660|Michael Pratt|M|src/runtime/race/internal/amd64v1/race_windows.syso
1773857660|Michael Pratt|A|src/runtime/race/internal/amd64v3/race_linux.patch
1773857660|Michael Pratt|M|src/runtime/race/internal/amd64v3/race_linux.syso
1773857660|Michael Pratt|A|src/runtime/race/race_darwin_arm64.patch
1773857660|Michael Pratt|M|src/runtime/race/race_darwin_arm64.syso
1773857660|Michael Pratt|A|src/runtime/race/race_linux_arm64.patch
1773857660|Michael Pratt|M|src/runtime/race/race_linux_arm64.syso
1773857660|Michael Pratt|A|src/runtime/race/race_linux_loong64.patch
1773857660|Michael Pratt|M|src/runtime/race/race_linux_loong64.syso
1773857660|Michael Pratt|A|src/runtime/race/race_linux_s390x.patch
1773857660|Michael Pratt|M|src/runtime/race/race_linux_s390x.syso
1773416585|qiulaidongfeng|M|src/net/http/internal/http2/client_conn_pool.go
1773416585|qiulaidongfeng|M|src/net/http/internal/http2/databuffer.go
1773416585|qiulaidongfeng|M|src/net/http/internal/http2/databuffer_test.go
1773416585|qiulaidongfeng|M|src/net/http/internal/http2/errors.go
1773416585|qiulaidongfeng|M|src/net/http/internal/http2/export_test.go
1773416585|qiulaidongfeng|M|src/net/http/internal/http2/frame.go
1773416585|qiulaidongfeng|M|src/net/http/internal/http2/frame_test.go
1773416585|qiulaidongfeng|M|src/net/http/internal/http2/gotrack.go
1773416585|qiulaidongfeng|M|src/net/http/internal/http2/gotrack_test.go
1773416585|qiulaidongfeng|M|src/net/http/internal/http2/http2.go
1773416585|qiulaidongfeng|M|src/net/http/internal/http2/http2_test.go
1773416585|qiulaidongfeng|M|src/net/http/internal/http2/server.go
1773416585|qiulaidongfeng|M|src/net/http/internal/http2/server_push_test.go
1773416585|qiulaidongfeng|M|src/net/http/internal/http2/server_test.go
1773416585|qiulaidongfeng|M|src/net/http/internal/http2/transport.go
1773416585|qiulaidongfeng|M|src/net/http/internal/http2/transport_test.go
1773416585|qiulaidongfeng|M|src/net/http/internal/http2/writesched.go
1773416585|qiulaidongfeng|M|src/net/http/internal/http2/writesched_priority_rfc7540.go
1773416585|qiulaidongfeng|M|src/net/http/internal/http2/writesched_roundrobin_test.go
1773710411|Nicholas S. Husin|M|src/net/http/serve_test.go
1773710411|Nicholas S. Husin|M|src/net/http/server.go
1774299773|Nicholas S. Husin|A|doc/next/6-stdlib/99-minor/net/http/77370.md
1774335790|chressie|M|src/net/http/server.go
1773963441|Robert Griesemer|M|doc/go_spec.html
1773876484|Jason A. Donenfeld|M|src/cmd/link/internal/ld/pe.go
1773876484|Jason A. Donenfeld|M|src/runtime/cgo/gcc_libinit_windows.c
1773876484|Jason A. Donenfeld|M|src/runtime/syscall_windows_test.go
1774370788|Michael Matloob|M|src/cmd/go/internal/doc/doc.go
1757481737|Jake Bailey|M|src/cmd/compile/internal/reflectdata/map.go
1757481737|Jake Bailey|M|src/cmd/link/internal/ld/deadcode.go
1757481737|Jake Bailey|M|src/internal/abi/map.go
1757481737|Jake Bailey|A|src/internal/goexperiment/exp_mapsplitgroup_off.go
1757481737|Jake Bailey|A|src/internal/goexperiment/exp_mapsplitgroup_on.go
1757481737|Jake Bailey|M|src/internal/goexperiment/flags.go
1757481737|Jake Bailey|M|src/internal/runtime/maps/group.go
1757481737|Jake Bailey|M|src/internal/runtime/maps/runtime.go
1757481737|Jake Bailey|M|src/internal/runtime/maps/runtime_fast32.go
1757481737|Jake Bailey|M|src/internal/runtime/maps/runtime_fast64.go
1757481737|Jake Bailey|M|src/internal/runtime/maps/runtime_faststr.go
1757481737|Jake Bailey|M|src/internal/runtime/maps/table.go
1757481737|Jake Bailey|M|src/reflect/export_test.go
1757481737|Jake Bailey|M|src/reflect/map.go
1757481737|Jake Bailey|M|src/runtime/runtime-gdb.py
1773799192|Cherry Mui|M|src/cmd/compile/internal/walk/complit.go
1773799192|Cherry Mui|M|src/crypto/internal/fips140/compile_test.go
1773799192|Cherry Mui|A|src/crypto/internal/fips140/export_test.go
1774384276|Damien Neil|M|src/net/url/url.go
1774388967|Damien Neil|M|src/net/url/url.go
1774392333|Damien Neil|M|src/go/build/deps_test.go
1760519932|Jayanth Krishnamurthy jayanth.krishnamurthy@ibm.com|M|src/cmd/compile/internal/ssa/_gen/PPC64.rules
1760519932|Jayanth Krishnamurthy jayanth.krishnamurthy@ibm.com|M|src/cmd/compile/internal/ssa/rewritePPC64.go
1760519932|Jayanth Krishnamurthy jayanth.krishnamurthy@ibm.com|M|test/codegen/shift.go
1774369742|Dmitri Shuralyov|M|src/cmd/dist/test.go
1774369742|Dmitri Shuralyov|M|src/internal/testenv/testenv_test.go
1774369742|Dmitri Shuralyov|M|src/run.bash
1774387142|Damien Neil|M|src/net/url/url.go
1774387142|Damien Neil|M|src/net/url/url_test.go
1774393329|Brad Fitzpatrick|M|src/internal/runtime/syscall/linux/defs_linux_386.go
1774393329|Brad Fitzpatrick|M|src/internal/runtime/syscall/linux/defs_linux_amd64.go
1774393329|Brad Fitzpatrick|M|src/internal/runtime/syscall/linux/defs_linux_arm.go
1774393329|Brad Fitzpatrick|M|src/internal/runtime/syscall/linux/defs_linux_arm64.go
1774393329|Brad Fitzpatrick|M|src/internal/runtime/syscall/linux/defs_linux_loong64.go
1774393329|Brad Fitzpatrick|M|src/internal/runtime/syscall/linux/defs_linux_mips64x.go
1774393329|Brad Fitzpatrick|M|src/internal/runtime/syscall/linux/defs_linux_mipsx.go
1774393329|Brad Fitzpatrick|M|src/internal/runtime/syscall/linux/defs_linux_ppc64x.go
1774393329|Brad Fitzpatrick|M|src/internal/runtime/syscall/linux/defs_linux_riscv64.go
1774393329|Brad Fitzpatrick|M|src/internal/runtime/syscall/linux/defs_linux_s390x.go
1774393329|Brad Fitzpatrick|M|src/internal/runtime/syscall/linux/syscall_linux.go
1774393329|Brad Fitzpatrick|M|src/runtime/os_linux.go
1774393329|Brad Fitzpatrick|M|src/runtime/os_linux32.go
1774393329|Brad Fitzpatrick|M|src/runtime/os_linux64.go
1772749724|Roland Shoemaker|M|src/crypto/x509/verify.go
1772749724|Roland Shoemaker|M|src/crypto/x509/verify_test.go
1773543287|Damien Neil|A|src/database/sql/closemu.go
1773543287|Damien Neil|A|src/database/sql/closemu_test.go
1773543287|Damien Neil|M|src/database/sql/sql.go
1773543287|Damien Neil|M|src/database/sql/sql_test.go
1774462661|matloob|M|src/cmd/dist/build.go
1773256671|Mateusz Poliwczak|M|src/runtime/extern.go
1774477938|Julien Cretel|M|src/encoding/base32/base32.go
1774477938|Julien Cretel|M|src/encoding/base64/base64.go
1774431394|Cuong Manh Le|M|src/cmd/compile/internal/noder/reader.go
1774431394|Cuong Manh Le|A|test/fixedbugs/issue78295.go
1772343066|Jorropo|M|src/cmd/compile/internal/ssa/_gen/ARM64.rules
1772343066|Jorropo|M|src/cmd/compile/internal/ssa/rewriteARM64.go
1772343066|Jorropo|M|test/codegen/bits.go
1774106923|Florian Lehner|M|src/internal/trace/event.go
1774511250|Tobias Grieger|M|src/runtime/trace/annotation_test.go
1774511250|Tobias Grieger|M|src/runtime/tracestring.go
1754746792|Joel Sing|M|src/syscall/exec_bsd.go
1754746792|Joel Sing|M|src/syscall/exec_libc2.go
1754746792|Joel Sing|M|src/syscall/linkname_libc.go
1754746792|Joel Sing|M|src/syscall/linkname_openbsd.go
1754746792|Joel Sing|M|src/syscall/mkall.sh
1754746792|Joel Sing|M|src/syscall/syscall_openbsd.go
1754746792|Joel Sing|D|src/syscall/syscall_openbsd1.go
1754746792|Joel Sing|D|src/syscall/syscall_openbsd_libc.go
1774544911|Mark Freeman|M|src/cmd/compile/internal/noder/reader.go
1765515005|Ian Lance Taylor|M|src/reflect/export_test.go
1765515005|Ian Lance Taylor|M|src/reflect/type.go
1765515005|Ian Lance Taylor|M|src/runtime/runtime1.go
1765689810|Ian Lance Taylor|M|src/cmd/compile/internal/reflectdata/reflect.go
1765689810|Ian Lance Taylor|M|src/cmd/link/internal/ld/data.go
1765689810|Ian Lance Taylor|M|src/cmd/link/internal/ld/symtab.go
1765689810|Ian Lance Taylor|M|src/cmd/link/internal/ld/xcoff.go
1765689810|Ian Lance Taylor|M|src/cmd/link/internal/sym/symkind.go
1765689810|Ian Lance Taylor|M|src/cmd/link/internal/sym/symkind_string.go
1772345213|Jorropo|M|src/cmd/compile/internal/ssa/prove.go
1772345213|Jorropo|M|test/prove.go
1774020484|Youlin Feng|M|src/cmd/compile/internal/ssa/loopbce.go
1774020484|Youlin Feng|M|src/cmd/compile/internal/ssa/prove.go
1774020484|Youlin Feng|M|test/prove.go
1770711985|Nick White|M|src/cmd/go/alldocs.go
1770711985|Nick White|M|src/cmd/go/internal/doc/doc.go
1770711985|Nick White|M|src/cmd/go/internal/doc/doc_test.go
1770711985|Nick White|M|src/cmd/go/internal/doc/pkg.go
1770711985|Nick White|A|src/cmd/go/internal/doc/testdata/pkg_test.go
1770711985|Nick White|A|src/cmd/go/internal/doc/testdata/play_test.go
1774631069|Damien Neil|M|src/database/sql/sql_test.go
1774632796|Cherry Mui|M|src/cmd/link/link_test.go
1773781622|Michael Matloob|M|src/cmd/go/internal/work/cover.go
1773781622|Michael Matloob|A|src/cmd/go/testdata/script/cover_switch_toolchain.txt
1774642406|Michael Pratt|M|src/runtime/race/output_test.go
1774641385|Paul Murphy|M|test/codegen/bits.go
1774661508|Jorropo|M|test/codegen/bits.go
1774618551|Nick Ripley|M|src/internal/profilerecord/profilerecord.go
1774618551|Nick Ripley|M|src/runtime/mheap.go
1774618551|Nick Ripley|M|src/runtime/mprof.go
1774618551|Nick Ripley|M|src/runtime/pprof/pprof.go
1774618551|Nick Ripley|M|src/runtime/pprof/protomem.go
1774618551|Nick Ripley|M|src/runtime/pprof/protomem_test.go
1774711103|Julien Cretel|M|src/encoding/hex/hex.go
1774557020|Mark Freeman|M|src/cmd/compile/internal/noder/writer.go
1774639109|matloob|M|src/cmd/go/alldocs.go
1774639109|matloob|M|src/cmd/go/internal/doc/doc.go
1774639109|matloob|A|src/cmd/go/testdata/script/doc_all_short.txt
1774687811|cuishuang|M|src/cmd/compile/internal/ir/dump.go
1774687811|cuishuang|M|src/cmd/compile/internal/ir/fmt.go
1774687811|cuishuang|M|src/encoding/json/v2/errors.go
1774687811|cuishuang|M|src/internal/fuzz/encoding_test.go
1774687811|cuishuang|M|src/os/root_windows.go
1774722737|Florian Lehner|M|src/internal/trace/tracev2/events.go
1774884103|Cuong Manh Le|M|src/simd/archsimd/_gen/tmplgen/main.go
1774884103|Cuong Manh Le|M|src/simd/archsimd/unsafe_helpers.go
1774884103|Cuong Manh Le|A|test/simd/bug3.go
1774923852|Nicholas S. Husin|M|src/net/http/server.go
1774753365|Jorropo|M|src/cmd/compile/internal/ssa/_gen/generic.rules
1774753365|Jorropo|M|src/cmd/compile/internal/ssa/rewritegeneric.go
1774753365|Jorropo|M|test/codegen/condmove.go
1774851338|Cuong Manh Le|M|src/cmd/compile/internal/walk/builtin.go
1774851338|Cuong Manh Le|M|src/cmd/compile/internal/walk/expr.go
1774851338|Cuong Manh Le|A|test/fixedbugs/issue78410.go
1774843535|Ian Lance Taylor|M|src/cmd/link/internal/ld/data.go
1774843535|Ian Lance Taylor|M|src/cmd/link/internal/ld/link.go
1774843535|Ian Lance Taylor|M|src/cmd/link/internal/ld/symtab.go
1774843535|Ian Lance Taylor|M|src/runtime/iface.go
1774843535|Ian Lance Taylor|M|src/runtime/symtab.go
1774653606|Keith Randall|M|test/codegen/arithmetic.go
1774653606|Keith Randall|M|test/codegen/bits.go
1774653606|Keith Randall|M|test/codegen/bool.go
1774653606|Keith Randall|M|test/codegen/comparisons.go
1774653606|Keith Randall|M|test/codegen/floats.go
1774653606|Keith Randall|M|test/codegen/issue59297.go
1774653606|Keith Randall|M|test/codegen/issue60673.go
1774653606|Keith Randall|M|test/codegen/issue68845.go
1774653606|Keith Randall|M|test/codegen/issue69635.go
1774653606|Keith Randall|M|test/codegen/issue72832.go
1774653606|Keith Randall|M|test/codegen/issue74788.go
1774653606|Keith Randall|M|test/codegen/issue75203.go
1774653606|Keith Randall|M|test/codegen/logic.go
1774653606|Keith Randall|M|test/codegen/memcombine.go
1774653606|Keith Randall|M|test/codegen/memops_bigoffset.go
1774653606|Keith Randall|M|test/codegen/noextend.go
1774653606|Keith Randall|M|test/codegen/simd.go
1774653606|Keith Randall|M|test/codegen/spills.go
1774653606|Keith Randall|M|test/codegen/switch.go
1774653606|Keith Randall|M|test/codegen/unsafe.go
1774653606|Keith Randall|M|test/codegen/writebarrier.go
1774656883|Keith Randall|M|src/cmd/internal/testdir/testdir_test.go
1774656883|Keith Randall|M|test/codegen/arithmetic.go
1774656883|Keith Randall|M|test/codegen/memcombine.go
1774656883|Keith Randall|M|test/codegen/memops_bigoffset.go
1774656883|Keith Randall|M|test/codegen/multiply.go
1767032213|matloob|M|src/cmd/go/internal/doc/dirs.go
1767032213|matloob|M|src/cmd/go/internal/doc/doc.go
1767032213|matloob|M|src/cmd/go/internal/doc/doc_test.go
1767032213|matloob|M|src/cmd/go/internal/doc/mod.go
1767032213|matloob|M|src/cmd/go/internal/doc/pkg.go
1767032213|matloob|M|src/cmd/go/internal/doc/pkgsite.go
1767032213|matloob|M|src/cmd/go/internal/modload/init.go
1767032213|matloob|A|src/cmd/go/testdata/script/doc_http_url.txt
1767032213|matloob|M|src/cmd/go/testdata/script/mod_doc.txt
1767032213|matloob|M|src/cmd/go/testdata/script/mod_outside.txt
1767032213|matloob|M|src/cmd/internal/script/scripttest/readme.go
1774984858|Keith Randall|M|test/codegen/condmove.go
1774890546|Mark Freeman|M|src/cmd/compile/internal/noder/reader.go
1774896398|Mark Freeman|M|src/cmd/compile/internal/noder/writer.go
1774881081|Michael Matloob|M|src/cmd/go/alldocs.go
1774881081|Michael Matloob|M|src/cmd/go/internal/modget/get.go
1774881081|Michael Matloob|M|src/cmd/go/internal/tool/tool.go
1774881081|Michael Matloob|M|src/cmd/go/testdata/script/tool_exename.txt
1774902757|Mark Freeman|M|src/cmd/compile/internal/noder/writer.go
1774597837|limeidan|M|src/cmd/link/internal/loong64/asm.go
1774982618|Michael Matloob|M|src/cmd/go/internal/doc/doc.go
1774982618|Michael Matloob|M|src/cmd/go/internal/modload/init.go
1771201768|Ian Lance Taylor|M|src/cmd/link/internal/sym/symkind.go
1771201768|Ian Lance Taylor|M|src/cmd/link/internal/sym/symkind_string.go
1774986178|Mark Freeman|M|src/internal/pkgbits/version.go
1764096858|Cherry Mui|M|src/cmd/compile/internal/noder/linker.go
1764096858|Cherry Mui|M|src/cmd/compile/internal/noder/noder.go
1764096858|Cherry Mui|M|src/cmd/compile/internal/noder/reader.go
1764096858|Cherry Mui|M|src/cmd/compile/internal/noder/writer.go
1764096858|Cherry Mui|M|src/cmd/compile/internal/ssagen/abi.go
1764096858|Cherry Mui|M|src/cmd/internal/goobj/objfile.go
1764096858|Cherry Mui|M|src/cmd/internal/obj/link.go
1764096858|Cherry Mui|M|src/cmd/internal/obj/objfile.go
1764096858|Cherry Mui|M|src/cmd/link/internal/loader/loader.go
1764096858|Cherry Mui|M|src/iter/iter.go
1764096858|Cherry Mui|M|src/runtime/coro.go
1774976858|Cherry Mui|M|src/runtime/secret/crash_test.go
1775061928|Mark Freeman|M|src/cmd/compile/internal/importer/ureader.go
1775062045|Michael Matloob|M|src/runtime/_mkmalloc/go.mod
1774997937|Robert Griesemer|M|doc/go_spec.html
1775069641|Mark Freeman|M|src/cmd/compile/internal/noder/writer.go
1774892305|Alan Donovan|M|src/cmd/dist/test.go
1774892305|Alan Donovan|M|src/go/build/deps_test.go
1774892305|Alan Donovan|M|src/hash/maphash/maphash.go
1774892305|Alan Donovan|D|src/hash/maphash/maphash_purego.go
1774892305|Alan Donovan|D|src/hash/maphash/maphash_runtime.go
1774892305|Alan Donovan|M|src/hash/maphash/maphash_test.go
1774989299|Michael Pratt|M|src/runtime/asm_loong64.s
1774989299|Michael Pratt|M|src/runtime/asm_s390x.s
1774989299|Michael Pratt|A|src/runtime/libinit.go
1774989299|Michael Pratt|M|src/runtime/proc.go
1774989299|Michael Pratt|M|src/runtime/stubs_loong64.go
1774989299|Michael Pratt|M|src/runtime/stubs_s390x.go
1772040414|Cherry Mui|M|src/runtime/alg.go
1772040414|Cherry Mui|M|src/runtime/stubs.go
1772040414|Cherry Mui|M|src/runtime/stubs_amd64.go
1772040414|Cherry Mui|M|src/runtime/stubs_arm.go
1772040414|Cherry Mui|M|src/runtime/stubs_arm64.go
1772040414|Cherry Mui|M|src/runtime/stubs_loong64.go
1772040414|Cherry Mui|M|src/runtime/stubs_mips64x.go
1772040414|Cherry Mui|M|src/runtime/stubs_mipsx.go
1772040414|Cherry Mui|M|src/runtime/stubs_ppc64x.go
1772040414|Cherry Mui|M|src/runtime/stubs_riscv64.go
1772040414|Cherry Mui|M|src/runtime/stubs_s390x.go
1772040414|Cherry Mui|M|src/sync/atomic/doc.go
1772040414|Cherry Mui|M|src/syscall/linkname_bsd.go
1772040414|Cherry Mui|M|src/syscall/syscall_aix.go
1772040414|Cherry Mui|M|src/syscall/syscall_linux_386.go
1772040414|Cherry Mui|M|src/syscall/syscall_linux_amd64.go
1772040414|Cherry Mui|M|src/syscall/syscall_linux_arm.go
1772040414|Cherry Mui|M|src/syscall/syscall_linux_mipsx.go
1772040414|Cherry Mui|M|src/syscall/syscall_plan9.go
1772040414|Cherry Mui|M|src/syscall/syscall_solaris.go
1775150243|Michael Pratt|M|src/runtime/export_test.go
1775150243|Michael Pratt|M|src/runtime/malloc.go
1775150243|Michael Pratt|M|src/runtime/mem.go
1775072259|Mark Freeman|M|src/cmd/compile/internal/noder/reader.go
1775072259|Mark Freeman|M|src/cmd/compile/internal/noder/writer.go
1775073292|Mark Freeman|M|src/cmd/compile/internal/noder/writer.go
1774754398|Jorropo|M|src/cmd/compile/internal/ssa/_gen/generic.rules
1774754398|Jorropo|M|src/cmd/compile/internal/ssa/rewritegeneric.go
1774754398|Jorropo|M|test/codegen/condmove.go
1771290617|kovan|M|src/path/filepath/path.go
1775231575|Mark Freeman|M|src/cmd/compile/internal/noder/writer.go
1758704620|Qiu Weihong|M|src/cmd/asm/internal/asm/testdata/riscv64.s
1758704620|Qiu Weihong|M|src/cmd/internal/obj/riscv/anames.go
1758704620|Qiu Weihong|M|src/cmd/internal/obj/riscv/cpu.go
1758704620|Qiu Weihong|M|src/cmd/internal/obj/riscv/obj.go
1772497523|Derek Parker|M|src/cmd/compile/internal/dwarfgen/dwarf.go
1772497523|Derek Parker|M|src/cmd/compile/internal/ssa/debug.go
1773238089|Runxi Yu|M|src/os/root_test.go
1738153537|Jorropo|M|src/math/big/intconv.go
1738153537|Jorropo|M|src/math/big/intconv_test.go
1772614871|Jorropo|M|src/runtime/defs_linux_386.go
1772614871|Jorropo|M|src/runtime/defs_linux_arm.go
1772614871|Jorropo|M|src/runtime/defs_linux_mipsx.go
1772614871|Jorropo|M|src/runtime/os_linux32.go
1774758293|Jorropo|M|src/cmd/compile/internal/ssa/_gen/generic.rules
1774758293|Jorropo|M|src/cmd/compile/internal/ssa/rewrite.go
1774758293|Jorropo|M|src/cmd/compile/internal/ssa/rewritegeneric.go
1774758293|Jorropo|M|test/codegen/condmove.go
1775493196|Mark Freeman|M|src/go/internal/gcimporter/ureader.go
1775279845|mohammadmseet-hue|M|src/net/mail/message.go
1775279845|mohammadmseet-hue|M|src/net/mail/message_test.go
1775006017|Guoqi Chen|M|src/runtime/mkpreempt.go
1775006017|Guoqi Chen|M|src/runtime/preempt_loong64.s
1774760955|Jorropo|M|src/cmd/compile/internal/ssa/_gen/generic.rules
1774760955|Jorropo|M|src/cmd/compile/internal/ssa/rewrite.go
1774760955|Jorropo|M|src/cmd/compile/internal/ssa/rewritegeneric.go
1774760955|Jorropo|M|test/codegen/condmove.go
1775443101|Alex Brainman|M|src/cmd/compile/testdata/script/issue77033.txt
1771697274|khr@golang.org|M|src/cmd/compile/internal/ssagen/ssa.go
1775491644|Ryan Currah|M|src/cmd/go/internal/test/test.go
1775491644|Ryan Currah|A|src/cmd/go/testdata/script/test_cache_coverpkg_bug.txt
1775491644|Ryan Currah|A|src/cmd/go/testdata/script/test_cache_coverpkg_no_profile.txt
1774898193|Paul Murphy|M|src/cmd/internal/testdir/testdir_test.go
1771167753|Filippo Valsorda|M|src/crypto/ed25519/ed25519.go
1775569866|Ian Alexander|M|src/cmd/go/internal/bug/bug.go
1775569866|Ian Alexander|M|src/cmd/go/internal/clean/clean.go
1775569866|Ian Alexander|M|src/cmd/go/internal/doc/dirs.go
1775569866|Ian Alexander|M|src/cmd/go/internal/doc/doc.go
1775569866|Ian Alexander|M|src/cmd/go/internal/doc/mod.go
1775569866|Ian Alexander|M|src/cmd/go/internal/envcmd/env.go
1775569866|Ian Alexander|M|src/cmd/go/internal/fmtcmd/fmt.go
1775569866|Ian Alexander|M|src/cmd/go/internal/generate/generate.go
1775569866|Ian Alexander|M|src/cmd/go/internal/list/list.go
1775569866|Ian Alexander|M|src/cmd/go/internal/load/flag.go
1775569866|Ian Alexander|M|src/cmd/go/internal/load/flag_test.go
1775569866|Ian Alexander|M|src/cmd/go/internal/load/godebug.go
1775569866|Ian Alexander|M|src/cmd/go/internal/load/pkg.go
1775569866|Ian Alexander|M|src/cmd/go/internal/load/search.go
1775569866|Ian Alexander|M|src/cmd/go/internal/load/test.go
1775569866|Ian Alexander|M|src/cmd/go/internal/modcmd/download.go
1775569866|Ian Alexander|M|src/cmd/go/internal/modcmd/edit.go
1775569866|Ian Alexander|M|src/cmd/go/internal/modcmd/graph.go
1775569866|Ian Alexander|M|src/cmd/go/internal/modcmd/init.go
1775569866|Ian Alexander|M|src/cmd/go/internal/modcmd/tidy.go
1775569866|Ian Alexander|M|src/cmd/go/internal/modcmd/vendor.go
1775569866|Ian Alexander|M|src/cmd/go/internal/modcmd/verify.go
1775569866|Ian Alexander|M|src/cmd/go/internal/modcmd/why.go
1775569866|Ian Alexander|M|src/cmd/go/internal/modget/get.go
1775569866|Ian Alexander|M|src/cmd/go/internal/modget/query.go
1775569866|Ian Alexander|M|src/cmd/go/internal/modload/build.go
1775569866|Ian Alexander|M|src/cmd/go/internal/modload/buildlist.go
1775569866|Ian Alexander|M|src/cmd/go/internal/modload/edit.go
1775569866|Ian Alexander|M|src/cmd/go/internal/modload/import.go
1775569866|Ian Alexander|M|src/cmd/go/internal/modload/import_test.go
1775569866|Ian Alexander|M|src/cmd/go/internal/modload/init.go
1775569866|Ian Alexander|M|src/cmd/go/internal/modload/list.go
1775569866|Ian Alexander|M|src/cmd/go/internal/modload/load.go
1775569866|Ian Alexander|M|src/cmd/go/internal/modload/modfile.go
1775569866|Ian Alexander|M|src/cmd/go/internal/modload/mvs.go
1775569866|Ian Alexander|M|src/cmd/go/internal/modload/query.go
1775569866|Ian Alexander|M|src/cmd/go/internal/modload/query_test.go
1775569866|Ian Alexander|M|src/cmd/go/internal/modload/search.go
1775569866|Ian Alexander|M|src/cmd/go/internal/modload/vendor.go
1775569866|Ian Alexander|M|src/cmd/go/internal/run/run.go
1775569866|Ian Alexander|M|src/cmd/go/internal/telemetrystats/telemetrystats.go
1775569866|Ian Alexander|M|src/cmd/go/internal/test/test.go
1775569866|Ian Alexander|M|src/cmd/go/internal/tool/tool.go
1775569866|Ian Alexander|M|src/cmd/go/internal/toolchain/select.go
1775569866|Ian Alexander|M|src/cmd/go/internal/toolchain/switch.go
1775569866|Ian Alexander|M|src/cmd/go/internal/vet/vet.go
1775569866|Ian Alexander|M|src/cmd/go/internal/work/action.go
1775569866|Ian Alexander|M|src/cmd/go/internal/work/build.go
1775569866|Ian Alexander|M|src/cmd/go/internal/work/exec.go
1775569866|Ian Alexander|M|src/cmd/go/internal/work/init.go
1775569866|Ian Alexander|M|src/cmd/go/internal/workcmd/edit.go
1775569866|Ian Alexander|M|src/cmd/go/internal/workcmd/init.go
1775569866|Ian Alexander|M|src/cmd/go/internal/workcmd/sync.go
1775569866|Ian Alexander|M|src/cmd/go/internal/workcmd/use.go
1775569866|Ian Alexander|M|src/cmd/go/internal/workcmd/vendor.go
1775503384|Mark Freeman|A|test/genmeth.go
1769728446|Alan Donovan|A|src/hash/maphash/example_bloom_test.go
1774569888|Robert Griesemer|M|doc/go_spec.html
1775603561|Mark Freeman|M|src/cmd/go.mod
1775603561|Mark Freeman|M|src/cmd/go.sum
1775603561|Mark Freeman|M|src/cmd/vendor/modules.txt
1775616463|Nicholas S. Husin|D|doc/next/78137.md
1775616463|Nicholas S. Husin|A|doc/next/6-stdlib/99-minor/net/78137.md
1775484812|Michael Matloob|A|src/cmd/go/internal/tool/signal.go
1775484812|Michael Matloob|A|src/cmd/go/internal/tool/signal_js.go
1775484812|Michael Matloob|A|src/cmd/go/internal/tool/signal_plan9.go
1775484812|Michael Matloob|M|src/cmd/go/internal/tool/tool.go
1763474393|Alexander Musman|M|src/cmd/asm/internal/asm/testdata/arm64.s
1763474393|Alexander Musman|M|src/cmd/internal/obj/arm64/a.out.go
1763474393|Alexander Musman|M|src/cmd/internal/obj/arm64/anames.go
1763474393|Alexander Musman|M|src/cmd/internal/obj/arm64/asm7.go
1775116859|Alexander Musman|M|src/cmd/asm/internal/asm/testdata/arm64.s
1775116859|Alexander Musman|M|src/cmd/asm/internal/asm/testdata/arm64enc.s
1775116859|Alexander Musman|M|src/cmd/asm/internal/asm/testdata/arm64error.s
1775116859|Alexander Musman|M|src/cmd/internal/obj/arm64/a.out.go
1775116859|Alexander Musman|M|src/cmd/internal/obj/arm64/anames.go
1775116859|Alexander Musman|M|src/cmd/internal/obj/arm64/asm7.go
1775590320|Derek Parker|M|src/cmd/compile/internal/dwarfgen/dwarf.go
1774286554|Roland Shoemaker|M|src/crypto/x509/constraints.go
1774286554|Roland Shoemaker|M|src/crypto/x509/name_constraints_test.go
1772755425|Junyang Shao|M|src/cmd/compile/internal/ssa/loopbce.go
1772755425|Junyang Shao|M|test/loopbce.go
1774292081|Roland Shoemaker|M|src/crypto/tls/conn.go
1774292081|Roland Shoemaker|M|src/crypto/tls/handshake_client_tls13.go
1774292081|Roland Shoemaker|M|src/crypto/tls/handshake_server_tls13.go
1774292081|Roland Shoemaker|M|src/crypto/tls/handshake_test.go
1775652448|Cuong Manh Le|M|src/cmd/compile/internal/walk/complit.go
1770605034|yongqijia|M|src/net/lookup.go
1775078126|Nicholas S. Husin|M|src/net/http/internal/http2/http2.go
1775078126|Nicholas S. Husin|M|src/net/http/internal/http2/write.go
1775555876|Jorropo|M|src/cmd/compile/internal/ssa/rewrite.go
1775555876|Jorropo|M|test/codegen/condmove.go
1775640610|qmuntal|M|src/cmd/link/internal/ld/lib.go
1775660836|acehinnnqru|M|src/cmd/go/internal/doc/pkg.go
1775660836|acehinnnqru|M|src/cmd/go/testdata/script/mod_doc.txt
1775743639|Tobias Klauser|M|src/net/fd_plan9.go
1775743639|Tobias Klauser|M|src/net/fd_unix.go
1775743639|Tobias Klauser|M|src/net/fd_windows.go
1775743639|Tobias Klauser|M|src/net/file_plan9.go
1775743639|Tobias Klauser|M|src/net/file_posix.go
1775743639|Tobias Klauser|M|src/net/ipsock_plan9.go
1775743639|Tobias Klauser|M|src/net/sock_posix.go
1771185170|Filippo Valsorda|M|src/crypto/internal/fips140/edwards25519/scalarmult.go
1775596510|Michael Matloob|M|src/cmd/go/internal/doc/doc.go
1775596510|Michael Matloob|M|src/cmd/go/internal/doc/pkgsite.go
1775596510|Michael Matloob|M|src/cmd/go/internal/doc/pkgsite_bootstrap.go
1775763267|Robert Griesemer|M|doc/go_spec.html
1775761554|Mateusz Poliwczak|M|src/testing/testing.go
1775769733|Neal Patel|M|src/crypto/internal/fips140/pbkdf2/pbkdf2.go
1775741037|Tobias Klauser|M|src/syscall/syscall_linux_arm64.go
1775741037|Tobias Klauser|M|src/syscall/syscall_linux_loong64.go
1775741037|Tobias Klauser|M|src/syscall/syscall_linux_riscv64.go
1774465516|Junyang Shao|M|src/cmd/asm/internal/asm/testdata/arm64sveenc.s
1774465516|Junyang Shao|M|src/cmd/asm/internal/asm/testdata/arm64sveerror.s
1774465516|Junyang Shao|M|src/cmd/internal/obj/arm64/a.out.go
1774465516|Junyang Shao|M|src/cmd/internal/obj/arm64/anames_gen.go
1774465516|Junyang Shao|M|src/cmd/internal/obj/arm64/encoding_gen.go
1774465516|Junyang Shao|M|src/cmd/internal/obj/arm64/goops_gen.go
1774465516|Junyang Shao|M|src/cmd/internal/obj/arm64/inst.go
1774465516|Junyang Shao|M|src/cmd/internal/obj/arm64/inst_gen.go
1774912623|Nicholas S. Husin|M|src/go/build/deps_test.go
1774912623|Nicholas S. Husin|M|src/net/http/clientserver_test.go
1774912623|Nicholas S. Husin|M|src/net/http/export_test.go
1774912623|Nicholas S. Husin|M|src/net/http/http.go
1774912623|Nicholas S. Husin|M|src/net/http/httptest/server.go
1774912623|Nicholas S. Husin|A|src/vendor/golang.org/x/crypto/hkdf/hkdf.go
1774912623|Nicholas S. Husin|A|src/vendor/golang.org/x/net/http3/http3.go
1774912623|Nicholas S. Husin|A|src/vendor/golang.org/x/net/internal/http3/body.go
1774912623|Nicholas S. Husin|A|src/vendor/golang.org/x/net/internal/http3/conn.go
1774912623|Nicholas S. Husin|A|src/vendor/golang.org/x/net/internal/http3/doc.go
1774912623|Nicholas S. Husin|A|src/vendor/golang.org/x/net/internal/http3/errors.go
1774912623|Nicholas S. Husin|A|src/vendor/golang.org/x/net/internal/http3/http3.go
1774912623|Nicholas S. Husin|A|src/vendor/golang.org/x/net/internal/http3/qpack.go
1774912623|Nicholas S. Husin|A|src/vendor/golang.org/x/net/internal/http3/qpack_decode.go
1774912623|Nicholas S. Husin|A|src/vendor/golang.org/x/net/internal/http3/qpack_encode.go
1774912623|Nicholas S. Husin|A|src/vendor/golang.org/x/net/internal/http3/qpack_static.go
1774912623|Nicholas S. Husin|A|src/vendor/golang.org/x/net/internal/http3/quic.go
1774912623|Nicholas S. Husin|A|src/vendor/golang.org/x/net/internal/http3/roundtrip.go
1774912623|Nicholas S. Husin|A|src/vendor/golang.org/x/net/internal/http3/server.go
1774912623|Nicholas S. Husin|A|src/vendor/golang.org/x/net/internal/http3/settings.go
1774912623|Nicholas S. Husin|A|src/vendor/golang.org/x/net/internal/http3/stream.go
1774912623|Nicholas S. Husin|A|src/vendor/golang.org/x/net/internal/http3/transport.go
1774912623|Nicholas S. Husin|A|src/vendor/golang.org/x/net/internal/http3/varint.go
1774912623|Nicholas S. Husin|A|src/vendor/golang.org/x/net/internal/httpcommon/ascii.go
1774912623|Nicholas S. Husin|A|src/vendor/golang.org/x/net/internal/httpcommon/headermap.go
1774912623|Nicholas S. Husin|A|src/vendor/golang.org/x/net/internal/httpcommon/request.go
1774912623|Nicholas S. Husin|A|src/vendor/golang.org/x/net/internal/quic/quicwire/wire.go
1774912623|Nicholas S. Husin|A|src/vendor/golang.org/x/net/quic/ack_delay.go
1774912623|Nicholas S. Husin|A|src/vendor/golang.org/x/net/quic/acks.go
1774912623|Nicholas S. Husin|A|src/vendor/golang.org/x/net/quic/atomic_bits.go
1774912623|Nicholas S. Husin|A|src/vendor/golang.org/x/net/quic/config.go
1774912623|Nicholas S. Husin|A|src/vendor/golang.org/x/net/quic/congestion_reno.go
1774912623|Nicholas S. Husin|A|src/vendor/golang.org/x/net/quic/conn.go
1774912623|Nicholas S. Husin|A|src/vendor/golang.org/x/net/quic/conn_close.go
1774912623|Nicholas S. Husin|A|src/vendor/golang.org/x/net/quic/conn_flow.go
1774912623|Nicholas S. Husin|A|src/vendor/golang.org/x/net/quic/conn_id.go
1774912623|Nicholas S. Husin|A|src/vendor/golang.org/x/net/quic/conn_loss.go
1774912623|Nicholas S. Husin|A|src/vendor/golang.org/x/net/quic/conn_recv.go
1774912623|Nicholas S. Husin|A|src/vendor/golang.org/x/net/quic/conn_send.go
1774912623|Nicholas S. Husin|A|src/vendor/golang.org/x/net/quic/conn_streams.go
1774912623|Nicholas S. Husin|A|src/vendor/golang.org/x/net/quic/crypto_stream.go
1774912623|Nicholas S. Husin|A|src/vendor/golang.org/x/net/quic/dgram.go
1774912623|Nicholas S. Husin|A|src/vendor/golang.org/x/net/quic/doc.go
1774912623|Nicholas S. Husin|A|src/vendor/golang.org/x/net/quic/endpoint.go
1774912623|Nicholas S. Husin|A|src/vendor/golang.org/x/net/quic/errors.go
1774912623|Nicholas S. Husin|A|src/vendor/golang.org/x/net/quic/frame_debug.go
1774912623|Nicholas S. Husin|A|src/vendor/golang.org/x/net/quic/gate.go
1774912623|Nicholas S. Husin|A|src/vendor/golang.org/x/net/quic/idle.go
1774912623|Nicholas S. Husin|A|src/vendor/golang.org/x/net/quic/log.go
1774912623|Nicholas S. Husin|A|src/vendor/golang.org/x/net/quic/loss.go
1774912623|Nicholas S. Husin|A|src/vendor/golang.org/x/net/quic/math.go
1774912623|Nicholas S. Husin|A|src/vendor/golang.org/x/net/quic/pacer.go
1774912623|Nicholas S. Husin|A|src/vendor/golang.org/x/net/quic/packet.go
1774912623|Nicholas S. Husin|A|src/vendor/golang.org/x/net/quic/packet_number.go
1774912623|Nicholas S. Husin|A|src/vendor/golang.org/x/net/quic/packet_parser.go
1774912623|Nicholas S. Husin|A|src/vendor/golang.org/x/net/quic/packet_protection.go
1774912623|Nicholas S. Husin|A|src/vendor/golang.org/x/net/quic/packet_writer.go
1774912623|Nicholas S. Husin|A|src/vendor/golang.org/x/net/quic/path.go
1774912623|Nicholas S. Husin|A|src/vendor/golang.org/x/net/quic/ping.go
1774912623|Nicholas S. Husin|A|src/vendor/golang.org/x/net/quic/pipe.go
1774912623|Nicholas S. Husin|A|src/vendor/golang.org/x/net/quic/qlog.go
1774912623|Nicholas S. Husin|A|src/vendor/golang.org/x/net/quic/queue.go
1774912623|Nicholas S. Husin|A|src/vendor/golang.org/x/net/quic/quic.go
1774912623|Nicholas S. Husin|A|src/vendor/golang.org/x/net/quic/rangeset.go
1774912623|Nicholas S. Husin|A|src/vendor/golang.org/x/net/quic/retry.go
1774912623|Nicholas S. Husin|A|src/vendor/golang.org/x/net/quic/rtt.go
1774912623|Nicholas S. Husin|A|src/vendor/golang.org/x/net/quic/sent_packet.go
1774912623|Nicholas S. Husin|A|src/vendor/golang.org/x/net/quic/sent_packet_list.go
1774912623|Nicholas S. Husin|A|src/vendor/golang.org/x/net/quic/sent_val.go
1774912623|Nicholas S. Husin|A|src/vendor/golang.org/x/net/quic/skip.go
1774912623|Nicholas S. Husin|A|src/vendor/golang.org/x/net/quic/stateless_reset.go
1774912623|Nicholas S. Husin|A|src/vendor/golang.org/x/net/quic/stream.go
1774912623|Nicholas S. Husin|A|src/vendor/golang.org/x/net/quic/stream_limits.go
1774912623|Nicholas S. Husin|A|src/vendor/golang.org/x/net/quic/tls.go
1774912623|Nicholas S. Husin|A|src/vendor/golang.org/x/net/quic/transport_params.go
1774912623|Nicholas S. Husin|A|src/vendor/golang.org/x/net/quic/udp.go
1774912623|Nicholas S. Husin|A|src/vendor/golang.org/x/net/quic/udp_darwin.go
1774912623|Nicholas S. Husin|A|src/vendor/golang.org/x/net/quic/udp_linux.go
1774912623|Nicholas S. Husin|A|src/vendor/golang.org/x/net/quic/udp_msg.go
1774912623|Nicholas S. Husin|A|src/vendor/golang.org/x/net/quic/udp_other.go
1774912623|Nicholas S. Husin|A|src/vendor/golang.org/x/net/quic/udp_packetconn.go
1774912623|Nicholas S. Husin|M|src/vendor/modules.txt
1775741265|Weixie Cui|M|src/net/fd_windows.go
1775771008|Ian Lance Taylor|M|src/debug/elf/file.go
1775843315|Nicholas S. Husin|M|src/net/http/client_test.go
1775854529|Mark Freeman|M|src/cmd/compile/internal/noder/unified.go
1775854529|Mark Freeman|M|test/genmeth.go
1775854529|Mark Freeman|M|test/genmeth1.go
1775753438|Michael Matloob|M|doc/next/3-tools.md
1775753438|Michael Matloob|M|src/cmd/go/alldocs.go
1775753438|Michael Matloob|M|src/cmd/go/internal/help/helpdoc.go
1775753438|Michael Matloob|M|src/cmd/go/internal/load/pkg.go
1775753438|Michael Matloob|M|src/cmd/go/internal/modfetch/codehost/git_test.go
1775753438|Michael Matloob|M|src/cmd/go/internal/modfetch/codehost/vcs.go
1775753438|Michael Matloob|M|src/cmd/go/internal/modfetch/zip_sum_test/testdata/zip_sums.csv
1775753438|Michael Matloob|M|src/cmd/go/internal/modfetch/zip_sum_test/zip_sum_test.go
1775753438|Michael Matloob|M|src/cmd/go/internal/modget/get.go
1775753438|Michael Matloob|M|src/cmd/go/internal/vcs/vcs.go
1775753438|Michael Matloob|M|src/cmd/go/internal/vcs/vcs_test.go
1775753438|Michael Matloob|D|src/cmd/go/internal/vcweb/bzr.go
1775753438|Michael Matloob|M|src/cmd/go/internal/vcweb/script.go
1775753438|Michael Matloob|M|src/cmd/go/internal/vcweb/vcweb.go
1775753438|Michael Matloob|M|src/cmd/go/scriptconds_test.go
1775753438|Michael Matloob|M|src/cmd/go/testdata/script/README
1775753438|Michael Matloob|M|src/cmd/go/testdata/script/govcs.txt
1775753438|Michael Matloob|D|src/cmd/go/testdata/script/mod_vcs_missing.txt
1775753438|Michael Matloob|D|src/cmd/go/testdata/script/test_multivcs.txt
1775753438|Michael Matloob|D|src/cmd/go/testdata/script/version_buildvcs_bzr.txt
1775753438|Michael Matloob|D|src/cmd/go/testdata/vcstest/bzr/hello.txt
1775740303|Weixie Cui|M|src/net/lookup_windows.go
1775845722|Weixie Cui|M|src/runtime/pprof/pprof.go
1776070390|Cuong Manh Le|M|src/cmd/compile/internal/ssa/loopbce.go
1776070390|Cuong Manh Le|A|test/fixedbugs/issue78641.go
1774991989|Junyang Shao|M|src/cmd/asm/internal/asm/testdata/arm64sveenc.s
1774991989|Junyang Shao|M|src/cmd/asm/internal/asm/testdata/arm64sveerror.s
1774991989|Junyang Shao|M|src/cmd/internal/obj/arm64/anames_gen.go
1774991989|Junyang Shao|M|src/cmd/internal/obj/arm64/encoding_gen.go
1774991989|Junyang Shao|M|src/cmd/internal/obj/arm64/goops_gen.go
1774991989|Junyang Shao|M|src/cmd/internal/obj/arm64/inst.go
1774991989|Junyang Shao|M|src/cmd/internal/obj/arm64/inst_gen.go
1775686110|Junyang Shao|M|src/cmd/asm/internal/asm/parse.go
1775686110|Junyang Shao|M|src/cmd/asm/internal/asm/testdata/arm64sveenc.s
1775686110|Junyang Shao|M|src/cmd/asm/internal/asm/testdata/arm64sveerror.s
1775686110|Junyang Shao|M|src/cmd/internal/obj/arm64/anames_gen.go
1775686110|Junyang Shao|M|src/cmd/internal/obj/arm64/asm7.go
1775686110|Junyang Shao|M|src/cmd/internal/obj/arm64/encoding_gen.go
1775686110|Junyang Shao|M|src/cmd/internal/obj/arm64/goops_gen.go
1775686110|Junyang Shao|M|src/cmd/internal/obj/arm64/inst.go
1775686110|Junyang Shao|M|src/cmd/internal/obj/arm64/inst_gen.go
1775686110|Junyang Shao|M|src/cmd/internal/obj/util.go
1775771672|Junyang Shao|M|src/cmd/asm/internal/asm/parse.go
1775771672|Junyang Shao|M|src/cmd/asm/internal/asm/testdata/arm64sveenc.s
1775771672|Junyang Shao|M|src/cmd/asm/internal/asm/testdata/arm64sveerror.s
1775771672|Junyang Shao|M|src/cmd/internal/obj/arm64/anames_gen.go
1775771672|Junyang Shao|M|src/cmd/internal/obj/arm64/encoding_gen.go
1775771672|Junyang Shao|M|src/cmd/internal/obj/arm64/goops_gen.go
1775771672|Junyang Shao|M|src/cmd/internal/obj/arm64/inst.go
1775771672|Junyang Shao|M|src/cmd/internal/obj/arm64/inst_gen.go
1775771672|Junyang Shao|M|src/cmd/internal/obj/util.go
1776028896|Rob Findley|M|src/cmd/compile/internal/types2/unify.go
1776028896|Rob Findley|M|src/go/types/unify.go
1776028896|Rob Findley|M|src/internal/types/testdata/spec/methods.go
1776128299|Nicholas S. Husin|M|src/net/http/clientserver_test.go
1775743447|qiulaidongfeng|A|api/next/71151.txt
1775743447|qiulaidongfeng|A|doc/next/6-stdlib/99-minor/bytes/71151.md
1775743447|qiulaidongfeng|A|doc/next/6-stdlib/99-minor/strings/71151.md
1775743447|qiulaidongfeng|M|src/bytes/bytes.go
1775743447|qiulaidongfeng|M|src/bytes/bytes_test.go
1775743447|qiulaidongfeng|M|src/strings/strings.go
1775743447|qiulaidongfeng|M|src/strings/strings_test.go
1775368484|Weixie Cui|M|src/net/dial.go
1776032834|Rob Findley|M|src/go/types/stmt.go
1775853462|Mark Freeman|M|src/go/internal/gcimporter/ureader.go
1776164743|Akihiro Suda|M|src/cmd/go.mod
1776164743|Akihiro Suda|M|src/cmd/go.sum
1776164743|Akihiro Suda|M|src/cmd/go/internal/work/exec.go
1776164743|Akihiro Suda|M|src/cmd/vendor/golang.org/x/tools/go/analysis/passes/httpresponse/httpresponse.go
1776164743|Akihiro Suda|M|src/cmd/vendor/golang.org/x/tools/go/analysis/passes/modernize/modernize.go
1776164743|Akihiro Suda|M|src/cmd/vendor/golang.org/x/tools/go/analysis/passes/modernize/rangeint.go
1776164743|Akihiro Suda|M|src/cmd/vendor/golang.org/x/tools/go/analysis/passes/modernize/unsafefuncs.go
1776164743|Akihiro Suda|M|src/cmd/vendor/golang.org/x/tools/go/analysis/unitchecker/unitchecker.go
1776164743|Akihiro Suda|M|src/cmd/vendor/golang.org/x/tools/internal/bisect/bisect.go
1776164743|Akihiro Suda|M|src/cmd/vendor/golang.org/x/tools/internal/refactor/inline/inline.go
1776164743|Akihiro Suda|M|src/cmd/vendor/golang.org/x/tools/internal/typeparams/coretype.go
1776164743|Akihiro Suda|M|src/cmd/vendor/modules.txt
1775662289|Weixie Cui|M|src/cmd/go/internal/cache/prog.go
1776096174|Weixie Cui|M|src/cmd/go/internal/modfetch/cache.go
1776099670|Mark Freeman|M|src/cmd/compile/internal/noder/writer.go
1775849951|Junyang Shao|M|src/cmd/asm/internal/asm/parse.go
1775849951|Junyang Shao|M|src/cmd/asm/internal/asm/testdata/arm64sveenc.s
1775849951|Junyang Shao|M|src/cmd/asm/internal/asm/testdata/arm64sveerror.s
1775849951|Junyang Shao|M|src/cmd/internal/obj/arm64/anames_gen.go
1775849951|Junyang Shao|M|src/cmd/internal/obj/arm64/asm7.go
1775849951|Junyang Shao|M|src/cmd/internal/obj/arm64/encoding_gen.go
1775849951|Junyang Shao|M|src/cmd/internal/obj/arm64/goops_gen.go
1775849951|Junyang Shao|M|src/cmd/internal/obj/arm64/inst.go
1775849951|Junyang Shao|M|src/cmd/internal/obj/arm64/inst_gen.go
1775849951|Junyang Shao|M|src/cmd/internal/obj/arm64/list7.go
1776134163|Junyang Shao|M|src/cmd/asm/internal/asm/parse.go
1776134163|Junyang Shao|M|src/cmd/asm/internal/asm/testdata/arm64sveenc.s
1776134163|Junyang Shao|M|src/cmd/asm/internal/asm/testdata/arm64sveerror.s
1776134163|Junyang Shao|M|src/cmd/internal/obj/arm64/anames_gen.go
1776134163|Junyang Shao|M|src/cmd/internal/obj/arm64/encoding_gen.go
1776134163|Junyang Shao|M|src/cmd/internal/obj/arm64/goops_gen.go
1776134163|Junyang Shao|M|src/cmd/internal/obj/arm64/inst.go
1776134163|Junyang Shao|M|src/cmd/internal/obj/arm64/inst_gen.go
1776134163|Junyang Shao|M|src/cmd/internal/obj/util.go
1776064273|Guoqi Chen|M|src/cmd/internal/obj/loong64/anames.go
1776064273|Guoqi Chen|M|src/cmd/internal/obj/loong64/cnames.go
1776064273|Guoqi Chen|A|src/cmd/internal/obj/loong64/cpu.go
1776064273|Guoqi Chen|D|src/cmd/internal/obj/loong64/a.out.go
1776064273|Guoqi Chen|A|src/cmd/internal/obj/loong64/inst.go
1774300984|Cherry Mui|A|src/crypto/internal/fips140/drbg/entropy_fips140.go
1774300984|Cherry Mui|A|src/crypto/internal/fips140/drbg/entropy_wasm.go
1774300984|Cherry Mui|M|src/crypto/internal/fips140/drbg/rand.go
1775695563|Ian Lance Taylor|M|src/cmd/link/internal/ld/data.go
1775695563|Ian Lance Taylor|M|src/cmd/link/internal/ld/xcoff.go
1775755722|Derek Parker|M|src/cmd/compile/internal/dwarfgen/dwarf.go
1775755722|Derek Parker|A|test/fixedbugs/issue78599.go
1776158406|Daniel Morsing|M|src/runtime/secret/secret_test.go
1776244977|Klaus Post|M|src/cmd/compile/internal/test/inl_test.go
1776244977|Klaus Post|M|src/compress/flate/deflate.go
1776244977|Klaus Post|M|src/compress/flate/deflate_test.go
1776244977|Klaus Post|M|src/compress/flate/deflatefast.go
1776244977|Klaus Post|M|src/compress/flate/dict_decoder.go
1776244977|Klaus Post|M|src/compress/flate/example_test.go
1776244977|Klaus Post|A|src/compress/flate/fuzz_test.go
1776244977|Klaus Post|M|src/compress/flate/huffman_bit_writer.go
1776244977|Klaus Post|M|src/compress/flate/huffman_bit_writer_test.go
1776244977|Klaus Post|M|src/compress/flate/huffman_code.go
1776244977|Klaus Post|A|src/compress/flate/level1.go
1776244977|Klaus Post|A|src/compress/flate/level2.go
1776244977|Klaus Post|A|src/compress/flate/level3.go
1776244977|Klaus Post|A|src/compress/flate/level4.go
1776244977|Klaus Post|A|src/compress/flate/level5.go
1776244977|Klaus Post|A|src/compress/flate/level6.go
1776244977|Klaus Post|A|src/compress/flate/load_store.go
1776244977|Klaus Post|A|src/compress/flate/regmask_amd64.go
1776244977|Klaus Post|A|src/compress/flate/regmask_other.go
1776244977|Klaus Post|A|src/compress/flate/testdata/huffman-null-max.sync.expect
1776244977|Klaus Post|A|src/compress/flate/testdata/huffman-null-max.sync.expect-noinput
1776244977|Klaus Post|A|src/compress/flate/testdata/huffman-pi.sync.expect
1776244977|Klaus Post|A|src/compress/flate/testdata/huffman-pi.sync.expect-noinput
1776244977|Klaus Post|A|src/compress/flate/testdata/huffman-rand-1k.sync.expect
1776244977|Klaus Post|A|src/compress/flate/testdata/huffman-rand-1k.sync.expect-noinput
1776244977|Klaus Post|M|src/compress/flate/testdata/huffman-rand-limit.dyn.expect
1776244977|Klaus Post|M|src/compress/flate/testdata/huffman-rand-limit.dyn.expect-noinput
1776244977|Klaus Post|M|src/compress/flate/testdata/huffman-rand-limit.golden
1776244977|Klaus Post|A|src/compress/flate/testdata/huffman-rand-limit.sync.expect
1776244977|Klaus Post|A|src/compress/flate/testdata/huffman-rand-limit.sync.expect-noinput
1776244977|Klaus Post|A|src/compress/flate/testdata/huffman-shifts.sync.expect
1776244977|Klaus Post|A|src/compress/flate/testdata/huffman-shifts.sync.expect-noinput
1776244977|Klaus Post|A|src/compress/flate/testdata/huffman-text-shift.sync.expect
1776244977|Klaus Post|A|src/compress/flate/testdata/huffman-text-shift.sync.expect-noinput
1776244977|Klaus Post|A|src/compress/flate/testdata/huffman-text.sync.expect
1776244977|Klaus Post|A|src/compress/flate/testdata/huffman-text.sync.expect-noinput
1776244977|Klaus Post|M|src/compress/flate/testdata/huffman-zero.dyn.expect
1776244977|Klaus Post|M|src/compress/flate/testdata/huffman-zero.dyn.expect-noinput
1776244977|Klaus Post|A|src/compress/flate/testdata/huffman-zero.sync.expect
1776244977|Klaus Post|A|src/compress/flate/testdata/huffman-zero.sync.expect-noinput
1776244977|Klaus Post|A|src/compress/flate/testdata/null-long-match.sync.expect-noinput
1776244977|Klaus Post|M|src/compress/flate/token.go
1776244977|Klaus Post|M|src/compress/flate/writer_test.go
1776244977|Klaus Post|M|src/compress/zlib/example_test.go
1776244977|Klaus Post|M|src/debug/elf/file_test.go
1776244977|Klaus Post|M|src/internal/fuzz/worker.go
1776112389|Mark Freeman|M|src/go/internal/gcimporter/gcimporter_test.go
1776112389|Mark Freeman|A|src/go/internal/gcimporter/testdata/genmeth.go
1776112389|Mark Freeman|M|src/go/internal/gcimporter/ureader.go
1776285313|Mark Freeman|M|src/cmd/compile/internal/importer/gcimporter_test.go
1776285313|Mark Freeman|M|src/cmd/compile/internal/importer/testdata/genmeth.go
1776159501|limeidan|M|src/cmd/internal/obj/loong64/asm.go
1775513469|Damien Neil|M|src/net/http/http2.go
1775513469|Damien Neil|M|src/net/http/omithttp2.go
1775513469|Damien Neil|M|src/net/http/server.go
1773042623|cuishuang|M|src/debug/elf/symbols_test.go
1776358356|Damien Neil|M|src/syscall/exec_linux.go
1776370124|Nicholas S. Husin|M|src/net/http/clientserver_test.go
1776374265|Cherry Mui|M|src/cmd/go/internal/modfetch/coderepo_test.go
1776349544|Weixie Cui|M|src/cmd/compile/internal/s390x/ssa.go
1776381033|Sean Liao|M|src/cmd/go/internal/modcmd/edit.go
1776381033|Sean Liao|M|src/cmd/go/testdata/script/mod_edit.txt
1776381033|Sean Liao|M|src/cmd/go/testdata/script/mod_edit_issue75105.txt
1776274252|Junyang Shao|M|src/cmd/asm/internal/asm/testdata/arm64sveenc.s
1776274252|Junyang Shao|M|src/cmd/asm/internal/asm/testdata/arm64sveerror.s
1776274252|Junyang Shao|M|src/cmd/internal/obj/arm64/anames_gen.go
1776274252|Junyang Shao|M|src/cmd/internal/obj/arm64/encoding_gen.go
1776274252|Junyang Shao|M|src/cmd/internal/obj/arm64/goops_gen.go
1776274252|Junyang Shao|M|src/cmd/internal/obj/arm64/inst_gen.go
1776448668|Junyang Shao|M|src/cmd/compile/internal/ssa/_gen/simdAMD64ops.go
1776448668|Junyang Shao|M|src/cmd/compile/internal/ssa/opGen.go
1776448668|Junyang Shao|M|src/simd/archsimd/_gen/simdgen/gen_utility.go
1776448668|Junyang Shao|M|src/simd/archsimd/_gen/simdgen/godefs.go
1776448668|Junyang Shao|M|src/simd/archsimd/_gen/simdgen/ops/Moves/go.yaml
1776448668|Junyang Shao|M|src/simd/archsimd/ops_amd64.go
1776025901|Rob Findley|M|src/cmd/compile/internal/types2/api_test.go
1776025901|Rob Findley|M|src/cmd/compile/internal/types2/infer.go
1776025901|Rob Findley|M|src/cmd/compile/internal/types2/mono_test.go
1776025901|Rob Findley|M|src/cmd/compile/internal/types2/subst.go
1776025901|Rob Findley|M|src/go/types/api_test.go
1776025901|Rob Findley|M|src/go/types/infer.go
1776025901|Rob Findley|M|src/go/types/mono_test.go
1776025901|Rob Findley|M|src/go/types/subst.go
1776025901|Rob Findley|M|src/internal/types/testdata/spec/methods.go
1776310875|limeidan|M|src/cmd/go/internal/work/exec.go
1773655599|Srinivas Pokala|M|src/internal/abi/abi_generic.go
1773655599|Srinivas Pokala|M|src/internal/abi/abi_s390x.go
1773655599|Srinivas Pokala|M|src/internal/buildcfg/exp.go
1776441452|Nicholas S. Husin|M|src/syscall/fs_wasip1.go
1776441452|Nicholas S. Husin|M|src/syscall/fs_wasip1_test.go
1776703599|Cherry Mui|M|src/cmd/link/internal/ld/lib.go
1776717348|Damien Neil|M|src/net/http/internal/http2/config.go
1776717348|Damien Neil|M|src/net/http/internal/http2/export_test.go
1776717348|Damien Neil|M|src/net/http/internal/http2/server.go
1776689395|Weixie Cui|M|src/cmd/trace/tasks.go
1776589042|Weixie Cui|M|src/math/big/arith.go
1776720435|Nicholas S. Husin|M|src/go.mod
1776720435|Nicholas S. Husin|M|src/go.sum
1776720435|Nicholas S. Husin|M|src/vendor/golang.org/x/net/http2/hpack/tables.go
1776720435|Nicholas S. Husin|M|src/vendor/modules.txt
1769527357|Mark Freeman|M|src/cmd/compile/internal/types2/assignments.go
1769527357|Mark Freeman|M|src/cmd/compile/internal/types2/call.go
1769527357|Mark Freeman|M|src/cmd/compile/internal/types2/expr.go
1769527357|Mark Freeman|M|src/cmd/compile/internal/types2/literals.go
1769527357|Mark Freeman|M|src/cmd/compile/internal/types2/stmt.go
1769527357|Mark Freeman|M|src/go/types/assignments.go
1769527357|Mark Freeman|M|src/go/types/call.go
1769527357|Mark Freeman|M|src/go/types/expr.go
1769527357|Mark Freeman|M|src/go/types/literals.go
1769527357|Mark Freeman|M|src/go/types/stmt.go
1769527357|Mark Freeman|A|src/internal/types/testdata/fixedbugs/issue77245.go
1776260105|Weixie Cui|M|src/syscall/js/js.go
1776706268|Mark Freeman|M|src/cmd/compile/README.md
1776706268|Mark Freeman|A|src/cmd/compile/internal/noder/README.md
1773644809|Srinivas Pokala|M|src/cmd/link/internal/s390x/obj.go
1776685408|Xueqi Luo|M|src/internal/cpu/cpu.go
1776685408|Xueqi Luo|M|src/internal/cpu/cpu_riscv64.go
1776685408|Xueqi Luo|M|src/internal/cpu/cpu_riscv64_linux.go
1776730842|Neal Patel|M|src/crypto/tls/ech.go
1776730842|Neal Patel|M|src/crypto/tls/ech_test.go
1773696394|khr@golang.org|M|src/runtime/asm_arm64.s
1776554118|David Finkel|M|src/runtime/debug/garbage.go
1776554118|David Finkel|M|src/runtime/debug/mod.go
1776554118|David Finkel|M|src/runtime/debug/stack.go
1776693940|Alexander Musman|M|src/cmd/compile/internal/ssa/cse.go
1776693940|Alexander Musman|M|test/codegen/memcse.go
1775971181|Jorropo|M|src/cmd/compile/internal/ssa/known_bits.go
1775971181|Jorropo|M|test/known_bits.go
1775980500|Jorropo|M|src/cmd/compile/internal/ssa/known_bits.go
1775980500|Jorropo|M|test/known_bits.go
1776009795|Jorropo|M|src/cmd/compile/internal/ssa/known_bits.go
1776009795|Jorropo|M|test/known_bits.go
1776019861|Jorropo|M|src/cmd/compile/internal/ssa/known_bits.go
1776019861|Jorropo|M|test/known_bits.go
1776021815|Jorropo|M|src/cmd/compile/internal/ssa/known_bits.go
1776902763|Ariel Otilibili|M|src/runtime/asm_arm64.s
1776376058|Cherry Mui|M|src/cmd/compile/internal/amd64/ssa.go
1776376058|Cherry Mui|M|src/cmd/compile/internal/ssa/_gen/AMD64Ops.go
1776376058|Cherry Mui|M|src/cmd/compile/internal/ssa/opGen.go
1776376058|Cherry Mui|M|src/simd/archsimd/internal/simd_test/simd_test.go
1776259674|Felix Geisendörfer|M|src/runtime/mprof.go
1776091060|Weixie Cui|M|src/internal/runtime/maps/runtime_fast64.go
1776350426|Weixie Cui|M|src/cmd/internal/obj/loong64/asm.go
1776258347|Weixie Cui|M|src/go/build/constraint/vers.go
1776986549|Weixie Cui|M|src/cmd/trace/pprof.go
1776258359|Weixie Cui|M|src/cmd/go/internal/toolchain/select.go
1777045957|Weixie Cui|M|src/runtime/metrics.go
1777053729|Michael Pratt|M|src/runtime/asm_amd64.s
1777053729|Michael Pratt|M|src/runtime/crash_cgo_test.go
1777053729|Michael Pratt|A|src/runtime/testdata/testprogcgo/callback_amd64.go
1777053729|Michael Pratt|A|src/runtime/testdata/testprogcgo/goasm/x15_amd64.go
1777053729|Michael Pratt|A|src/runtime/testdata/testprogcgo/goasm/x15_amd64.s
1770080595|Joe Tsai|M|src/encoding/json/jsontext/token.go
1770080595|Joe Tsai|M|src/encoding/json/jsontext/token_test.go
1770080595|Joe Tsai|M|src/encoding/json/jsontext/value.go
1776393150|Guoqi Chen|M|src/cmd/compile/internal/ir/symtab.go
1776393150|Guoqi Chen|M|src/cmd/compile/internal/ssagen/intrinsics.go
1776393150|Guoqi Chen|M|src/cmd/compile/internal/ssagen/ssa.go
1776393150|Guoqi Chen|M|src/cmd/compile/internal/typecheck/_builtin/runtime.go
1776393150|Guoqi Chen|M|src/cmd/compile/internal/typecheck/builtin.go
1776393150|Guoqi Chen|M|src/cmd/internal/goobj/builtinlist.go
1776393150|Guoqi Chen|M|src/internal/cpu/cpu.go
1776393150|Guoqi Chen|M|src/internal/cpu/cpu_loong64.go
1776393150|Guoqi Chen|M|src/internal/runtime/atomic/atomic_loong64.go
1776393150|Guoqi Chen|M|src/internal/runtime/atomic/atomic_loong64.s
1776393150|Guoqi Chen|M|src/runtime/cpuflags.go
1776393150|Guoqi Chen|M|src/runtime/proc.go
1761238406|Alexander Musman|M|src/cmd/compile/internal/arm64/ssa.go
1761238406|Alexander Musman|M|src/cmd/internal/obj/arm64/asm7.go
1777297738|Nick Ripley|M|src/runtime/asm_amd64.s
1775720738|qmuntal|M|src/cmd/compile/internal/walk/switch.go
1775720738|qmuntal|M|test/codegen/switch.go
1776799751|Mark Freeman|M|src/cmd/compile/internal/types2/named.go
1776799751|Mark Freeman|M|src/go/types/named.go
1777392628|Weixie Cui|M|src/crypto/internal/fips140/drbg/entropy_fips140.go
1777327300|Filippo Valsorda|A|lib/fips140/certified.txt
1777036233|Filippo Valsorda|M|src/cmd/go/internal/fips140/fips140.go
1777036233|Filippo Valsorda|M|src/cmd/go/internal/fips140/fips_test.go
1774452887|Filippo Valsorda|M|src/crypto/tls/fips140_test.go
1774468124|Filippo Valsorda|M|src/crypto/tls/fips140_test.go
1774468124|Filippo Valsorda|M|src/crypto/tls/key_schedule.go
1774468124|Filippo Valsorda|M|src/crypto/tls/tls_test.go
1775486434|Filippo Valsorda|M|src/crypto/internal/rand/rand.go
1777403813|Cherry Mui|M|src/cmd/compile/internal/staticdata/data.go
1777403813|Cherry Mui|M|src/cmd/compile/internal/types2/const.go
1777403813|Cherry Mui|M|src/cmd/internal/obj/objfile.go
1777403813|Cherry Mui|M|src/go/types/const.go
1770479506|David Chase|M|src/cmd/compile/internal/ssagen/intrinsics.go
1770479506|David Chase|D|src/cmd/compile/internal/ssagen/simdintrinsics.go
1770479506|David Chase|A|src/cmd/compile/internal/ssagen/simdAMD64intrinsics.go
1770479506|David Chase|M|src/simd/archsimd/_gen/simdgen/gen_simdIntrinsics.go
1770479506|David Chase|M|src/simd/archsimd/_gen/simdgen/godefs.go
1770651080|David Chase|M|src/cmd/internal/obj/link.go
1770651080|David Chase|M|src/cmd/internal/obj/stringer.go
1770651080|David Chase|M|src/cmd/internal/obj/wasm/a.out.go
1770651080|David Chase|M|src/cmd/internal/obj/wasm/anames.go
1770651080|David Chase|M|src/cmd/internal/obj/wasm/wasmobj.go
1770651080|David Chase|M|src/cmd/link/internal/wasm/asm.go
1777392624|Neal Patel|M|src/net/mail/message.go
1777392624|Neal Patel|M|src/net/mail/message_test.go
1777267712|Alex Brainman|M|src/os/signal/doc.go
1775756172|Neal Patel|M|src/crypto/mlkem/mlkem.go
1776897685|Neal Patel|M|src/html/template/escape_test.go
1776897685|Neal Patel|M|src/html/template/transition.go
1774512502|Olivier Mengué|M|src/cmd/go/internal/gover/version.go
1774512502|Olivier Mengué|M|src/cmd/go/internal/modload/init.go
1774512502|Olivier Mengué|A|src/cmd/go/testdata/script/mod_get_tool_upgrade_go.txt
1777081504|Cherry Mui|M|src/cmd/link/internal/ld/lib.go
1776796394|Sean Liao|M|src/cmd/go/internal/web/http.go
1776796394|Sean Liao|A|src/cmd/go/internal/web/http_test.go
1777567170|Mark Freeman|M|src/cmd/compile/internal/noder/unified.go
1777567170|Mark Freeman|A|src/internal/goexperiment/exp_genericmethods_off.go
1777567170|Mark Freeman|A|src/internal/goexperiment/exp_genericmethods_on.go
1777567170|Mark Freeman|M|src/internal/goexperiment/flags.go
1774880273|Cherry Mui|M|src/cmd/internal/codesign/codesign.go
1774880273|Cherry Mui|M|src/cmd/link/internal/ld/macho.go
1777584623|Nicholas S. Husin|M|src/net/http/client_test.go
1777584623|Nicholas S. Husin|M|src/net/http/serve_test.go
1777604555|Keith Randall|M|src/runtime/crash_cgo_test.go
1775514637|Filippo Valsorda|M|src/crypto/tls/handshake_client_test.go
1775514637|Filippo Valsorda|M|src/crypto/tls/handshake_server_test.go
1775514637|Filippo Valsorda|M|src/crypto/tls/handshake_test.go
1775930845|Filippo Valsorda|M|src/crypto/tls/handshake_client_test.go
1775930845|Filippo Valsorda|M|src/crypto/tls/handshake_test.go
1775930845|Filippo Valsorda|M|src/crypto/tls/testdata/Client-TLSv10-ClientCert-ECDSA-ECDSA
1775930845|Filippo Valsorda|M|src/crypto/tls/testdata/Client-TLSv10-ClientCert-ECDSA-RSA
1775930845|Filippo Valsorda|A|src/crypto/tls/testdata/Client-TLSv10-ClientCert-ECDSA-RSA-ECDHE
1775930845|Filippo Valsorda|D|src/crypto/tls/testdata/Client-TLSv10-ClientCert-Ed25519
1775930845|Filippo Valsorda|M|src/crypto/tls/testdata/Client-TLSv10-ClientCert-RSA-ECDSA
1775930845|Filippo Valsorda|M|src/crypto/tls/testdata/Client-TLSv10-ClientCert-RSA-RSA
1775930845|Filippo Valsorda|A|src/crypto/tls/testdata/Client-TLSv10-ClientCert-RSA-RSA-ECDHE
1775930845|Filippo Valsorda|M|src/crypto/tls/testdata/Client-TLSv10-ECDHE-ECDSA-AES
1775930845|Filippo Valsorda|M|src/crypto/tls/testdata/Client-TLSv10-ECDHE-RSA-AES
1775930845|Filippo Valsorda|M|src/crypto/tls/testdata/Client-TLSv10-ExportKeyingMaterial
1775930845|Filippo Valsorda|M|src/crypto/tls/testdata/Client-TLSv10-RSA-RC4
1775930845|Filippo Valsorda|M|src/crypto/tls/testdata/Client-TLSv11-ECDHE-ECDSA-AES
1775930845|Filippo Valsorda|M|src/crypto/tls/testdata/Client-TLSv11-ECDHE-RSA-AES
1775930845|Filippo Valsorda|M|src/crypto/tls/testdata/Client-TLSv11-RSA-RC4
1775930845|Filippo Valsorda|M|src/crypto/tls/testdata/Client-TLSv12-AES128-GCM-SHA256
1775930845|Filippo Valsorda|M|src/crypto/tls/testdata/Client-TLSv12-AES128-SHA256
1775930845|Filippo Valsorda|M|src/crypto/tls/testdata/Client-TLSv12-AES256-GCM-SHA384
1775930845|Filippo Valsorda|M|src/crypto/tls/testdata/Client-TLSv12-ALPN
1775930845|Filippo Valsorda|M|src/crypto/tls/testdata/Client-TLSv12-ClientCert-ECDSA-ECDSA
1775930845|Filippo Valsorda|M|src/crypto/tls/testdata/Client-TLSv12-ClientCert-ECDSA-RSA
1775930845|Filippo Valsorda|A|src/crypto/tls/testdata/Client-TLSv12-ClientCert-ECDSA-RSA-ECDHE
1775930845|Filippo Valsorda|D|src/crypto/tls/testdata/Client-TLSv12-ClientCert-Ed25519
1775930845|Filippo Valsorda|A|src/crypto/tls/testdata/Client-TLSv12-ClientCert-Ed25519-Ed25519
1775930845|Filippo Valsorda|A|src/crypto/tls/testdata/Client-TLSv12-ClientCert-Ed25519-RSA
1775930845|Filippo Valsorda|A|src/crypto/tls/testdata/Client-TLSv12-ClientCert-Ed25519-RSA-ECDHE
1775930845|Filippo Valsorda|D|src/crypto/tls/testdata/Client-TLSv12-ClientCert-RSA-AES256-GCM-SHA384
1775930845|Filippo Valsorda|M|src/crypto/tls/testdata/Client-TLSv12-ClientCert-RSA-ECDSA
1775930845|Filippo Valsorda|M|src/crypto/tls/testdata/Client-TLSv12-ClientCert-RSA-RSA
1775930845|Filippo Valsorda|A|src/crypto/tls/testdata/Client-TLSv12-ClientCert-RSA-RSA-ECDHE
1775930845|Filippo Valsorda|M|src/crypto/tls/testdata/Client-TLSv12-ClientCert-RSA-RSAPKCS1v15
1775930845|Filippo Valsorda|M|src/crypto/tls/testdata/Client-TLSv12-ClientCert-RSA-RSAPSS
1775930845|Filippo Valsorda|M|src/crypto/tls/testdata/Client-TLSv12-ECDHE-ECDSA-AES
1775930845|Filippo Valsorda|M|src/crypto/tls/testdata/Client-TLSv12-ECDHE-ECDSA-AES-GCM
1775930845|Filippo Valsorda|M|src/crypto/tls/testdata/Client-TLSv12-ECDHE-ECDSA-AES128-SHA256
1775930845|Filippo Valsorda|M|src/crypto/tls/testdata/Client-TLSv12-ECDHE-ECDSA-AES256-GCM-SHA384
1775930845|Filippo Valsorda|M|src/crypto/tls/testdata/Client-TLSv12-ECDHE-ECDSA-CHACHA20-POLY1305
1775930845|Filippo Valsorda|M|src/crypto/tls/testdata/Client-TLSv12-ECDHE-RSA-AES
1775930845|Filippo Valsorda|M|src/crypto/tls/testdata/Client-TLSv12-ECDHE-RSA-AES128-SHA256
1775930845|Filippo Valsorda|M|src/crypto/tls/testdata/Client-TLSv12-ECDHE-RSA-CHACHA20-POLY1305
1775930845|Filippo Valsorda|M|src/crypto/tls/testdata/Client-TLSv12-Ed25519
1775930845|Filippo Valsorda|M|src/crypto/tls/testdata/Client-TLSv12-ExportKeyingMaterial
1775930845|Filippo Valsorda|M|src/crypto/tls/testdata/Client-TLSv12-P256-ECDHE
1775930845|Filippo Valsorda|M|src/crypto/tls/testdata/Client-TLSv12-RSA-RC4
1775930845|Filippo Valsorda|M|src/crypto/tls/testdata/Client-TLSv12-RenegotiateOnce
1775930845|Filippo Valsorda|M|src/crypto/tls/testdata/Client-TLSv12-RenegotiateTwice
1775930845|Filippo Valsorda|M|src/crypto/tls/testdata/Client-TLSv12-RenegotiateTwiceRejected
1775930845|Filippo Valsorda|M|src/crypto/tls/testdata/Client-TLSv12-RenegotiationRejected
1775930845|Filippo Valsorda|M|src/crypto/tls/testdata/Client-TLSv12-SCT
1775930845|Filippo Valsorda|M|src/crypto/tls/testdata/Client-TLSv12-X25519-ECDHE
1775930845|Filippo Valsorda|M|src/crypto/tls/testdata/Client-TLSv13-AES128-SHA256
1775930845|Filippo Valsorda|M|src/crypto/tls/testdata/Client-TLSv13-AES256-SHA384
1775930845|Filippo Valsorda|M|src/crypto/tls/testdata/Client-TLSv13-ALPN
1775930845|Filippo Valsorda|M|src/crypto/tls/testdata/Client-TLSv13-CHACHA20-SHA256
1775930845|Filippo Valsorda|A|src/crypto/tls/testdata/Client-TLSv13-ClientCert-ECDSA-ECDSA
1775930845|Filippo Valsorda|D|src/crypto/tls/testdata/Client-TLSv13-ClientCert-ECDSA-RSA
1775930845|Filippo Valsorda|A|src/crypto/tls/testdata/Client-TLSv13-ClientCert-ECDSA-RSA-ECDHE
1775930845|Filippo Valsorda|D|src/crypto/tls/testdata/Client-TLSv13-ClientCert-Ed25519
1775930845|Filippo Valsorda|A|src/crypto/tls/testdata/Client-TLSv13-ClientCert-Ed25519-Ed25519
1775930845|Filippo Valsorda|A|src/crypto/tls/testdata/Client-TLSv13-ClientCert-Ed25519-RSA-ECDHE
1775930845|Filippo Valsorda|M|src/crypto/tls/testdata/Client-TLSv13-ClientCert-RSA-ECDSA
1775930845|Filippo Valsorda|A|src/crypto/tls/testdata/Client-TLSv13-ClientCert-RSA-RSA-ECDHE
1775930845|Filippo Valsorda|M|src/crypto/tls/testdata/Client-TLSv13-ClientCert-RSA-RSAPSS
1775930845|Filippo Valsorda|M|src/crypto/tls/testdata/Client-TLSv13-ECDSA
1775930845|Filippo Valsorda|M|src/crypto/tls/testdata/Client-TLSv13-Ed25519
1775930845|Filippo Valsorda|M|src/crypto/tls/testdata/Client-TLSv13-ExportKeyingMaterial
1775930845|Filippo Valsorda|M|src/crypto/tls/testdata/Client-TLSv13-HelloRetryRequest
1775930845|Filippo Valsorda|M|src/crypto/tls/testdata/Client-TLSv13-KeyUpdate
1775930845|Filippo Valsorda|M|src/crypto/tls/testdata/Client-TLSv13-P256-ECDHE
1775930845|Filippo Valsorda|A|src/crypto/tls/testdata/Client-TLSv13-RSA
1775930845|Filippo Valsorda|M|src/crypto/tls/testdata/Client-TLSv13-X25519-ECDHE
1773665319|kmvijay|M|src/cmd/asm/internal/asm/testdata/s390x.s
1773665319|kmvijay|M|src/cmd/internal/obj/s390x/a.out.go
1773665319|kmvijay|M|src/cmd/internal/obj/s390x/anames.go
1773665319|kmvijay|M|src/cmd/internal/obj/s390x/asmz.go
1773665319|kmvijay|M|src/cmd/internal/obj/s390x/vector.go
1776448896|Sean Liao|M|src/cmd/go/internal/list/list.go
1776448896|Sean Liao|M|src/cmd/go/testdata/script/list_empty_import.txt
1776891375|David Chase|M|src/cmd/compile/internal/amd64/ssa.go
1776891375|David Chase|M|src/cmd/compile/internal/ssa/_gen/AMD64.rules
1776891375|David Chase|M|src/cmd/compile/internal/ssa/_gen/AMD64Ops.go
1776891375|David Chase|M|src/cmd/compile/internal/ssa/opGen.go
1776891375|David Chase|M|src/cmd/compile/internal/ssa/rewriteAMD64.go
1776891375|David Chase|M|test/codegen/simd.go
1777588007|Joe Tsai|M|src/encoding/json/internal/jsonflags/flags.go
1777588007|Joe Tsai|M|src/encoding/json/internal/jsonwire/encode.go
1777588007|Joe Tsai|M|src/encoding/json/jsontext/decode.go
1777588007|Joe Tsai|M|src/encoding/json/jsontext/doc.go
1777588007|Joe Tsai|M|src/encoding/json/jsontext/encode.go
1777588007|Joe Tsai|M|src/encoding/json/jsontext/options.go
1777588007|Joe Tsai|M|src/encoding/json/v2/arshal.go
1777588007|Joe Tsai|M|src/encoding/json/v2/arshal_any.go
1777588007|Joe Tsai|M|src/encoding/json/v2/arshal_default.go
1777588007|Joe Tsai|M|src/encoding/json/v2/arshal_time.go
1777588007|Joe Tsai|M|src/encoding/json/v2/errors.go
1777588007|Joe Tsai|M|src/encoding/json/v2/fields.go
1777588007|Joe Tsai|M|src/encoding/json/v2_options.go
1777101442|Weixie Cui|M|src/cmd/compile/internal/ssa/downward_counting_loop.go
1777101442|Weixie Cui|M|src/cmd/compile/internal/ssa/loopbce.go
1777167010|Weixie Cui|M|src/cmd/compile/internal/types/fmt.go
1777167010|Weixie Cui|M|src/cmd/compile/internal/types/type_test.go
1777388191|Daniel McCarney|M|src/crypto/tls/ech.go
1777388191|Daniel McCarney|M|src/crypto/tls/tls_test.go
1777615806|Joe Tsai|M|src/encoding/json/internal/jsonwire/decode.go
1777615806|Joe Tsai|M|src/encoding/json/internal/jsonwire/decode_test.go
1777615806|Joe Tsai|M|src/encoding/json/internal/jsonwire/encode.go
1777615806|Joe Tsai|M|src/encoding/json/internal/jsonwire/encode_test.go
1777615806|Joe Tsai|M|src/encoding/json/internal/jsonwire/wire.go
1777615806|Joe Tsai|M|src/encoding/json/jsontext/encode.go
1777615806|Joe Tsai|M|src/encoding/json/jsontext/encode_test.go
1777615806|Joe Tsai|M|src/encoding/json/jsontext/options.go
1777615806|Joe Tsai|M|src/encoding/json/jsontext/quote.go
1777615806|Joe Tsai|M|src/encoding/json/jsontext/state.go
1777615806|Joe Tsai|M|src/encoding/json/jsontext/token.go
1777615806|Joe Tsai|M|src/encoding/json/v2/arshal_default.go
1777615806|Joe Tsai|M|src/encoding/json/v2/arshal_inlined.go
1777615806|Joe Tsai|M|src/encoding/json/v2/fields.go
1771312598|Jelle van den Hooff|M|src/cmd/compile/internal/ssa/memcombine.go
1776694406|cuishuang|M|doc/go_spec.html
1776694406|cuishuang|M|src/cmd/cgo/internal/testcarchive/carchive_test.go
1776694406|cuishuang|M|src/cmd/cgo/internal/testcshared/cshared_test.go
1776694406|cuishuang|M|src/cmd/compile/internal/ssa/prove.go
1776694406|cuishuang|M|src/cmd/go/internal/load/pkg.go
1776694406|cuishuang|M|src/cmd/internal/obj/loong64/doc.go
1776694406|cuishuang|M|src/cmd/internal/objabi/reloctype.go
1776694406|cuishuang|M|src/cmd/internal/testdir/testdir_test.go
1776694406|cuishuang|M|src/cmd/link/internal/ld/dwarf.go
1776694406|cuishuang|M|src/cmd/link/internal/ld/dwarf_test.go
1776694406|cuishuang|M|src/cmd/link/internal/ld/ld_test.go
1776694406|cuishuang|M|src/cmd/link/link_test.go
1776694406|cuishuang|M|src/cmd/nm/nm_cgo_test.go
1776694406|cuishuang|M|src/cmd/pack/pack_test.go
1776694406|cuishuang|M|src/compress/flate/deflate.go
1776694406|cuishuang|M|src/crypto/cipher/ctr_aes_test.go
1776694406|cuishuang|M|src/crypto/internal/fips140/subtle/constant_time.go
1776694406|cuishuang|M|src/crypto/internal/fips140test/acvp_test.go
1776694406|cuishuang|M|src/crypto/tls/handshake_client_test.go
1776694406|cuishuang|M|src/crypto/tls/tls_test.go
1776694406|cuishuang|M|src/crypto/x509/verify.go
1776694406|cuishuang|M|src/net/http/clientconn.go
1776694406|cuishuang|M|src/net/http/http.go
1776694406|cuishuang|M|src/net/http/netconn_test.go
1776694406|cuishuang|M|src/net/http/server.go
1776694406|cuishuang|M|src/net/http/transport.go
1776694406|cuishuang|M|src/os/exec/exec_test.go
1776694406|cuishuang|M|src/runtime/cgroup_linux_test.go
1776694406|cuishuang|M|src/runtime/mgcmark_greenteagc.go
1776694406|cuishuang|M|src/runtime/mgcscavenge.go
1776694406|cuishuang|M|src/runtime/runtime2.go
1776694406|cuishuang|M|src/simd/archsimd/_gen/simdgen/gen_utility.go
1776694406|cuishuang|M|test/devirtualization_nil_panics.go
1776694406|cuishuang|M|test/prove_popcount.go
1777109661|Weixie Cui|M|src/debug/pe/file.go
1776360790|Alan Donovan|M|src/sync/atomic/doc.go
1777501709|Joe Tsai|M|src/encoding/json/internal/jsonwire/decode.go
1777501709|Joe Tsai|M|src/encoding/json/internal/jsonwire/decode_test.go
1777501709|Joe Tsai|M|src/encoding/json/jsontext/token.go
1777501709|Joe Tsai|M|src/encoding/json/jsontext/token_test.go
1777501709|Joe Tsai|M|src/encoding/json/stream_test.go
1777501709|Joe Tsai|M|src/encoding/json/v2/arshal_any.go
1777501709|Joe Tsai|M|src/encoding/json/v2/arshal_default.go
1777501709|Joe Tsai|M|src/encoding/json/v2/arshal_test.go
1777501709|Joe Tsai|M|src/encoding/json/v2/bench_test.go
1777501709|Joe Tsai|M|src/encoding/json/v2_stream.go
1777501709|Joe Tsai|M|src/encoding/json/v2_stream_test.go
1739297689|Junyang Shao|M|src/cmd/compile/internal/ssa/_gen/386Ops.go
1739297689|Junyang Shao|M|src/cmd/compile/internal/ssa/_gen/AMD64Ops.go
1739297689|Junyang Shao|M|src/cmd/compile/internal/ssa/_gen/ARM64Ops.go
1739297689|Junyang Shao|M|src/cmd/compile/internal/ssa/_gen/ARMOps.go
1739297689|Junyang Shao|M|src/cmd/compile/internal/ssa/_gen/LOONG64Ops.go
1739297689|Junyang Shao|M|src/cmd/compile/internal/ssa/_gen/MIPS64Ops.go
1739297689|Junyang Shao|M|src/cmd/compile/internal/ssa/_gen/MIPSOps.go
1739297689|Junyang Shao|M|src/cmd/compile/internal/ssa/_gen/PPC64Ops.go
1739297689|Junyang Shao|M|src/cmd/compile/internal/ssa/_gen/RISCV64Ops.go
1739297689|Junyang Shao|M|src/cmd/compile/internal/ssa/_gen/S390XOps.go
1739297689|Junyang Shao|M|src/cmd/compile/internal/ssa/_gen/WasmOps.go
1739297689|Junyang Shao|M|src/cmd/compile/internal/ssa/_gen/main.go
1739297689|Junyang Shao|M|src/cmd/compile/internal/ssa/config.go
1739297689|Junyang Shao|M|src/cmd/compile/internal/ssa/debug.go
1739297689|Junyang Shao|M|src/cmd/compile/internal/ssa/op.go
1739297689|Junyang Shao|M|src/cmd/compile/internal/ssa/opGen.go
1739297689|Junyang Shao|M|src/cmd/compile/internal/ssa/regalloc.go
1739297689|Junyang Shao|M|src/cmd/compile/internal/ssa/sizeof_test.go
1777908457|Dmitri Shuralyov|M|src/cmd/dist/buildtag_test.go
1777909917|Dmitri Shuralyov|M|src/cmd/dist/build.go
1777909917|Dmitri Shuralyov|D|src/cmd/dist/buildtag.go
1777909917|Dmitri Shuralyov|D|src/cmd/dist/buildtag_test.go
1777413074|Robert Griesemer|M|src/index/suffixarray/suffixarray.go
1777413074|Robert Griesemer|M|src/index/suffixarray/suffixarray_test.go
1777969307|Cuong Manh Le|M|src/cmd/compile/internal/ssagen/ssa.go
1777969307|Cuong Manh Le|A|test/fixedbugs/issue79197.go
1777801471|Joe Tsai|M|src/encoding/json/jsontext/errors.go
1777801471|Joe Tsai|M|src/encoding/json/jsontext/token.go
1777801471|Joe Tsai|M|src/encoding/json/jsontext/token_test.go
1777683426|Joe Tsai|A|src/encoding/json/internal/exp_jsonformat_off.go
1777683426|Joe Tsai|A|src/encoding/json/internal/exp_jsonformat_on.go
1777683426|Joe Tsai|M|src/encoding/json/v2/arshal.go
1777683426|Joe Tsai|M|src/encoding/json/v2/arshal_test.go
1777683426|Joe Tsai|M|src/encoding/json/v2/arshal_time.go
1777683426|Joe Tsai|M|src/encoding/json/v2/doc.go
1777683426|Joe Tsai|A|src/encoding/json/v2/doc_format.go
1777683426|Joe Tsai|A|src/encoding/json/v2/example_format_test.go
1777683426|Joe Tsai|M|src/encoding/json/v2/example_test.go
1777683426|Joe Tsai|M|src/encoding/json/v2/fields.go
1777683426|Joe Tsai|M|src/encoding/json/v2/fields_test.go
1777683426|Joe Tsai|M|src/encoding/json/v2/options.go
1777683426|Joe Tsai|M|src/encoding/json/v2_diff_test.go
1777683426|Joe Tsai|A|src/internal/goexperiment/exp_jsonformat_off.go
1777683426|Joe Tsai|A|src/internal/goexperiment/exp_jsonformat_on.go
1777683426|Joe Tsai|M|src/internal/goexperiment/flags.go
1777642627|Vlad Saioc|M|src/runtime/goroutineleakprofile_test.go
1777642627|Vlad Saioc|M|src/runtime/mgc.go
1777642627|Vlad Saioc|M|src/runtime/testdata/testgoroutineleakprofile/simple.go
1778020914|Robert Griesemer|M|src/index/suffixarray/suffixarray.go
1778020914|Robert Griesemer|M|src/index/suffixarray/suffixarray_test.go
1769809096|Russ Cox|M|src/regexp/all_test.go
1769809096|Russ Cox|M|src/regexp/exec.go
1769809096|Russ Cox|M|src/regexp/find_test.go
1769809096|Russ Cox|M|src/regexp/regexp.go
1777907719|Emmanuel T Odeke|A|doc/next/6-stdlib/99-minor/crypto/x509/pkix/33093.md
1777907719|Emmanuel T Odeke|M|src/crypto/x509/pkix/pkix.go
1777907719|Emmanuel T Odeke|M|src/crypto/x509/x509_test.go
1777476241|Weixie Cui|M|src/internal/runtime/maps/runtime_fast32.go
1778019634|Damien Neil|M|src/mime/encodedword.go
1778019634|Damien Neil|M|src/mime/encodedword_test.go
1778081332|Dmitri Shuralyov|A|src/cmd/api/testdata/src/pkg/issue79145/golden.txt
1778081332|Dmitri Shuralyov|A|src/cmd/api/testdata/src/pkg/issue79145/issue79145.go
1777117382|Weixie Cui|M|src/cmd/go/internal/modfetch/cache.go
1777929052|Austin Clements|M|src/simd/archsimd/_gen/main.go
1777908446|Neal Patel|M|src/html/template/transition.go
1777770264|Austin Clements|M|src/simd/archsimd/_gen/simdgen/gen_simdTypes.go
1777770264|Austin Clements|M|src/simd/archsimd/_gen/simdgen/ops/BitwiseLogic/categories.yaml
1777770264|Austin Clements|M|src/simd/archsimd/_gen/simdgen/ops/FPonlyArith/categories.yaml
1777770264|Austin Clements|M|src/simd/archsimd/_gen/simdgen/ops/GaloisField/categories.yaml
1777770264|Austin Clements|M|src/simd/archsimd/_gen/simdgen/ops/GaloisField/go.yaml
1777770264|Austin Clements|M|src/simd/archsimd/_gen/simdgen/ops/Moves/categories.yaml
1777770264|Austin Clements|M|src/simd/archsimd/_gen/simdgen/ops/Moves/go.yaml
1777770264|Austin Clements|M|src/simd/archsimd/_gen/simdgen/ops/Mul/categories.yaml
1777770264|Austin Clements|M|src/simd/archsimd/_gen/tmplgen/main.go
1777770264|Austin Clements|M|src/simd/archsimd/ops_amd64.go
1777770264|Austin Clements|M|src/simd/archsimd/ops_internal_amd64.go
1777770264|Austin Clements|M|src/simd/archsimd/other_gen_amd64.go
1777770264|Austin Clements|M|src/simd/archsimd/slice_gen_amd64.go
1777838400|Austin Clements|M|src/simd/archsimd/_gen/simdgen/ops/MLOps/categories.yaml
1777838400|Austin Clements|M|src/simd/archsimd/_gen/simdgen/ops/MLOps/go.yaml
1777838400|Austin Clements|M|src/simd/archsimd/ops_amd64.go
1778165242|Mark Freeman|M|src/cmd/compile/internal/noder/reader.go
1778165242|Mark Freeman|M|test/genmeth2.go
1778170629|Damien Neil|M|src/archive/tar/reader.go
1777579849|Damien Neil|M|src/cmd/go/internal/modfetch/fetch.go
1777579849|Damien Neil|M|src/cmd/go/proxy_test.go
1777579849|Damien Neil|A|src/cmd/go/testdata/script/mod_sum_absent.txt
1778182016|Austin Clements|M|src/simd/archsimd/ops_amd64.go
1778172263|Nicholas S. Husin|M|src/net/http/fs_test.go
1778172263|Nicholas S. Husin|M|src/net/http/serve_test.go
1778172263|Nicholas S. Husin|M|src/net/http/sniff_test.go
1774370509|Damien Neil|A|doc/next/6-stdlib/99-minor/net/http/21753.md
1774370509|Damien Neil|M|src/net/http/clientserver_test.go
1774370509|Damien Neil|M|src/net/http/server.go
1774370509|Damien Neil|M|src/net/http/transport.go
1777933978|Jorropo|M|src/cmd/compile/internal/ssa/_gen/AMD64.rules
1777933978|Jorropo|M|src/cmd/compile/internal/ssa/rewriteAMD64.go
1777933978|Jorropo|A|test/fixedbugs/issue79182.go
1777982183|Weixie Cui|M|src/cmd/internal/script/conds.go
1771150476|Marten Seemann|A|api/next/77363.txt
1771150476|Marten Seemann|A|doc/next/6-stdlib/99-minor/crypto/tls/77363.md
1771150476|Marten Seemann|M|src/crypto/tls/handshake_server.go
1771150476|Marten Seemann|M|src/crypto/tls/quic.go
1771150476|Marten Seemann|M|src/crypto/tls/quic_test.go
1777431199|Hesen|M|src/internal/runtime/maps/map.go
1777431199|Hesen|M|src/internal/runtime/maps/map_test.go
1777431199|Hesen|M|src/internal/runtime/maps/runtime.go
1777431199|Hesen|M|src/internal/runtime/maps/runtime_fast32.go
1777431199|Hesen|M|src/internal/runtime/maps/runtime_fast64.go
1777431199|Hesen|M|src/internal/runtime/maps/runtime_faststr.go
1777431199|Hesen|M|src/internal/runtime/maps/table.go
1778125302|Brad Fitzpatrick|M|src/runtime/vdso_test.go
1778207058|Cherry Mui|M|src/internal/buildcfg/exp.go
1778207058|Cherry Mui|M|src/internal/goexperiment/flags.go
1771686289|Alexander Musman|M|src/cmd/compile/internal/arm64/ssa.go
1771686289|Alexander Musman|M|src/cmd/compile/internal/ssa/_gen/ARM64.rules
1771686289|Alexander Musman|M|src/cmd/compile/internal/ssa/_gen/ARM64Ops.go
1771686289|Alexander Musman|M|src/cmd/compile/internal/ssa/opGen.go
1771686289|Alexander Musman|M|src/cmd/compile/internal/ssa/rewriteARM64.go
1776512234|Alexander Musman|M|src/cmd/compile/internal/ssa/_gen/simdgenericOps.go
1776512234|Alexander Musman|M|src/simd/archsimd/_gen/simdgen/gen_simdGenericOps.go
1776512234|Alexander Musman|M|src/simd/archsimd/_gen/simdgen/godefs.go
1778263076|Junyang Shao|M|src/simd/archsimd/_gen/tmplgen/main.go
1778263076|Junyang Shao|M|src/simd/archsimd/internal/simd_test/slicepart_test.go
1778263076|Junyang Shao|M|src/simd/archsimd/slice_gen_amd64.go
1778263076|Junyang Shao|M|src/simd/archsimd/slicepart_amd64.go
1778247952|David Chase|M|src/cmd/compile/internal/ssagen/intrinsics.go
1778174188|David Chase|M|src/simd/archsimd/_gen/go.mod
1778174188|David Chase|M|src/simd/archsimd/_gen/main.go
1778174188|David Chase|A|src/simd/archsimd/_gen/sgutil/asbits.go
1778174188|David Chase|A|src/simd/archsimd/_gen/sgutil/compare_natural.go
1778174188|David Chase|A|src/simd/archsimd/_gen/sgutil/formatted_files.go
1778174188|David Chase|A|src/simd/archsimd/_gen/sgutil/merge_generic_ops.go
1778174188|David Chase|A|src/simd/archsimd/_gen/sgutil/sort_test.go
1778174188|David Chase|M|src/simd/archsimd/_gen/simdgen/gen_simdGenericOps.go
1778174188|David Chase|M|src/simd/archsimd/_gen/simdgen/godefs.go
1774346747|Piaoyang Shu|M|src/internal/runtime/maps/group.go
1775505772|Ch1n-ch1nless|M|src/cmd/asm/internal/asm/testdata/arm64.s
1775505772|Ch1n-ch1nless|M|src/cmd/asm/internal/asm/testdata/arm64error.s
1775505772|Ch1n-ch1nless|M|src/cmd/internal/obj/arm64/a.out.go
1775505772|Ch1n-ch1nless|M|src/cmd/internal/obj/arm64/anames.go
1775505772|Ch1n-ch1nless|M|src/cmd/internal/obj/arm64/asm7.go
1775505772|Ch1n-ch1nless|M|src/cmd/internal/obj/arm64/specialoperand_string.go
1778273085|Cherry Mui|M|src/cmd/compile/internal/ir/func.go
1778273085|Cherry Mui|A|test/fixedbugs/issue79274.go
1778273085|Cherry Mui|A|test/fixedbugs/issue79274a.dir/a.go
1778273085|Cherry Mui|A|test/fixedbugs/issue79274a.dir/b.go
1778273085|Cherry Mui|A|test/fixedbugs/issue79274a.go
1773163462|ArsenySamoylov|M|src/go/build/deps_test.go
1773163462|ArsenySamoylov|M|src/internal/runtime/maps/memhash_386.s
1773163462|ArsenySamoylov|M|src/internal/runtime/maps/memhash_aes.go
1773163462|ArsenySamoylov|A|src/internal/runtime/maps/memhash_aes_asm.go
1773163462|ArsenySamoylov|A|src/internal/runtime/maps/memhash_aes_simd.go
1773163462|ArsenySamoylov|M|src/internal/runtime/maps/memhash_amd64.s
1773163462|ArsenySamoylov|M|src/internal/runtime/maps/memhash_arm64.s
1773163462|ArsenySamoylov|M|src/internal/runtime/maps/memhash_noaes.go
1773163462|ArsenySamoylov|A|src/internal/runtime/maps/memhash_nosimd_amd64.s
1773163462|ArsenySamoylov|M|src/internal/runtime/maps/runtime_alg.go
1773163462|ArsenySamoylov|M|src/internal/runtime/maps/runtime_fast32.go
1773163462|ArsenySamoylov|M|src/internal/runtime/maps/runtime_fast64.go
1778192185|Neal Patel|M|src/crypto/hkdf/example_test.go
1778110002|Brad Fitzpatrick|M|src/cmd/asm/internal/asm/testdata/arm.s
1778110002|Brad Fitzpatrick|M|src/cmd/internal/obj/arm/asm5.go
1776298118|Michael Matloob|M|src/cmd/compile/internal/ir/symtab.go
1776298118|Michael Matloob|M|src/cmd/compile/internal/ssa/rewrite.go
1776298118|Michael Matloob|M|src/cmd/compile/internal/ssagen/ssa.go
1776298118|Michael Matloob|M|src/runtime/_mkmalloc/mkmalloc.go
1776298118|Michael Matloob|M|src/runtime/malloc.go
1776298118|Michael Matloob|M|src/runtime/malloc_generated.go
1776298118|Michael Matloob|M|src/runtime/malloc_stubs.go
1776298118|Michael Matloob|M|src/runtime/malloc_tables_generated.go
1776298118|Michael Matloob|M|test/codegen/strings.go
1776298118|Michael Matloob|M|test/live.go
1776298118|Michael Matloob|M|test/live_regabi.go
1777989226|Michael Matloob|M|src/runtime/_mkmalloc/mkmalloc.go
1777989226|Michael Matloob|M|src/runtime/export_test.go
1777989226|Michael Matloob|A|src/runtime/malloc_bench_generated_test.go
1777989226|Michael Matloob|A|src/runtime/malloc_stubs_test.go
1778528586|David Chase|M|src/simd/archsimd/_gen/tmplgen/main.go
1778528586|David Chase|M|src/simd/archsimd/slice_gen_amd64.go
1778529140|Junyang Shao|M|src/cmd/compile/internal/amd64/simdssa.go
1778529140|Junyang Shao|M|src/cmd/compile/internal/ssa/_gen/simdAMD64.rules
1778529140|Junyang Shao|M|src/cmd/compile/internal/ssa/_gen/simdAMD64ops.go
1778529140|Junyang Shao|M|src/cmd/compile/internal/ssa/opGen.go
1778529140|Junyang Shao|M|src/cmd/compile/internal/ssa/rewriteAMD64.go
1778529140|Junyang Shao|M|src/cmd/compile/internal/ssagen/simdAMD64intrinsics.go
1778529140|Junyang Shao|M|src/simd/archsimd/_gen/simdgen/ops/Moves/go.yaml
1778529140|Junyang Shao|M|src/simd/archsimd/_gen/simdgen/ops/ShiftRotate/go.yaml
1778529140|Junyang Shao|M|src/simd/archsimd/internal/simd_test/shift_test.go
1778529140|Junyang Shao|M|src/simd/archsimd/ops_amd64.go
1776703295|Josh Bleecher Snyder|M|src/cmd/compile/internal/ssa/regalloc.go
1778530448|Junyang Shao|M|src/cmd/compile/internal/ssa/_gen/simdAMD64.rules
1778530448|Junyang Shao|M|src/cmd/compile/internal/ssa/_gen/simdgenericOps.go
1778530448|Junyang Shao|M|src/cmd/compile/internal/ssa/opGen.go
1778530448|Junyang Shao|M|src/cmd/compile/internal/ssa/rewriteAMD64.go
1778530448|Junyang Shao|M|src/cmd/compile/internal/ssagen/simdAMD64intrinsics.go
1778530448|Junyang Shao|M|src/simd/archsimd/_gen/simdgen/ops/ShiftRotate/categories.yaml
1778530448|Junyang Shao|M|src/simd/archsimd/_gen/simdgen/ops/ShiftRotate/go.yaml
1778530448|Junyang Shao|M|src/simd/archsimd/internal/simd_test/shift_test.go
1778530448|Junyang Shao|M|src/simd/archsimd/ops_amd64.go
1778533180|Junyang Shao|M|src/cmd/compile/internal/amd64/simdssa.go
1778533180|Junyang Shao|M|src/cmd/compile/internal/ssa/_gen/simdAMD64.rules
1778533180|Junyang Shao|M|src/cmd/compile/internal/ssa/_gen/simdgenericOps.go
1778533180|Junyang Shao|M|src/cmd/compile/internal/ssa/opGen.go
1778533180|Junyang Shao|M|src/cmd/compile/internal/ssa/rewriteAMD64.go
1778533180|Junyang Shao|M|src/cmd/compile/internal/ssagen/simdAMD64intrinsics.go
1778533180|Junyang Shao|M|src/simd/archsimd/_gen/simdgen/ops/AddSub/categories.yaml
1778533180|Junyang Shao|M|src/simd/archsimd/_gen/simdgen/ops/AddSub/go.yaml
1778533180|Junyang Shao|M|src/simd/archsimd/internal/simd_test/simd_test.go
1778533180|Junyang Shao|M|src/simd/archsimd/ops_amd64.go
1778563497|Alexander Musman|M|src/simd/archsimd/testdata/sample.go
1778259519|Dmitri Shuralyov|M|src/cmd/go/internal/telemetrystats/telemetrystats.go
1778625913|Nicholas S. Husin|M|src/cmd/dist/test.go
1778625913|Nicholas S. Husin|M|src/net/http/http_test.go
1769307112|Ian Alexander|M|src/cmd/go/internal/gover/version.go
1778679388|David Chase|M|src/cmd/compile/internal/ssagen/intrinsics.go
1778678587|Tobias Klauser|M|src/net/netip/netip.go
1778597156|Brad Fitzpatrick|M|src/net/http/internal/http2/server.go
1778597156|Brad Fitzpatrick|M|src/net/http/internal/http2/server_test.go
1778635027|Josh Bleecher Snyder|M|src/cmd/compile/internal/ssa/_gen/386splitload.rules
1778635027|Josh Bleecher Snyder|M|src/cmd/compile/internal/ssa/_gen/AMD64splitload.rules
1778635027|Josh Bleecher Snyder|M|src/cmd/compile/internal/ssa/rewrite386splitload.go
1778635027|Josh Bleecher Snyder|M|src/cmd/compile/internal/ssa/rewriteAMD64splitload.go
1778635027|Josh Bleecher Snyder|A|test/fixedbugs/splitload_pointer_compare.go
1778604947|Manuel Doncel Martos|M|src/internal/strconv/ftoafixed.go
1778604947|Manuel Doncel Martos|M|src/internal/trace/trace_test.go
1778604947|Manuel Doncel Martos|M|src/simd/archsimd/_gen/simdgen/gen_utility.go
1778604947|Manuel Doncel Martos|M|src/simd/archsimd/_gen/unify/yaml.go
1778604947|Manuel Doncel Martos|M|src/text/template/examplefunc_test.go
1774258265|wangboyao|M|src/cmd/compile/internal/riscv64/ssa.go
1774258265|wangboyao|M|src/internal/runtime/atomic/atomic_riscv64.s
1774258265|wangboyao|M|src/runtime/atomic_riscv64.s
1774258265|wangboyao|M|src/runtime/sys_freebsd_riscv64.s
1774258265|wangboyao|M|src/runtime/sys_linux_riscv64.s
1777269938|Jake Bailey|M|src/cmd/compile/internal/escape/call.go
1777269938|Jake Bailey|M|src/cmd/compile/internal/ir/expr.go
1777269938|Jake Bailey|M|test/escape_closure.go
1774372621|Damien Neil|M|src/database/sql/fakedb_test.go
1774372621|Damien Neil|M|src/database/sql/sql_test.go
1774529173|Jorropo|M|src/cmd/compile/internal/ssa/_gen/ARM64.rules
1774529173|Jorropo|M|src/cmd/compile/internal/ssa/rewriteARM64.go
1772874745|kovan|M|src/log/slog/logger.go
1675842756|Joel Sing|M|src/math/big/natdiv.go
1778873039|Filippo Valsorda|A|api/next/76133.txt
1778873039|Filippo Valsorda|A|doc/next/6-stdlib/99-minor/crypto/x509/76133.md
1778873039|Filippo Valsorda|M|src/crypto/x509/parser.go
1778873039|Filippo Valsorda|M|src/crypto/x509/x509.go
1778873039|Filippo Valsorda|M|src/crypto/x509/x509_test.go
1778342373|Filippo Valsorda|M|src/crypto/tls/auth_test.go
1778342373|Filippo Valsorda|M|src/crypto/tls/certificates_generator_test.go
1778342373|Filippo Valsorda|M|src/crypto/tls/certificates_test.go
1778342373|Filippo Valsorda|M|src/crypto/tls/handshake_client_test.go
1778342373|Filippo Valsorda|M|src/crypto/tls/handshake_messages_test.go
1778342373|Filippo Valsorda|M|src/crypto/tls/handshake_server_test.go
1778342373|Filippo Valsorda|M|src/crypto/tls/handshake_test.go
1778342373|Filippo Valsorda|M|src/crypto/tls/tls_test.go
1778347013|Filippo Valsorda|M|src/crypto/tls/handshake_server_test.go
1778347013|Filippo Valsorda|M|src/crypto/tls/testdata/Server-TLSv12-ClientAuthRequestedAndECDSAGiven
1778347013|Filippo Valsorda|M|src/crypto/tls/testdata/Server-TLSv12-ClientAuthRequestedAndEd25519Given
1778347013|Filippo Valsorda|M|src/crypto/tls/testdata/Server-TLSv12-ClientAuthRequestedAndGiven
1778347013|Filippo Valsorda|M|src/crypto/tls/testdata/Server-TLSv12-ClientAuthRequestedAndPKCS1v15Given
1778347013|Filippo Valsorda|M|src/crypto/tls/testdata/Server-TLSv13-ClientAuthRequestedAndECDSAGiven
1778347013|Filippo Valsorda|M|src/crypto/tls/testdata/Server-TLSv13-ClientAuthRequestedAndEd25519Given
1778347013|Filippo Valsorda|M|src/crypto/tls/testdata/Server-TLSv13-ClientAuthRequestedAndGiven
1778348276|Filippo Valsorda|M|src/crypto/tls/certificates_generator_test.go
1778348276|Filippo Valsorda|M|src/crypto/tls/handshake_server_test.go
1778348276|Filippo Valsorda|M|src/crypto/tls/tls_test.go
1770892995|Filippo Valsorda|M|src/crypto/crypto.go
1770892995|Filippo Valsorda|M|src/crypto/ecdsa/ecdsa.go
1770892995|Filippo Valsorda|M|src/crypto/internal/fips140only/fips140only_test.go
1770892995|Filippo Valsorda|M|src/crypto/rsa/fips.go
1770892995|Filippo Valsorda|M|src/crypto/rsa/rsa.go
1770892995|Filippo Valsorda|M|src/crypto/tls/auth.go
1770892995|Filippo Valsorda|M|src/crypto/tls/cipher_suites.go
1767200181|Filippo Valsorda|M|src/crypto/internal/fips140/bigmod/nat.go
1767200181|Filippo Valsorda|M|src/crypto/internal/fips140/rsa/keygen.go
1767200181|Filippo Valsorda|M|src/crypto/internal/fips140/rsa/keygen_test.go
1767200181|Filippo Valsorda|M|src/crypto/rsa/rsa_test.go
1767200181|Filippo Valsorda|M|src/crypto/rsa/testdata/keygen2048.txt
1767200181|Filippo Valsorda|A|src/crypto/rsa/testdata/keygen3072.txt
1767200181|Filippo Valsorda|A|src/crypto/rsa/testdata/keygen4096.txt
1769042664|Filippo Valsorda|A|src/crypto/internal/fips140/rsa/largeexponent.go
1771304430|Roland Shoemaker|M|src/crypto/cipher/gcm.go
1771304430|Roland Shoemaker|M|src/crypto/internal/fips140/aes/gcm/ghash.go
1776524915|Damien Neil|M|src/go/build/deps_test.go
1776524915|Damien Neil|A|src/internal/nettest/conn.go
1776524915|Damien Neil|A|src/internal/nettest/conn_test.go
1776524915|Damien Neil|A|src/internal/nettest/listener.go
1776524915|Damien Neil|A|src/internal/nettest/listener_test.go
1776524915|Damien Neil|A|src/internal/nettest/nettest_test.go
1776524915|Damien Neil|A|src/internal/nettest/packetconn.go
1776524915|Damien Neil|A|src/internal/nettest/packetconn_test.go
1776524915|Damien Neil|A|src/internal/nettest/queue.go
1779121174|Mark Freeman|M|src/cmd/compile/internal/importer/genmeth_test.go
1779121174|Mark Freeman|M|src/cmd/compile/internal/noder/unified.go
1779121174|Mark Freeman|M|src/go/internal/gcimporter/genmeth_test.go
1779121174|Mark Freeman|M|test/genmeth.go
1779121174|Mark Freeman|M|test/genmeth1.go
1779121174|Mark Freeman|M|test/genmeth2.go
1779131530|Mark Freeman|M|src/cmd/compile/internal/importer/genmeth_test.go
1779131530|Mark Freeman|M|src/cmd/compile/internal/noder/unified.go
1779131530|Mark Freeman|M|src/go/internal/gcimporter/genmeth_test.go
1779131530|Mark Freeman|M|src/internal/buildcfg/exp.go
1779131530|Mark Freeman|M|test/genmeth.go
1779131530|Mark Freeman|M|test/genmeth1.go
1779131530|Mark Freeman|M|test/genmeth2.go
1778704383|Michael Matloob|M|src/runtime/malloc_generated.go
1778704383|Michael Matloob|M|src/runtime/malloc_stubs.go
1779131652|Michael Pratt|D|src/encoding/json/internal/jsontest/testdata/canada_geometry.json.zst
1779131652|Michael Pratt|A|src/encoding/json/internal/jsontest/_embed/canada_geometry.json.zst
1779131652|Michael Pratt|D|src/encoding/json/internal/jsontest/testdata/citm_catalog.json.zst
1779131652|Michael Pratt|A|src/encoding/json/internal/jsontest/_embed/citm_catalog.json.zst
1779131652|Michael Pratt|D|src/encoding/json/internal/jsontest/testdata/golang_source.json.zst
1779131652|Michael Pratt|A|src/encoding/json/internal/jsontest/_embed/golang_source.json.zst
1779131652|Michael Pratt|D|src/encoding/json/internal/jsontest/testdata/string_escaped.json.zst
1779131652|Michael Pratt|A|src/encoding/json/internal/jsontest/_embed/string_escaped.json.zst
1779131652|Michael Pratt|D|src/encoding/json/internal/jsontest/testdata/string_unicode.json.zst
1779131652|Michael Pratt|A|src/encoding/json/internal/jsontest/_embed/string_unicode.json.zst
1779131652|Michael Pratt|D|src/encoding/json/internal/jsontest/testdata/synthea_fhir.json.zst
1779131652|Michael Pratt|A|src/encoding/json/internal/jsontest/_embed/synthea_fhir.json.zst
1779131652|Michael Pratt|D|src/encoding/json/internal/jsontest/testdata/twitter_status.json.zst
1779131652|Michael Pratt|A|src/encoding/json/internal/jsontest/_embed/twitter_status.json.zst
1779131652|Michael Pratt|M|src/encoding/json/internal/jsontest/testdata.go
1778293518|David Chase|M|src/simd/archsimd/_gen/tmplgen/main.go
1778293518|David Chase|M|src/simd/archsimd/internal/simd_test/simd_test.go
1778293518|David Chase|M|src/simd/archsimd/maskmerge_gen_amd64.go
1777499447|Robert Griesemer|A|api/next/79042.txt
1777499447|Robert Griesemer|A|doc/next/6-stdlib/99-minor/go/constant/79042.md
1777499447|Robert Griesemer|M|src/cmd/compile/internal/types2/builtins.go
1777499447|Robert Griesemer|M|src/cmd/compile/internal/types2/const.go
1777499447|Robert Griesemer|M|src/cmd/compile/internal/types2/index.go
1777499447|Robert Griesemer|M|src/go/constant/value.go
1777499447|Robert Griesemer|M|src/go/constant/value_test.go
1777499447|Robert Griesemer|M|src/go/types/builtins.go
1777499447|Robert Griesemer|M|src/go/types/const.go
1777499447|Robert Griesemer|M|src/go/types/index.go
1778855464|Josh Bleecher Snyder|M|src/cmd/compile/internal/walk/expr.go
1778855464|Josh Bleecher Snyder|A|test/fixedbugs/walk_bounded_overshift_empty_bound.go
1778152345|Filippo Valsorda|A|api/next/77626.txt
1778152345|Filippo Valsorda|A|doc/next/6-stdlib/70-mldsa.md
1778152345|Filippo Valsorda|A|doc/next/6-stdlib/99-minor/crypto/77626.md
1778152345|Filippo Valsorda|A|doc/next/6-stdlib/99-minor/crypto/mldsa/77626.md
1778152345|Filippo Valsorda|M|src/crypto/crypto.go
1778152345|Filippo Valsorda|M|src/crypto/crypto_test.go
1778152345|Filippo Valsorda|A|src/crypto/mldsa/example_test.go
1778152345|Filippo Valsorda|A|src/crypto/mldsa/mldsa.go
1778152345|Filippo Valsorda|A|src/crypto/mldsa/mldsa_fips140v1.0.go
1778152345|Filippo Valsorda|A|src/crypto/mldsa/mldsa_fips140v1.0_test.go
1778152345|Filippo Valsorda|A|src/crypto/mldsa/mldsa_fips140v1.26.go
1778152345|Filippo Valsorda|D|src/crypto/internal/fips140test/mldsa_test.go
1778152345|Filippo Valsorda|A|src/crypto/mldsa/mldsa_test.go
1778152345|Filippo Valsorda|M|src/go/build/deps_test.go
1779127554|Andrew Gaul|M|src/cmd/asm/internal/asm/testdata/amd64enc.s
1779127554|Andrew Gaul|M|src/cmd/internal/obj/x86/asm6.go
1779127554|Andrew Gaul|M|src/runtime/sys_linux_amd64.s
1771963137|Daniel McCarney|M|src/cmd/compile/internal/types2/stdlib_test.go
1771963137|Daniel McCarney|A|src/crypto/internal/cryptotest/wycheproof/_schema/go.mod
1771963137|Daniel McCarney|A|src/crypto/internal/cryptotest/wycheproof/_schema/go.sum
1771963137|Daniel McCarney|A|src/crypto/internal/cryptotest/wycheproof/_schema/schema_gen.go
1771963137|Daniel McCarney|A|src/crypto/internal/cryptotest/wycheproof/schema.go
1771963137|Daniel McCarney|A|src/crypto/internal/cryptotest/wycheproof/wycheproof.go
1771963137|Daniel McCarney|M|src/go/build/deps_test.go
1771963137|Daniel McCarney|M|src/go/types/stdlib_test.go
1771969134|Daniel McCarney|A|src/crypto/cipher/cbc_aes_wycheproof_test.go
1771969134|Daniel McCarney|A|src/crypto/cipher/gcm_wycheproof_test.go
1771969134|Daniel McCarney|A|src/crypto/dsa/dsa_wycheproof_test.go
1771969134|Daniel McCarney|A|src/crypto/ecdh/ecdh_wycheproof_test.go
1771969134|Daniel McCarney|A|src/crypto/ecdsa/ecdsa_wycheproof_test.go
1771969134|Daniel McCarney|A|src/crypto/ed25519/ed25519_wycheproof_test.go
1771969134|Daniel McCarney|A|src/crypto/hkdf/hkdf_wycheproof_test.go
1771969134|Daniel McCarney|A|src/crypto/hmac/hmac_wycheproof_test.go
1771969134|Daniel McCarney|A|src/crypto/rsa/rsa_wycheproof_test.go
1778409963|Filippo Valsorda|M|src/crypto/rsa/fips.go
1778409963|Filippo Valsorda|M|src/crypto/rsa/pkcs1v15.go
1774370509|Damien Neil|M|src/database/sql/convert.go
1774370509|Damien Neil|M|src/database/sql/sql_test.go
1779046162|Michael Matloob|M|src/runtime/_mkmalloc/mkmalloc.go
1777578991|Michael Matloob|M|src/runtime/_mkmalloc/mkmalloc.go
1777578991|Michael Matloob|M|src/runtime/malloc_generated.go
1777578991|Michael Matloob|M|src/runtime/malloc_stubs.go
1777913548|Jorropo|M|src/cmd/compile/internal/ssa/known_bits.go
1777913548|Jorropo|A|src/cmd/compile/internal/ssa/known_bits_test.go
1778800540|Jorropo|M|src/cmd/compile/internal/ssa/known_bits.go
1778800540|Jorropo|M|src/cmd/compile/internal/ssa/known_bits_test.go
1778326938|ArsenySamoylov|M|src/internal/runtime/maps/memhash_386.s
1778326938|ArsenySamoylov|M|src/internal/runtime/maps/memhash_aes.go
1778326938|ArsenySamoylov|M|src/internal/runtime/maps/memhash_aes_asm.go
1778326938|ArsenySamoylov|M|src/internal/runtime/maps/memhash_aes_simd.go
1778326938|ArsenySamoylov|M|src/internal/runtime/maps/memhash_amd64.s
1778326938|ArsenySamoylov|M|src/internal/runtime/maps/memhash_arm64.s
1778326938|ArsenySamoylov|M|src/internal/runtime/maps/memhash_noaes.go
1778326938|ArsenySamoylov|M|src/internal/runtime/maps/memhash_nosimd_amd64.s
1778326938|ArsenySamoylov|M|src/internal/runtime/maps/runtime_alg.go
1778326938|ArsenySamoylov|M|src/internal/runtime/maps/runtime_fast32.go
1778326938|ArsenySamoylov|M|src/internal/runtime/maps/runtime_fast64.go
1778326938|ArsenySamoylov|M|src/internal/runtime/maps/runtime_faststr.go
1778326938|ArsenySamoylov|M|src/internal/runtime/maps/runtime_hash32.go
1778326938|ArsenySamoylov|M|src/internal/runtime/maps/runtime_hash64.go
1778326938|ArsenySamoylov|M|src/runtime/alg.go
1778326938|ArsenySamoylov|M|src/runtime/hash_test.go
1779146240|Robert Griesemer|M|src/math/big/int.go
1779146240|Robert Griesemer|M|src/math/big/int_test.go
1778527848|Roland Shoemaker|M|doc/godebug.md
1778527848|Roland Shoemaker|A|doc/next/6-stdlib/99-minor/crypto/x509/77865.md
1778527848|Roland Shoemaker|M|src/crypto/x509/cert_pool.go
1778527848|Roland Shoemaker|M|src/crypto/x509/root.go
1778527848|Roland Shoemaker|M|src/crypto/x509/root_darwin.go
1778527848|Roland Shoemaker|M|src/crypto/x509/root_plan9.go
1778527848|Roland Shoemaker|M|src/crypto/x509/root_test.go
1778527848|Roland Shoemaker|M|src/crypto/x509/root_unix.go
1778527848|Roland Shoemaker|D|src/crypto/x509/root_unix_test.go
1778527848|Roland Shoemaker|M|src/crypto/x509/root_windows.go
1778527848|Roland Shoemaker|M|src/internal/godebugs/table.go
1778527848|Roland Shoemaker|M|src/runtime/metrics/doc.go
1778326569|Filippo Valsorda|A|api/next/78888.txt
1778326569|Filippo Valsorda|M|doc/next/6-stdlib/70-mldsa.md
1778326569|Filippo Valsorda|A|doc/next/6-stdlib/99-minor/crypto/x509/78888.md
1778326569|Filippo Valsorda|M|src/crypto/internal/cryptotest/fips140.go
1778326569|Filippo Valsorda|M|src/crypto/x509/example_test.go
1778326569|Filippo Valsorda|M|src/crypto/x509/parser.go
1778326569|Filippo Valsorda|A|src/crypto/x509/parser_fips140v1.0_test.go
1778326569|Filippo Valsorda|M|src/crypto/x509/pkcs8.go
1778326569|Filippo Valsorda|M|src/crypto/x509/x509.go
1778326569|Filippo Valsorda|M|src/crypto/x509/x509_test.go
1779207244|Filippo Valsorda|M|src/crypto/internal/cryptotest/fips140.go
1779207244|Filippo Valsorda|M|src/crypto/rsa/rsa_test.go
1778328886|Filippo Valsorda|M|api/next/78888.txt
1778328886|Filippo Valsorda|M|doc/next/6-stdlib/70-mldsa.md
1778328886|Filippo Valsorda|A|doc/next/6-stdlib/99-minor/crypto/tls/78888.md
1778328886|Filippo Valsorda|M|src/crypto/internal/fips140only/fips140only_test.go
1778328886|Filippo Valsorda|M|src/crypto/tls/auth.go
1778328886|Filippo Valsorda|M|src/crypto/tls/auth_test.go
1778328886|Filippo Valsorda|M|src/crypto/tls/certificates_generator_test.go
1778328886|Filippo Valsorda|M|src/crypto/tls/certificates_test.go
1778328886|Filippo Valsorda|M|src/crypto/tls/common.go
1778328886|Filippo Valsorda|M|src/crypto/tls/common_string.go
1778328886|Filippo Valsorda|M|src/crypto/tls/defaults.go
1778328886|Filippo Valsorda|M|src/crypto/tls/defaults_fips140.go
1778328886|Filippo Valsorda|M|src/crypto/tls/fips140_test.go
1778328886|Filippo Valsorda|M|src/crypto/tls/generate_cert.go
1778328886|Filippo Valsorda|M|src/crypto/tls/handshake_client.go
1778328886|Filippo Valsorda|M|src/crypto/tls/handshake_client_tls13.go
1778328886|Filippo Valsorda|M|src/crypto/tls/handshake_messages_test.go
1778328886|Filippo Valsorda|M|src/crypto/tls/handshake_server.go
1778328886|Filippo Valsorda|M|src/crypto/tls/handshake_server_tls13.go
1778328886|Filippo Valsorda|M|src/crypto/tls/handshake_test.go
1778328886|Filippo Valsorda|M|src/crypto/tls/key_agreement.go
1778328886|Filippo Valsorda|M|src/crypto/tls/quic_test.go
1778328886|Filippo Valsorda|M|src/crypto/tls/tls.go
1778328886|Filippo Valsorda|M|src/crypto/tls/tls_test.go
1776777408|qmuntal|M|src/runtime/cgo/cgo.go
1776777408|qmuntal|D|src/runtime/cgo/gcc_ios_arm64.c
1776777408|qmuntal|M|src/runtime/cgo/gcc_unix.c
1776777408|qmuntal|M|src/runtime/os_darwin.go
1776777408|qmuntal|A|src/runtime/os_workdir_ios_arm64.go
1776777408|qmuntal|A|src/runtime/os_workdir_stub.go
1776777408|qmuntal|A|src/runtime/sys_ios_arm64.go
1776777408|qmuntal|A|src/runtime/sys_ios_arm64.s
1779210863|Rhys Hiltner|M|src/encoding/json/jsontext/token_test.go
1776006335|Filippo Valsorda|A|api/next/79367.txt
1776006335|Filippo Valsorda|A|doc/next/6-stdlib/99-minor/crypto/tls/79367.md
1776006335|Filippo Valsorda|M|src/crypto/tls/common.go
1776006335|Filippo Valsorda|M|src/crypto/tls/example_test.go
1776006335|Filippo Valsorda|M|src/crypto/tls/handshake_client_test.go
1776006335|Filippo Valsorda|M|src/crypto/tls/handshake_test.go
1778604822|Filippo Valsorda|A|api/next/78543.txt
1778604822|Filippo Valsorda|A|doc/next/6-stdlib/99-minor/crypto/tls/78543.md
1778604822|Filippo Valsorda|M|src/crypto/tls/bogo_config.json
1778604822|Filippo Valsorda|M|src/crypto/tls/bogo_shim_test.go
1778604822|Filippo Valsorda|M|src/crypto/tls/common.go
1778604822|Filippo Valsorda|M|src/crypto/tls/common_string.go
1778604822|Filippo Valsorda|M|src/crypto/tls/defaults.go
1778604822|Filippo Valsorda|M|src/crypto/tls/defaults_fips140.go
1778604822|Filippo Valsorda|M|src/crypto/tls/fips140_test.go
1778604822|Filippo Valsorda|M|src/crypto/tls/handshake_client.go
1778604822|Filippo Valsorda|M|src/crypto/tls/handshake_client_tls13.go
1778604822|Filippo Valsorda|M|src/crypto/tls/key_schedule.go
1778604822|Filippo Valsorda|M|src/crypto/tls/tls_test.go
1764252225|Filippo Valsorda|M|src/crypto/tls/tls_test.go
1778616023|Filippo Valsorda|M|doc/godebug.md
1778616023|Filippo Valsorda|M|src/crypto/tls/bogo_config.json
1778616023|Filippo Valsorda|M|src/crypto/tls/cipher_suites.go
1778616023|Filippo Valsorda|M|src/crypto/tls/common.go
1778616023|Filippo Valsorda|M|src/crypto/tls/defaults.go
1778616023|Filippo Valsorda|M|src/crypto/tls/handshake_client.go
1778616023|Filippo Valsorda|M|src/crypto/tls/handshake_server.go
1778616023|Filippo Valsorda|M|src/crypto/tls/tls_test.go
1778616023|Filippo Valsorda|M|src/internal/godebugs/table.go
1778616023|Filippo Valsorda|M|src/runtime/metrics/doc.go
1778616609|Filippo Valsorda|M|doc/godebug.md
1778616609|Filippo Valsorda|M|src/crypto/tls/common.go
1778616609|Filippo Valsorda|M|src/crypto/tls/handshake_server.go
1778616609|Filippo Valsorda|M|src/internal/godebugs/table.go
1778616609|Filippo Valsorda|M|src/runtime/metrics/doc.go
1778697669|Filippo Valsorda|M|src/crypto/tls/conn_test.go
1775911192|Filippo Valsorda|M|src/crypto/ecdsa/ecdsa.go
1775911192|Filippo Valsorda|M|src/crypto/internal/fips140/ecdsa/ecdsa.go
1776868602|Daniel McCarney|M|src/crypto/internal/fips140/rsa/largeexponent.go
1779208486|Michael Pratt|M|src/encoding/json/v2/arshal_default.go
1779208486|Michael Pratt|M|src/encoding/json/v2/fields.go
1779215432|Robert Griesemer|M|src/go/printer/nodes.go
1779215432|Robert Griesemer|M|src/go/printer/printer_test.go
1779217481|Nicholas S. Husin|M|src/net/mail/message.go
1771868283|Cherry Mui|M|src/cmd/compile/internal/ssagen/abi.go
1771868283|Cherry Mui|M|src/cmd/internal/obj/objfile.go
1771868283|Cherry Mui|M|src/cmd/internal/obj/x86/asm6.go
1771868283|Cherry Mui|M|src/cmd/link/internal/loader/loader.go
1771868283|Cherry Mui|M|src/cmd/link/link_test.go
1771868283|Cherry Mui|M|src/cmd/link/testdata/linkname/badlinkname.go
1771868283|Cherry Mui|A|src/cmd/link/testdata/linkname/systemstack.go
1771868283|Cherry Mui|M|src/iter/iter.go
1771868283|Cherry Mui|M|src/runtime/coro.go
1777389700|Neal Patel|M|src/runtime/asm_amd64.s
1777389700|Neal Patel|M|src/runtime/crash_cgo_test.go
1777389700|Neal Patel|A|src/runtime/testdata/testprogcgo/secretcgo.go
1770547954|David Chase|M|src/cmd/compile/internal/arm64/simdssa.go
1770547954|David Chase|M|src/cmd/compile/internal/ssa/_gen/AMD64Ops.go
1770547954|David Chase|M|src/cmd/compile/internal/ssa/_gen/Wasm.rules
1770547954|David Chase|M|src/cmd/compile/internal/ssa/_gen/WasmOps.go
1770547954|David Chase|M|src/cmd/compile/internal/ssa/_gen/genericOps.go
1770547954|David Chase|M|src/cmd/compile/internal/ssa/_gen/main.go
1770547954|David Chase|M|src/cmd/compile/internal/ssa/_gen/simdARM64.rules
1770547954|David Chase|M|src/cmd/compile/internal/ssa/_gen/simdARM64ops.go
1770547954|David Chase|A|src/cmd/compile/internal/ssa/_gen/simdWasm.rules
1770547954|David Chase|A|src/cmd/compile/internal/ssa/_gen/simdWasmops.go
1770547954|David Chase|M|src/cmd/compile/internal/ssa/_gen/simdgenericOps.go
1770547954|David Chase|M|src/cmd/compile/internal/ssa/config.go
1770547954|David Chase|M|src/cmd/compile/internal/ssa/opGen.go
1770547954|David Chase|M|src/cmd/compile/internal/ssa/regalloc.go
1770547954|David Chase|M|src/cmd/compile/internal/ssa/rewriteARM64.go
1770547954|David Chase|M|src/cmd/compile/internal/ssa/rewriteWasm.go
1770547954|David Chase|M|src/cmd/compile/internal/ssagen/abi.go
1770547954|David Chase|M|src/cmd/compile/internal/ssagen/intrinsics.go
1770547954|David Chase|M|src/cmd/compile/internal/ssagen/simdARM64intrinsics.go
1770547954|David Chase|A|src/cmd/compile/internal/ssagen/simdWasmintrinsics.go
1770547954|David Chase|A|src/cmd/compile/internal/wasm/simdssa.go
1770547954|David Chase|M|src/cmd/compile/internal/wasm/ssa.go
1770547954|David Chase|M|src/internal/buildcfg/exp.go
1770547954|David Chase|M|src/simd/archsimd/_gen/main.go
1770547954|David Chase|M|src/simd/archsimd/_gen/sgutil/merge_generic_ops.go
1770547954|David Chase|M|src/simd/archsimd/_gen/simdgen/arm64/ops/Mul/go.yaml
1770547954|David Chase|M|src/simd/archsimd/_gen/tmplgen/main.go
1770547954|David Chase|A|src/simd/archsimd/_gen/wasmgen/main.go
1770547954|David Chase|M|src/simd/archsimd/dummy.s
1770547954|David Chase|M|src/simd/archsimd/generate.go
1770547954|David Chase|A|src/simd/archsimd/internal/simd_test/binary_128_test.go
1770547954|David Chase|A|src/simd/archsimd/internal/simd_test/binary_helpers_128_test.go
1770547954|David Chase|D|src/simd/archsimd/internal/simd_test/binary_helpers_test.go
1770547954|David Chase|A|src/simd/archsimd/internal/simd_test/binary_helpers_wider_test.go
1770547954|David Chase|A|src/simd/archsimd/internal/simd_test/compare_128_test.go
1770547954|David Chase|A|src/simd/archsimd/internal/simd_test/compare_helpers_128_test.go
1770547954|David Chase|D|src/simd/archsimd/internal/simd_test/compare_helpers_test.go
1770547954|David Chase|A|src/simd/archsimd/internal/simd_test/compare_helpers_wider_test.go
1770547954|David Chase|M|src/simd/archsimd/internal/simd_test/compare_test.go
1770547954|David Chase|M|src/simd/archsimd/internal/simd_test/helpers_test.go
1770547954|David Chase|M|src/simd/archsimd/internal/simd_test/simulation_helpers_test.go
1770547954|David Chase|A|src/simd/archsimd/internal/simd_test/slicepart_128_test.go
1770547954|David Chase|D|src/simd/archsimd/internal/simd_test/slicepart_test.go
1770547954|David Chase|A|src/simd/archsimd/internal/simd_test/slicepart_wider_test.go
1770547954|David Chase|M|src/simd/archsimd/internal/test_helpers/checkslices.go
1770547954|David Chase|M|src/simd/archsimd/ops_arm64.go
1770547954|David Chase|A|src/simd/archsimd/ops_wasm.go
1770547954|David Chase|M|src/simd/archsimd/slice_gen_amd64.go
1770547954|David Chase|A|src/simd/archsimd/slicepart_128.go
1770547954|David Chase|M|src/simd/archsimd/slicepart_amd64.go
1770547954|David Chase|A|src/simd/archsimd/slicepart_wasm.go
1770547954|David Chase|M|src/simd/archsimd/string.go
1770547954|David Chase|A|src/simd/archsimd/testdata/wasmtest.go
1770547954|David Chase|A|src/simd/archsimd/types_wasm.go
1777568488|Cherry Mui|M|src/cmd/compile/internal/noder/noder.go
1777568488|Cherry Mui|M|src/cmd/compile/internal/types2/decl.go
1777568488|Cherry Mui|M|src/cmd/compile/internal/types2/lookup.go
1777568488|Cherry Mui|M|src/cmd/compile/internal/types2/object.go
1777568488|Cherry Mui|M|src/go/types/decl.go
1777568488|Cherry Mui|M|src/go/types/lookup.go
1777568488|Cherry Mui|M|src/go/types/object.go
1777568488|Cherry Mui|A|test/fixedbugs/issue74626.go
1777927356|Michael Matloob|M|src/internal/buildcfg/exp.go
1776936436|Guoqi Chen|M|src/cmd/asm/internal/asm/testdata/loong64enc1.s
1776936436|Guoqi Chen|M|src/cmd/internal/obj/loong64/anames.go
1776936436|Guoqi Chen|M|src/cmd/internal/obj/loong64/asm.go
1776936436|Guoqi Chen|M|src/cmd/internal/obj/loong64/inst.go
1776936436|Guoqi Chen|M|src/cmd/internal/obj/loong64/instOp.go
1779215861|Filippo Valsorda|M|src/crypto/ecdsa/ecdsa_test.go
1779226458|Robert Griesemer|A|src/cmd/compile/internal/types2/alias_test.go
1779226458|Robert Griesemer|M|src/go/types/alias_test.go
1779227127|Robert Griesemer|M|src/go/types/alias_test.go
1779227127|Robert Griesemer|M|src/go/types/generate_test.go
1779058893|Rhys Hiltner|M|src/runtime/lock_js.go
1779058893|Rhys Hiltner|M|src/runtime/lock_spinbit.go
1779058893|Rhys Hiltner|M|src/runtime/lock_wasip1.go
1779058893|Rhys Hiltner|M|src/runtime/mprof.go
1778962945|Sean Liao|M|src/cmd/go/internal/envcmd/env.go
1779263502|Richard Miller|M|src/crypto/x509/root_test.go
1779259074|Guoqi Chen|M|src/internal/cpu/cpu.go
1779154598|Roland Shoemaker|M|src/cmd/compile/internal/amd64/simdssa.go
1779154598|Roland Shoemaker|M|src/cmd/compile/internal/ssa/_gen/simdAMD64.rules
1779154598|Roland Shoemaker|M|src/cmd/compile/internal/ssa/_gen/simdAMD64ops.go
1779154598|Roland Shoemaker|M|src/cmd/compile/internal/ssa/opGen.go
1779154598|Roland Shoemaker|M|src/cmd/compile/internal/ssa/rewriteAMD64.go
1779154598|Roland Shoemaker|M|src/simd/archsimd/_gen/simdgen/gen_utility.go
1779154598|Roland Shoemaker|M|src/simd/archsimd/_gen/simdgen/xed.go
1779154598|Roland Shoemaker|M|test/codegen/simd.go
1779112058|Joel Sing|M|src/cmd/go.mod
1779112058|Joel Sing|M|src/cmd/go.sum
1779112058|Joel Sing|M|src/cmd/vendor/golang.org/x/arch/arm64/arm64asm/plan9x.go
1779112058|Joel Sing|M|src/cmd/vendor/golang.org/x/arch/riscv64/riscv64asm/gnu.go
1779112058|Joel Sing|M|src/cmd/vendor/golang.org/x/arch/riscv64/riscv64asm/plan9x.go
1779112058|Joel Sing|M|src/cmd/vendor/golang.org/x/arch/riscv64/riscv64asm/tables.go
1779112058|Joel Sing|M|src/cmd/vendor/modules.txt
1769792982|Russ Cox|M|src/cmd/compile/internal/test/inl_test.go
1769792982|Russ Cox|M|src/internal/strconv/atof.go
1769792982|Russ Cox|M|src/internal/strconv/atof_test.go
1769792982|Russ Cox|D|src/internal/strconv/atofeisel.go
1769792982|Russ Cox|M|src/internal/strconv/atoi.go
1769792982|Russ Cox|M|src/internal/strconv/export_test.go
1769792982|Russ Cox|M|src/internal/strconv/ftoa.go
1769792982|Russ Cox|M|src/internal/strconv/ftoa_test.go
1769792982|Russ Cox|D|src/internal/strconv/ftoadbox.go
1769792982|Russ Cox|D|src/internal/strconv/ftoafixed.go
1769792982|Russ Cox|M|src/internal/strconv/import_test.go
1769792982|Russ Cox|M|src/internal/strconv/itoa.go
1769792982|Russ Cox|M|src/internal/strconv/itoa_test.go
1769792982|Russ Cox|D|src/internal/strconv/math.go
1769792982|Russ Cox|M|src/internal/strconv/math_test.go
1769792982|Russ Cox|M|src/internal/strconv/pow10gen.go
1769792982|Russ Cox|M|src/internal/strconv/pow10tab.go
1769792982|Russ Cox|A|src/internal/strconv/uscale.go
1778208028|Jake Bailey|M|src/cmd/compile/internal/escape/call.go
1778208028|Jake Bailey|M|src/cmd/compile/internal/ir/expr.go
1778208028|Jake Bailey|M|test/escape_closure.go
1778865617|Jake Bailey|M|src/cmd/compile/internal/escape/call.go
1779111045|Michael Matloob|M|src/runtime/_mkmalloc/mkmalloc.go
1779111045|Michael Matloob|M|src/runtime/malloc_generated.go
1779111045|Michael Matloob|M|src/runtime/malloc_stubs.go
1779104964|Filippo Valsorda|M|src/archive/zip/reader.go
1779104964|Filippo Valsorda|M|src/archive/zip/zip_test.go
1777577078|Michael Podtserkovskii|M|doc/next/5-toolchain.md
1777577078|Michael Podtserkovskii|M|src/cmd/compile/doc.go
1777577078|Michael Podtserkovskii|M|src/cmd/compile/internal/syntax/parser.go
1777577078|Michael Podtserkovskii|M|src/cmd/compile/internal/syntax/parser_test.go
1777577078|Michael Podtserkovskii|A|src/cmd/go/testdata/script/build_line_directive_relative.txt
1777577078|Michael Podtserkovskii|M|src/cmd/internal/testdir/testdir_test.go
1777577078|Michael Podtserkovskii|M|test/fixedbugs/issue18149.go
1777577078|Michael Podtserkovskii|M|test/fixedbugs/issue22660.go
1777577078|Michael Podtserkovskii|M|test/fixedbugs/issue22662.go
1777577078|Michael Podtserkovskii|M|test/fixedbugs/issue22662b.go
1779303095|Robert Griesemer|M|src/cmd/compile/doc.go
1778778364|Josh Bleecher Snyder|M|src/crypto/internal/fips140/edwards25519/field/_asm/fe_amd64_asm.go
1778778364|Josh Bleecher Snyder|M|src/crypto/internal/fips140/edwards25519/field/fe_amd64.go
1778778364|Josh Bleecher Snyder|M|src/crypto/internal/fips140/edwards25519/field/fe_amd64.s
1778778364|Josh Bleecher Snyder|M|src/crypto/internal/fips140/edwards25519/field/fe_amd64_noasm.go
1778778364|Josh Bleecher Snyder|M|src/crypto/internal/fips140/edwards25519/field/fe_generic.go
1778778364|Josh Bleecher Snyder|D|src/crypto/internal/fips140/edwards25519/field/fe_squaren_amd64.go
1778778364|Josh Bleecher Snyder|M|src/crypto/internal/fips140/edwards25519/field/fe_test.go
1779301779|Robert Griesemer|M|src/cmd/compile/internal/syntax/parser_test.go
1779251650|Michael Matloob|M|src/cmd/compile/internal/ir/symtab.go
1779251650|Michael Matloob|M|src/cmd/compile/internal/ssagen/ssa.go
1779251650|Michael Matloob|M|src/runtime/_mkmalloc/constants.go
1779251650|Michael Matloob|M|src/runtime/_mkmalloc/mkmalloc.go
1779251650|Michael Matloob|M|src/runtime/malloc_generated.go
1779251650|Michael Matloob|M|src/runtime/malloc_tables_generated.go
1779302327|Cherry Mui|M|src/internal/cpu/cpu_windows.go
1779302327|Cherry Mui|M|src/internal/runtime/atomic/linkname.go
1779302327|Cherry Mui|M|src/internal/runtime/maps/runtime.go
1779302327|Cherry Mui|M|src/reflect/type.go
1779302327|Cherry Mui|M|src/runtime/os_windows.go
1779302327|Cherry Mui|M|src/runtime/runtime1.go
1779216799|Joe Tsai|M|src/encoding/json/jsontext/decode.go
1779216799|Joe Tsai|M|src/encoding/json/stream.go
1779216799|Joe Tsai|M|src/encoding/json/v2_stream.go
1779311126|Mark Freeman|M|src/cmd/go.mod
1779311126|Mark Freeman|M|src/cmd/go.sum
1779311126|Mark Freeman|M|src/cmd/vendor/golang.org/x/tools/go/analysis/passes/composite/composite.go
1779311126|Mark Freeman|M|src/cmd/vendor/golang.org/x/tools/go/analysis/passes/errorsas/errorsas.go
1779311126|Mark Freeman|M|src/cmd/vendor/golang.org/x/tools/go/analysis/passes/inline/doc.go
1779311126|Mark Freeman|M|src/cmd/vendor/golang.org/x/tools/go/analysis/passes/inline/inline.go
1779311126|Mark Freeman|M|src/cmd/vendor/golang.org/x/tools/go/analysis/passes/modernize/atomictypes.go
1779311126|Mark Freeman|M|src/cmd/vendor/golang.org/x/tools/go/analysis/passes/modernize/doc.go
1779311126|Mark Freeman|A|src/cmd/vendor/golang.org/x/tools/go/analysis/passes/modernize/embedlit.go
1779311126|Mark Freeman|M|src/cmd/vendor/golang.org/x/tools/go/analysis/passes/modernize/errorsastype.go
1779311126|Mark Freeman|M|src/cmd/vendor/golang.org/x/tools/go/analysis/passes/modernize/minmax.go
1779311126|Mark Freeman|M|src/cmd/vendor/golang.org/x/tools/go/analysis/passes/modernize/modernize.go
1779311126|Mark Freeman|M|src/cmd/vendor/golang.org/x/tools/go/analysis/passes/modernize/plusbuild.go
1779311126|Mark Freeman|M|src/cmd/vendor/golang.org/x/tools/go/analysis/passes/modernize/rangeint.go
1779311126|Mark Freeman|M|src/cmd/vendor/golang.org/x/tools/go/analysis/passes/modernize/reflect.go
1779311126|Mark Freeman|M|src/cmd/vendor/golang.org/x/tools/go/analysis/passes/modernize/slicesbackward.go
1779311126|Mark Freeman|M|src/cmd/vendor/golang.org/x/tools/go/analysis/passes/modernize/slicescontains.go
1779311126|Mark Freeman|M|src/cmd/vendor/golang.org/x/tools/go/analysis/passes/modernize/stditerators.go
1779311126|Mark Freeman|M|src/cmd/vendor/golang.org/x/tools/go/analysis/passes/modernize/stringsbuilder.go
1779311126|Mark Freeman|M|src/cmd/vendor/golang.org/x/tools/go/analysis/passes/modernize/stringscut.go
1779311126|Mark Freeman|M|src/cmd/vendor/golang.org/x/tools/go/analysis/passes/printf/printf.go
1779311126|Mark Freeman|M|src/cmd/vendor/golang.org/x/tools/go/ast/edge/edge.go
1779311126|Mark Freeman|M|src/cmd/vendor/golang.org/x/tools/go/types/objectpath/objectpath.go
1779311126|Mark Freeman|M|src/cmd/vendor/golang.org/x/tools/internal/astutil/comment.go
1779311126|Mark Freeman|A|src/cmd/vendor/golang.org/x/tools/internal/astutil/cursor.go
1779311126|Mark Freeman|M|src/cmd/vendor/golang.org/x/tools/internal/astutil/purge.go
1779311126|Mark Freeman|M|src/cmd/vendor/golang.org/x/tools/internal/astutil/util.go
1779311126|Mark Freeman|M|src/cmd/vendor/golang.org/x/tools/internal/goplsexport/export.go
1779311126|Mark Freeman|M|src/cmd/vendor/golang.org/x/tools/internal/moreiters/iters.go
1779311126|Mark Freeman|M|src/cmd/vendor/golang.org/x/tools/internal/refactor/delete.go
1779311126|Mark Freeman|M|src/cmd/vendor/golang.org/x/tools/internal/refactor/inline/callee.go
1779311126|Mark Freeman|M|src/cmd/vendor/golang.org/x/tools/internal/refactor/inline/inline.go
1779311126|Mark Freeman|M|src/cmd/vendor/golang.org/x/tools/internal/typesinternal/typeindex/typeindex.go
1779311126|Mark Freeman|M|src/cmd/vendor/modules.txt
1746439753|Filippo Valsorda|M|src/cmd/compile/internal/ssa/stmtlines_test.go
1746439753|Filippo Valsorda|M|src/crypto/internal/fips140/bigmod/nat.go
1746439753|Filippo Valsorda|M|src/crypto/internal/fips140/ecdsa/ecdsa.go
1746439753|Filippo Valsorda|M|src/crypto/internal/fips140/nistec/_asm/go.mod
1746439753|Filippo Valsorda|M|src/crypto/internal/fips140/nistec/_asm/go.sum
1746439753|Filippo Valsorda|M|src/crypto/internal/fips140/nistec/_asm/p256_asm.go
1746439753|Filippo Valsorda|M|src/crypto/internal/fips140/nistec/p256.go
1746439753|Filippo Valsorda|M|src/crypto/internal/fips140/nistec/p256_asm.go
1746439753|Filippo Valsorda|M|src/crypto/internal/fips140/nistec/p256_asm_amd64.s
1746439753|Filippo Valsorda|M|src/crypto/internal/fips140/nistec/p256_asm_arm64.s
1746439753|Filippo Valsorda|M|src/crypto/internal/fips140/nistec/p256_ordinv.go
1746439753|Filippo Valsorda|D|src/crypto/internal/fips140/nistec/p256_ordinv_noasm.go
1746439753|Filippo Valsorda|A|src/crypto/internal/fips140test/nistec_ordinv_fips140v1.0_test.go
1746439753|Filippo Valsorda|A|src/crypto/internal/fips140test/nistec_ordinv_fips140v1.28_test.go
1746439753|Filippo Valsorda|M|src/crypto/internal/fips140test/nistec_ordinv_test.go
1772025135|Filippo Valsorda|M|src/crypto/internal/fips140/nistec/p256_ordinv.go
1779289415|Filippo Valsorda|M|src/crypto/internal/cryptotest/wycheproof/_schema/schema_gen.go
1779289415|Filippo Valsorda|A|src/crypto/internal/cryptotest/wycheproof/schemaversion.go
1779289415|Filippo Valsorda|M|src/crypto/internal/cryptotest/wycheproof/wycheproof.go
1779304103|Michael Matloob|M|src/runtime/malloc.go
1779304668|Alexander Musman|M|src/cmd/compile/internal/ssa/_gen/ARM64Ops.go
1779304668|Alexander Musman|M|src/cmd/compile/internal/ssa/config.go
1779304668|Alexander Musman|M|src/cmd/compile/internal/ssa/opGen.go
1779304668|Alexander Musman|A|test/codegen/simd_arm64.go
1779330206|Cherry Mui|M|src/runtime/trace/subscribe.go
1771843498|Alexander Musman|M|src/simd/archsimd/_gen/tmplgen/main.go
1771843498|Alexander Musman|A|src/simd/archsimd/internal/simd_test/arm64_binary_helpers_test.go
1771843498|Alexander Musman|A|src/simd/archsimd/internal/simd_test/arm64_binary_test.go
1771843498|Alexander Musman|M|src/simd/archsimd/internal/simd_test/helpers_test.go
1771843498|Alexander Musman|M|src/simd/archsimd/internal/test_helpers/checkslices.go
1771843498|Alexander Musman|A|src/simd/archsimd/slice_gen_arm64.go
1771843498|Alexander Musman|D|src/simd/archsimd/testdata/arm64/simple.go
1778004848|Roland Shoemaker|M|src/simd/archsimd/_gen/simdgen/gen_utility.go
1779375774|Cherry Mui|M|src/cmd/go.mod
1779375774|Cherry Mui|M|src/cmd/go.sum
1779375774|Cherry Mui|A|src/cmd/vendor/golang.org/x/arch/x86/x86asm/avx.go
1779375774|Cherry Mui|A|src/cmd/vendor/golang.org/x/arch/x86/x86asm/avx_tables.go
1779375774|Cherry Mui|M|src/cmd/vendor/golang.org/x/arch/x86/x86asm/decode.go
1779375774|Cherry Mui|M|src/cmd/vendor/golang.org/x/arch/x86/x86asm/gnu.go
1779375774|Cherry Mui|M|src/cmd/vendor/golang.org/x/arch/x86/x86asm/inst.go
1779375774|Cherry Mui|M|src/cmd/vendor/golang.org/x/arch/x86/x86asm/intel.go
1779375774|Cherry Mui|M|src/cmd/vendor/golang.org/x/arch/x86/x86asm/plan9x.go
1779375774|Cherry Mui|M|src/cmd/vendor/golang.org/x/arch/x86/x86asm/tables.go
1779375774|Cherry Mui|M|src/cmd/vendor/modules.txt
1779290162|Filippo Valsorda|M|src/internal/testenv/testenv.go
1778827419|Alexander Musman|M|src/cmd/compile/internal/arm64/simdssa.go
1778827419|Alexander Musman|M|src/cmd/compile/internal/arm64/ssa.go
1778827419|Alexander Musman|M|src/cmd/compile/internal/ssa/_gen/simdARM64.rules
1778827419|Alexander Musman|M|src/cmd/compile/internal/ssa/_gen/simdARM64ops.go
1778827419|Alexander Musman|M|src/cmd/compile/internal/ssa/_gen/simdgenericOps.go
1778827419|Alexander Musman|M|src/cmd/compile/internal/ssa/opGen.go
1778827419|Alexander Musman|M|src/cmd/compile/internal/ssa/rewriteARM64.go
1778827419|Alexander Musman|M|src/cmd/compile/internal/ssagen/simdARM64intrinsics.go
1778827419|Alexander Musman|M|src/simd/archsimd/_gen/simdgen/arch.go
1778827419|Alexander Musman|M|src/simd/archsimd/_gen/simdgen/gen_utility.go
1778827419|Alexander Musman|M|src/simd/archsimd/_gen/simdgen/ops/Moves/go_arm64.yaml
1778827419|Alexander Musman|M|src/simd/archsimd/_gen/tmplgen/main.go
1778827419|Alexander Musman|A|src/simd/archsimd/internal/simd_test/arm64_simd_test.go
1778827419|Alexander Musman|M|src/simd/archsimd/ops_internal_arm64.go
1778827419|Alexander Musman|A|src/simd/archsimd/other_gen_arm64.go
1778827419|Alexander Musman|M|src/simd/archsimd/string.go
1776167768|Alexander Musman|M|src/cmd/compile/internal/ssa/_gen/simdARM64.rules
1776167768|Alexander Musman|M|src/cmd/compile/internal/ssa/rewriteARM64.go
1776167768|Alexander Musman|M|src/simd/archsimd/_gen/simdgen/gen_simdrules.go
1776167768|Alexander Musman|M|src/simd/archsimd/_gen/simdgen/gen_utility.go
1776167768|Alexander Musman|M|src/simd/archsimd/_gen/simdgen/ops/Moves/go_arm64.yaml
1776167768|Alexander Musman|M|test/codegen/simd_arm64.go
1776189711|Alexander Musman|M|src/cmd/compile/internal/arm64/simdssa.go
1776189711|Alexander Musman|M|src/cmd/compile/internal/arm64/ssa.go
1776189711|Alexander Musman|M|src/cmd/compile/internal/ssa/_gen/simdARM64.rules
1776189711|Alexander Musman|M|src/cmd/compile/internal/ssa/_gen/simdARM64ops.go
1776189711|Alexander Musman|M|src/cmd/compile/internal/ssa/_gen/simdgenericOps.go
1776189711|Alexander Musman|M|src/cmd/compile/internal/ssa/opGen.go
1776189711|Alexander Musman|M|src/cmd/compile/internal/ssa/rewriteARM64.go
1776189711|Alexander Musman|M|src/cmd/compile/internal/ssagen/simdARM64intrinsics.go
1776189711|Alexander Musman|M|src/simd/archsimd/_gen/simdgen/arch.go
1776189711|Alexander Musman|M|src/simd/archsimd/_gen/simdgen/gen_simdrules.go
1776189711|Alexander Musman|M|src/simd/archsimd/_gen/simdgen/gen_simdssa.go
1776189711|Alexander Musman|M|src/simd/archsimd/_gen/simdgen/gen_utility.go
1776189711|Alexander Musman|M|src/simd/archsimd/_gen/simdgen/ops/ShiftRotate/categories.yaml
1776189711|Alexander Musman|M|src/simd/archsimd/_gen/simdgen/ops/ShiftRotate/go_amd64.yaml
1776189711|Alexander Musman|A|src/simd/archsimd/_gen/simdgen/ops/ShiftRotate/go_arm64.yaml
1776189711|Alexander Musman|M|src/simd/archsimd/_gen/tmplgen/main.go
1776189711|Alexander Musman|A|src/simd/archsimd/internal/simd_test/arm64_shift_helpers_test.go
1776189711|Alexander Musman|A|src/simd/archsimd/internal/simd_test/arm64_shift_test.go
1776189711|Alexander Musman|M|src/simd/archsimd/internal/simd_test/helpers_test.go
1776189711|Alexander Musman|M|src/simd/archsimd/internal/simd_test/simulation_helpers_test.go
1776189711|Alexander Musman|M|src/simd/archsimd/ops_arm64.go
1776189711|Alexander Musman|M|test/codegen/simd_arm64.go
1777962504|Alexander Musman|M|src/cmd/asm/internal/asm/testdata/arm64.s
1777962504|Alexander Musman|M|src/cmd/asm/internal/asm/testdata/arm64error.s
1777962504|Alexander Musman|M|src/cmd/internal/obj/arm64/a.out.go
1777962504|Alexander Musman|M|src/cmd/internal/obj/arm64/anames.go
1777962504|Alexander Musman|M|src/cmd/internal/obj/arm64/asm7.go
1778264292|Alexander Musman|M|src/cmd/compile/internal/arm64/simdssa.go
1778264292|Alexander Musman|M|src/cmd/compile/internal/arm64/ssa.go
1778264292|Alexander Musman|M|src/cmd/compile/internal/ssa/_gen/simdARM64.rules
1778264292|Alexander Musman|M|src/cmd/compile/internal/ssa/_gen/simdARM64ops.go
1778264292|Alexander Musman|M|src/cmd/compile/internal/ssa/_gen/simdgenericOps.go
1778264292|Alexander Musman|M|src/cmd/compile/internal/ssa/opGen.go
1778264292|Alexander Musman|M|src/cmd/compile/internal/ssa/rewriteARM64.go
1778264292|Alexander Musman|M|src/cmd/compile/internal/ssagen/simdARM64intrinsics.go
1778264292|Alexander Musman|M|src/simd/archsimd/_gen/simdgen/arch.go
1778264292|Alexander Musman|M|src/simd/archsimd/_gen/simdgen/ops/Converts/categories.yaml
1778264292|Alexander Musman|M|src/simd/archsimd/_gen/simdgen/ops/Converts/go_arm64.yaml
1778264292|Alexander Musman|M|src/simd/archsimd/_gen/simdgen/ops/ShiftRotate/categories.yaml
1778264292|Alexander Musman|M|src/simd/archsimd/_gen/simdgen/ops/ShiftRotate/go_arm64.yaml
1778264292|Alexander Musman|M|src/simd/archsimd/_gen/tmplgen/main.go
1778264292|Alexander Musman|A|src/simd/archsimd/internal/simd_test/arm64_convert_test.go
1778264292|Alexander Musman|A|src/simd/archsimd/internal/simd_test/arm64_unary_helpers_test.go
1778264292|Alexander Musman|M|src/simd/archsimd/internal/simd_test/simulation_helpers_test.go
1778264292|Alexander Musman|M|src/simd/archsimd/ops_arm64.go
1778224476|Alexander Musman|M|src/cmd/compile/internal/arm64/simdssa.go
1778224476|Alexander Musman|M|src/cmd/compile/internal/arm64/ssa.go
1778224476|Alexander Musman|M|src/cmd/compile/internal/ssa/_gen/ARM64Ops.go
1778224476|Alexander Musman|M|src/cmd/compile/internal/ssa/_gen/simdARM64.rules
1778224476|Alexander Musman|M|src/cmd/compile/internal/ssa/_gen/simdARM64ops.go
1778224476|Alexander Musman|M|src/cmd/compile/internal/ssa/_gen/simdgenericOps.go
1778224476|Alexander Musman|M|src/cmd/compile/internal/ssa/opGen.go
1778224476|Alexander Musman|M|src/cmd/compile/internal/ssa/rewriteARM64.go
1778224476|Alexander Musman|M|src/cmd/compile/internal/ssagen/simdARM64intrinsics.go
1778224476|Alexander Musman|M|src/simd/archsimd/_gen/simdgen/arch.go
1778224476|Alexander Musman|M|src/simd/archsimd/_gen/simdgen/gen_simdIntrinsics.go
1778224476|Alexander Musman|M|src/simd/archsimd/_gen/simdgen/gen_simdTypes.go
1778224476|Alexander Musman|M|src/simd/archsimd/_gen/simdgen/gen_utility.go
1778224476|Alexander Musman|A|src/simd/archsimd/_gen/simdgen/ops/Compares/go_arm64.yaml
1778224476|Alexander Musman|M|src/simd/archsimd/_gen/simdgen/ops/Moves/categories.yaml
1778224476|Alexander Musman|M|src/simd/archsimd/_gen/simdgen/ops/Moves/go_arm64.yaml
1778224476|Alexander Musman|A|src/simd/archsimd/_gen/simdgen/ops/NegAbs/categories.yaml
1778224476|Alexander Musman|A|src/simd/archsimd/_gen/simdgen/ops/NegAbs/go_arm64.yaml
1778224476|Alexander Musman|M|src/simd/archsimd/_gen/tmplgen/main.go
1778224476|Alexander Musman|A|src/simd/archsimd/compare_gen_arm64.go
1778224476|Alexander Musman|A|src/simd/archsimd/internal/simd_test/arm64_compare_helpers_test.go
1778224476|Alexander Musman|A|src/simd/archsimd/internal/simd_test/arm64_compare_test.go
1778224476|Alexander Musman|A|src/simd/archsimd/maskmerge_gen_arm64.go
1778224476|Alexander Musman|M|src/simd/archsimd/ops_arm64.go
1778224476|Alexander Musman|M|src/simd/archsimd/ops_internal_arm64.go
1778224476|Alexander Musman|M|src/simd/archsimd/types_arm64.go
1778224476|Alexander Musman|M|test/codegen/simd_arm64.go
1779401116|Rhys Hiltner|M|src/runtime/pprof/mprof_test.go
1779463896|Cherry Mui|M|src/syscall/syscall_linux_386.go
1779463896|Cherry Mui|M|src/syscall/syscall_linux_s390x.go
1779409625|Cherry Mui|M|src/cmd/compile/internal/ssa/_gen/AMD64Ops.go
1779409625|Cherry Mui|M|src/cmd/compile/internal/ssa/opGen.go
1779397867|Alexander Musman|M|src/cmd/compile/internal/arm64/simdssa.go
1779397867|Alexander Musman|M|src/cmd/compile/internal/arm64/ssa.go
1779397867|Alexander Musman|M|src/cmd/compile/internal/ssa/_gen/simdARM64.rules
1779397867|Alexander Musman|M|src/cmd/compile/internal/ssa/_gen/simdARM64ops.go
1779397867|Alexander Musman|M|src/cmd/compile/internal/ssa/_gen/simdgenericOps.go
1779397867|Alexander Musman|M|src/cmd/compile/internal/ssa/opGen.go
1779397867|Alexander Musman|M|src/cmd/compile/internal/ssa/rewriteARM64.go
1779397867|Alexander Musman|M|src/cmd/compile/internal/ssagen/simdARM64intrinsics.go
1779397867|Alexander Musman|M|src/simd/archsimd/_gen/simdgen/arch.go
1779397867|Alexander Musman|M|src/simd/archsimd/_gen/simdgen/arm64/operands.go
1779397867|Alexander Musman|M|src/simd/archsimd/_gen/simdgen/gen_simdIntrinsics.go
1779397867|Alexander Musman|M|src/simd/archsimd/_gen/simdgen/gen_simdTypes.go
1779397867|Alexander Musman|M|src/simd/archsimd/_gen/simdgen/ops/Moves/go_arm64.yaml
1779397867|Alexander Musman|M|src/simd/archsimd/internal/simd_test/arm64_shift_test.go
1779397867|Alexander Musman|M|src/simd/archsimd/ops_arm64.go
1778733462|Alexander Musman|M|src/cmd/compile/internal/arm64/simdssa.go
1778733462|Alexander Musman|M|src/cmd/compile/internal/ssa/_gen/simdARM64.rules
1778733462|Alexander Musman|M|src/cmd/compile/internal/ssa/_gen/simdARM64ops.go
1778733462|Alexander Musman|M|src/cmd/compile/internal/ssa/_gen/simdgenericOps.go
1778733462|Alexander Musman|M|src/cmd/compile/internal/ssa/opGen.go
1778733462|Alexander Musman|M|src/cmd/compile/internal/ssa/rewriteARM64.go
1778733462|Alexander Musman|M|src/cmd/compile/internal/ssagen/simdARM64intrinsics.go
1778733462|Alexander Musman|M|src/simd/archsimd/_gen/simdgen/ops/Moves/categories.yaml
1778733462|Alexander Musman|M|src/simd/archsimd/_gen/simdgen/ops/Moves/go_arm64.yaml
1778733462|Alexander Musman|M|src/simd/archsimd/internal/simd_test/arm64_binary_test.go
1778733462|Alexander Musman|M|src/simd/archsimd/internal/simd_test/simulation_helpers_test.go
1778733462|Alexander Musman|M|src/simd/archsimd/ops_arm64.go
1779481930|Alexander Musman|M|src/cmd/compile/internal/arm64/simdssa.go
1779481930|Alexander Musman|M|src/cmd/compile/internal/ssa/_gen/simdARM64.rules
1779481930|Alexander Musman|M|src/cmd/compile/internal/ssa/_gen/simdARM64ops.go
1779481930|Alexander Musman|M|src/cmd/compile/internal/ssa/_gen/simdgenericOps.go
1779481930|Alexander Musman|M|src/cmd/compile/internal/ssa/opGen.go
1779481930|Alexander Musman|M|src/cmd/compile/internal/ssa/rewriteARM64.go
1779481930|Alexander Musman|M|src/cmd/compile/internal/ssagen/simdARM64intrinsics.go
1779481930|Alexander Musman|M|src/simd/archsimd/_gen/simdgen/arch.go
1779481930|Alexander Musman|A|src/simd/archsimd/_gen/simdgen/ops/Reduce/categories.yaml
1779481930|Alexander Musman|A|src/simd/archsimd/_gen/simdgen/ops/Reduce/go_arm64.yaml
1779481930|Alexander Musman|A|src/simd/archsimd/internal/simd_test/reduce_arm64_test.go
1779481930|Alexander Musman|M|src/simd/archsimd/internal/simd_test/simulation_helpers_test.go
1779481930|Alexander Musman|M|src/simd/archsimd/ops_arm64.go
1777653721|Michael Matloob|M|src/cmd/go/internal/vcweb/script.go
1777653721|Michael Matloob|M|src/cmd/go/testdata/script/get_404_meta.txt
1777653721|Michael Matloob|A|src/cmd/go/testdata/vcstest/go/get_404_meta.txt
1779478564|David Chase|M|src/cmd/compile/internal/ssagen/simdWasmintrinsics.go
1779478564|David Chase|M|src/simd/archsimd/_gen/wasmgen/main.go
1779478564|David Chase|M|src/simd/archsimd/ops_wasm.go
1779409163|Ian Lance Taylor|M|src/encoding/gob/decode.go
1779350674|Yorukot|M|src/cmd/go/internal/base/base.go
1779350674|Yorukot|M|src/cmd/go/internal/tool/tool.go
1779350674|Yorukot|A|src/cmd/go/testdata/script/tool_signal_exit.txt
1779743578|Keith Randall|M|src/runtime/testdata/testprog/gc.go
1779462328|David Chase|M|src/simd/archsimd/_gen/main.go
1779462328|David Chase|M|src/simd/archsimd/_gen/simdgen/main.go
1779462328|David Chase|M|src/simd/archsimd/_gen/tmplgen/main.go
1779809994|Dmitri Shuralyov|M|src/cmd/go.mod
1779809994|Dmitri Shuralyov|M|src/cmd/go.sum
1779809994|Dmitri Shuralyov|M|src/cmd/vendor/golang.org/x/mod/modfile/read.go
1779809994|Dmitri Shuralyov|M|src/cmd/vendor/golang.org/x/mod/modfile/rule.go
1779809994|Dmitri Shuralyov|M|src/cmd/vendor/golang.org/x/sys/unix/mkerrors.sh
1779809994|Dmitri Shuralyov|A|src/cmd/vendor/golang.org/x/sys/unix/readv_unix.go
1779809994|Dmitri Shuralyov|M|src/cmd/vendor/golang.org/x/sys/unix/syscall_darwin.go
1779809994|Dmitri Shuralyov|M|src/cmd/vendor/golang.org/x/sys/unix/syscall_linux.go
1779809994|Dmitri Shuralyov|M|src/cmd/vendor/golang.org/x/sys/unix/syscall_openbsd.go
1779809994|Dmitri Shuralyov|M|src/cmd/vendor/golang.org/x/sys/unix/zerrors_linux.go
1779809994|Dmitri Shuralyov|M|src/cmd/vendor/golang.org/x/sys/unix/zerrors_linux_386.go
1779809994|Dmitri Shuralyov|M|src/cmd/vendor/golang.org/x/sys/unix/zerrors_linux_amd64.go
1779809994|Dmitri Shuralyov|M|src/cmd/vendor/golang.org/x/sys/unix/zerrors_linux_arm.go
1779809994|Dmitri Shuralyov|M|src/cmd/vendor/golang.org/x/sys/unix/zerrors_linux_arm64.go
1779809994|Dmitri Shuralyov|M|src/cmd/vendor/golang.org/x/sys/unix/zerrors_linux_loong64.go
1779809994|Dmitri Shuralyov|M|src/cmd/vendor/golang.org/x/sys/unix/zerrors_linux_mips.go
1779809994|Dmitri Shuralyov|M|src/cmd/vendor/golang.org/x/sys/unix/zerrors_linux_mips64.go
1779809994|Dmitri Shuralyov|M|src/cmd/vendor/golang.org/x/sys/unix/zerrors_linux_mips64le.go
1779809994|Dmitri Shuralyov|M|src/cmd/vendor/golang.org/x/sys/unix/zerrors_linux_mipsle.go
1779809994|Dmitri Shuralyov|M|src/cmd/vendor/golang.org/x/sys/unix/zerrors_linux_ppc.go
1779809994|Dmitri Shuralyov|M|src/cmd/vendor/golang.org/x/sys/unix/zerrors_linux_ppc64.go
1779809994|Dmitri Shuralyov|M|src/cmd/vendor/golang.org/x/sys/unix/zerrors_linux_ppc64le.go
1779809994|Dmitri Shuralyov|M|src/cmd/vendor/golang.org/x/sys/unix/zerrors_linux_riscv64.go
1779809994|Dmitri Shuralyov|M|src/cmd/vendor/golang.org/x/sys/unix/zerrors_linux_s390x.go
1779809994|Dmitri Shuralyov|M|src/cmd/vendor/golang.org/x/sys/unix/zerrors_linux_sparc64.go
1779809994|Dmitri Shuralyov|M|src/cmd/vendor/golang.org/x/sys/unix/zsyscall_linux.go
1779809994|Dmitri Shuralyov|M|src/cmd/vendor/golang.org/x/sys/unix/zsyscall_openbsd_386.go
1779809994|Dmitri Shuralyov|M|src/cmd/vendor/golang.org/x/sys/unix/zsyscall_openbsd_386.s
1779809994|Dmitri Shuralyov|M|src/cmd/vendor/golang.org/x/sys/unix/zsyscall_openbsd_amd64.go
1779809994|Dmitri Shuralyov|M|src/cmd/vendor/golang.org/x/sys/unix/zsyscall_openbsd_amd64.s
1779809994|Dmitri Shuralyov|M|src/cmd/vendor/golang.org/x/sys/unix/zsyscall_openbsd_arm.go
1779809994|Dmitri Shuralyov|M|src/cmd/vendor/golang.org/x/sys/unix/zsyscall_openbsd_arm.s
1779809994|Dmitri Shuralyov|M|src/cmd/vendor/golang.org/x/sys/unix/zsyscall_openbsd_arm64.go
1779809994|Dmitri Shuralyov|M|src/cmd/vendor/golang.org/x/sys/unix/zsyscall_openbsd_arm64.s
1779809994|Dmitri Shuralyov|M|src/cmd/vendor/golang.org/x/sys/unix/zsyscall_openbsd_mips64.go
1779809994|Dmitri Shuralyov|M|src/cmd/vendor/golang.org/x/sys/unix/zsyscall_openbsd_mips64.s
1779809994|Dmitri Shuralyov|M|src/cmd/vendor/golang.org/x/sys/unix/zsyscall_openbsd_ppc64.go
1779809994|Dmitri Shuralyov|M|src/cmd/vendor/golang.org/x/sys/unix/zsyscall_openbsd_ppc64.s
1779809994|Dmitri Shuralyov|M|src/cmd/vendor/golang.org/x/sys/unix/zsyscall_openbsd_riscv64.go
1779809994|Dmitri Shuralyov|M|src/cmd/vendor/golang.org/x/sys/unix/zsyscall_openbsd_riscv64.s
1779809994|Dmitri Shuralyov|M|src/cmd/vendor/golang.org/x/sys/unix/zsysnum_linux_386.go
1779809994|Dmitri Shuralyov|M|src/cmd/vendor/golang.org/x/sys/unix/zsysnum_linux_amd64.go
1779809994|Dmitri Shuralyov|M|src/cmd/vendor/golang.org/x/sys/unix/zsysnum_linux_arm.go
1779809994|Dmitri Shuralyov|M|src/cmd/vendor/golang.org/x/sys/unix/zsysnum_linux_arm64.go
1779809994|Dmitri Shuralyov|M|src/cmd/vendor/golang.org/x/sys/unix/zsysnum_linux_loong64.go
1779809994|Dmitri Shuralyov|M|src/cmd/vendor/golang.org/x/sys/unix/zsysnum_linux_mips.go
1779809994|Dmitri Shuralyov|M|src/cmd/vendor/golang.org/x/sys/unix/zsysnum_linux_mips64.go
1779809994|Dmitri Shuralyov|M|src/cmd/vendor/golang.org/x/sys/unix/zsysnum_linux_mips64le.go
1779809994|Dmitri Shuralyov|M|src/cmd/vendor/golang.org/x/sys/unix/zsysnum_linux_mipsle.go
1779809994|Dmitri Shuralyov|M|src/cmd/vendor/golang.org/x/sys/unix/zsysnum_linux_ppc.go
1779809994|Dmitri Shuralyov|M|src/cmd/vendor/golang.org/x/sys/unix/zsysnum_linux_ppc64.go
1779809994|Dmitri Shuralyov|M|src/cmd/vendor/golang.org/x/sys/unix/zsysnum_linux_ppc64le.go
1779809994|Dmitri Shuralyov|M|src/cmd/vendor/golang.org/x/sys/unix/zsysnum_linux_riscv64.go
1779809994|Dmitri Shuralyov|M|src/cmd/vendor/golang.org/x/sys/unix/zsysnum_linux_s390x.go
1779809994|Dmitri Shuralyov|M|src/cmd/vendor/golang.org/x/sys/unix/zsysnum_linux_sparc64.go
1779809994|Dmitri Shuralyov|M|src/cmd/vendor/golang.org/x/sys/unix/ztypes_linux.go
1779809994|Dmitri Shuralyov|M|src/cmd/vendor/golang.org/x/sys/unix/ztypes_linux_386.go
1779809994|Dmitri Shuralyov|M|src/cmd/vendor/golang.org/x/sys/unix/ztypes_linux_amd64.go
1779809994|Dmitri Shuralyov|M|src/cmd/vendor/golang.org/x/sys/unix/ztypes_linux_arm.go
1779809994|Dmitri Shuralyov|M|src/cmd/vendor/golang.org/x/sys/unix/ztypes_linux_arm64.go
1779809994|Dmitri Shuralyov|M|src/cmd/vendor/golang.org/x/sys/unix/ztypes_linux_loong64.go
1779809994|Dmitri Shuralyov|M|src/cmd/vendor/golang.org/x/sys/unix/ztypes_linux_mips.go
1779809994|Dmitri Shuralyov|M|src/cmd/vendor/golang.org/x/sys/unix/ztypes_linux_mips64.go
1779809994|Dmitri Shuralyov|M|src/cmd/vendor/golang.org/x/sys/unix/ztypes_linux_mips64le.go
1779809994|Dmitri Shuralyov|M|src/cmd/vendor/golang.org/x/sys/unix/ztypes_linux_mipsle.go
1779809994|Dmitri Shuralyov|M|src/cmd/vendor/golang.org/x/sys/unix/ztypes_linux_ppc.go
1779809994|Dmitri Shuralyov|M|src/cmd/vendor/golang.org/x/sys/unix/ztypes_linux_ppc64.go
1779809994|Dmitri Shuralyov|M|src/cmd/vendor/golang.org/x/sys/unix/ztypes_linux_ppc64le.go
1779809994|Dmitri Shuralyov|M|src/cmd/vendor/golang.org/x/sys/unix/ztypes_linux_riscv64.go
1779809994|Dmitri Shuralyov|M|src/cmd/vendor/golang.org/x/sys/unix/ztypes_linux_s390x.go
1779809994|Dmitri Shuralyov|M|src/cmd/vendor/golang.org/x/sys/unix/ztypes_linux_sparc64.go
1779809994|Dmitri Shuralyov|M|src/cmd/vendor/golang.org/x/sys/windows/syscall_windows.go
1779809994|Dmitri Shuralyov|M|src/cmd/vendor/golang.org/x/sys/windows/types_windows.go
1779809994|Dmitri Shuralyov|M|src/cmd/vendor/golang.org/x/sys/windows/zsyscall_windows.go
1779809994|Dmitri Shuralyov|M|src/cmd/vendor/golang.org/x/tools/go/analysis/passes/modernize/stringscutprefix.go
1779809994|Dmitri Shuralyov|M|src/cmd/vendor/golang.org/x/tools/internal/diff/unified.go
1779809994|Dmitri Shuralyov|M|src/cmd/vendor/modules.txt
1779809994|Dmitri Shuralyov|M|src/go.mod
1779809994|Dmitri Shuralyov|M|src/go.sum
1779809994|Dmitri Shuralyov|M|src/vendor/golang.org/x/crypto/chacha20poly1305/chacha20poly1305_amd64.go
1779809994|Dmitri Shuralyov|M|src/vendor/golang.org/x/crypto/chacha20poly1305/chacha20poly1305_amd64.s
1779809994|Dmitri Shuralyov|M|src/vendor/golang.org/x/net/internal/http3/transport.go
1779809994|Dmitri Shuralyov|M|src/vendor/golang.org/x/net/quic/conn_flow.go
1779809994|Dmitri Shuralyov|A|src/vendor/golang.org/x/net/quic/race_disabled.go
1779809994|Dmitri Shuralyov|A|src/vendor/golang.org/x/net/quic/race_enabled.go
1779809994|Dmitri Shuralyov|M|src/vendor/golang.org/x/net/quic/stream.go
1779809994|Dmitri Shuralyov|M|src/vendor/golang.org/x/sys/cpu/cpu.go
1779809994|Dmitri Shuralyov|M|src/vendor/golang.org/x/sys/cpu/cpu_linux_riscv64.go
1779809994|Dmitri Shuralyov|M|src/vendor/golang.org/x/sys/cpu/cpu_loong64.go
1779809994|Dmitri Shuralyov|M|src/vendor/golang.org/x/sys/cpu/cpu_riscv64.go
1779809994|Dmitri Shuralyov|M|src/vendor/modules.txt
1779805409|David Chase|M|src/cmd/compile/internal/wasm/ssa.go
1779805409|David Chase|D|src/simd/archsimd/internal/simd_test/unary_helpers_test.go
1779805409|David Chase|A|src/simd/archsimd/internal/simd_test/convert_helpers_test.go
1779805409|David Chase|A|src/simd/archsimd/internal/simd_test/unary_helpers_128_test.go
1779805409|David Chase|A|src/simd/archsimd/internal/simd_test/unary_helpers_wider_test.go
1777394611|Keith Randall|A|src/cmd/compile/internal/amd64/versions_nosimd_test.go
1777394611|Keith Randall|A|src/cmd/compile/internal/amd64/versions_simd_test.go
1777394611|Keith Randall|M|src/cmd/compile/internal/amd64/versions_test.go
1777663071|khr@golang.org|M|src/cmd/compile/internal/ssa/_gen/386Ops.go
1777663071|khr@golang.org|M|src/cmd/compile/internal/ssa/_gen/ARM64Ops.go
1777663071|khr@golang.org|M|src/cmd/compile/internal/ssa/_gen/ARMOps.go
1777663071|khr@golang.org|M|src/cmd/compile/internal/ssa/_gen/LOONG64Ops.go
1777663071|khr@golang.org|M|src/cmd/compile/internal/ssa/_gen/MIPS64Ops.go
1777663071|khr@golang.org|M|src/cmd/compile/internal/ssa/_gen/MIPSOps.go
1777663071|khr@golang.org|M|src/cmd/compile/internal/ssa/_gen/PPC64Ops.go
1777663071|khr@golang.org|M|src/cmd/compile/internal/ssa/_gen/RISCV64Ops.go
1777663071|khr@golang.org|M|src/cmd/compile/internal/ssa/_gen/S390XOps.go
1777663071|khr@golang.org|M|src/cmd/compile/internal/ssa/_gen/WasmOps.go
1777663071|khr@golang.org|M|src/cmd/compile/internal/ssa/opGen.go
1779406481|Robert Griesemer|M|src/time/tick_test.go
1779819723|Cherry Mui|M|src/internal/buildcfg/exp.go
1779817698|Junyang Shao|M|src/cmd/compile/internal/ssa/_gen/simdAMD64.rules
1779817698|Junyang Shao|M|src/cmd/compile/internal/ssa/_gen/simdgenericOps.go
1779817698|Junyang Shao|M|src/cmd/compile/internal/ssa/opGen.go
1779817698|Junyang Shao|M|src/cmd/compile/internal/ssa/rewriteAMD64.go
1779817698|Junyang Shao|M|src/cmd/compile/internal/ssagen/simdAMD64intrinsics.go
1779817698|Junyang Shao|M|src/simd/archsimd/_gen/simdgen/ops/MLOps/categories.yaml
1779817698|Junyang Shao|M|src/simd/archsimd/_gen/simdgen/ops/MLOps/go_amd64.yaml
1779817698|Junyang Shao|M|src/simd/archsimd/ops_amd64.go
1779822747|David Chase|M|src/internal/buildcfg/exp.go
1779819887|Junyang Shao|M|src/cmd/compile/internal/ssagen/intrinsics.go
1779819887|Junyang Shao|M|src/simd/archsimd/_gen/simdgen/gen_simdTypes.go
1779819887|Junyang Shao|M|src/simd/archsimd/_gen/simdgen/gen_utility.go
1779819887|Junyang Shao|M|src/simd/archsimd/internal/simd_test/shift_test.go
1779819887|Junyang Shao|M|src/simd/archsimd/internal/simd_test/simd_test.go
1779819887|Junyang Shao|M|src/simd/archsimd/ops_amd64.go
1779819887|Junyang Shao|M|src/simd/archsimd/ops_arm64.go
1779469812|Hana Kim|M|.github/PULL_REQUEST_TEMPLATE
1779805936|David Chase|M|src/cmd/compile/internal/ssa/_gen/simdWasm.rules
1779805936|David Chase|M|src/cmd/compile/internal/ssa/_gen/simdWasmops.go
1779805936|David Chase|M|src/cmd/compile/internal/ssa/_gen/simdgenericOps.go
1779805936|David Chase|M|src/cmd/compile/internal/ssa/opGen.go
1779805936|David Chase|M|src/cmd/compile/internal/ssa/rewriteWasm.go
1779805936|David Chase|M|src/cmd/compile/internal/ssagen/simdWasmintrinsics.go
1779805936|David Chase|M|src/cmd/compile/internal/wasm/simdssa.go
1779805936|David Chase|M|src/cmd/internal/obj/wasm/a.out.go
1779805936|David Chase|M|src/cmd/internal/obj/wasm/anames.go
1779805936|David Chase|M|src/simd/archsimd/_gen/wasmgen/main.go
1779805936|David Chase|M|src/simd/archsimd/ops_wasm.go
1779319315|David Chase|M|src/simd/archsimd/extra_amd64.go
1779319315|David Chase|M|src/simd/archsimd/internal/simd_test/binary_test.go
1779319315|David Chase|M|src/simd/archsimd/internal/simd_test/unary_test.go
1779827836|Robert Griesemer|M|doc/next/2-language.md
1779834491|Robert Griesemer|M|doc/next/2-language.md
1779837070|Robert Griesemer|M|doc/next/4-runtime.md
1779361735|Tobias Klauser|A|src/debug/elf/fuzz_test.go
1778170942|Johan Brandhorst-Satzkorn|M|src/encoding/json/jsontext/encode.go
1779826412|Mark Freeman|M|src/debug/gosym/symtab.go
1779826412|Mark Freeman|M|src/debug/gosym/symtab_test.go
1779870151|Ian Alexander|M|src/crypto/x509/verify.go
1779905956|Michael Matloob|M|src/runtime/malloc.go
1779826391|Keith Randall|M|src/runtime/crash_test.go
1779826391|Keith Randall|M|src/runtime/testdata/testprog/map.go
1773642893|Alex Brainman|A|src/os/example_other_test.go
1773642893|Alex Brainman|M|src/os/example_test.go
1773642893|Alex Brainman|A|src/os/example_windows_test.go
1773642893|Alex Brainman|M|src/os/root_test.go
1773642893|Alex Brainman|M|src/os/root_windows_test.go
1777471829|Daniel Martí|M|src/os/file_plan9.go
1777471829|Daniel Martí|M|src/os/file_posix.go
1777471829|Daniel Martí|M|src/os/os_test.go
1779934203|Cherry Mui|M|src/cmd/link/internal/loader/loader.go
1779934203|Cherry Mui|M|src/runtime/stubs.go
1779934203|Cherry Mui|M|src/runtime/stubs_arm.go
1779934203|Cherry Mui|M|src/runtime/stubs_arm64.go
1779934203|Cherry Mui|M|src/runtime/stubs_loong64.go
1779934203|Cherry Mui|M|src/runtime/stubs_mips64x.go
1779934203|Cherry Mui|M|src/runtime/stubs_mipsx.go
1779934203|Cherry Mui|M|src/runtime/stubs_ppc64x.go
1779934203|Cherry Mui|M|src/runtime/stubs_riscv64.go
1779934203|Cherry Mui|M|src/runtime/stubs_s390x.go
1779852344|Cuong Manh Le|M|src/cmd/compile/internal/types2/builtins.go
1779852344|Cuong Manh Le|M|src/go/types/builtins.go
1779852344|Cuong Manh Le|A|src/internal/types/testdata/fixedbugs/issue79687.go
1779918811|David Chase|M|src/cmd/compile/internal/types2/stdlib_test.go
1779918811|David Chase|M|src/go/types/stdlib_test.go
1779904744|David Chase|M|src/simd/archsimd/ops_emulated_wasm.go
1778939518|David Chase|A|src/simd/archsimd/_gen/sgutil/insert_ordered_map.go
1778939518|David Chase|A|src/simd/archsimd/_gen/sgutil/insert_ordered_map_test.go
1779992788|David Chase|A|doc/next/9-todo.md
1779126577|David Chase|M|src/simd/archsimd/_gen/simdgen/gen_simdTypes.go
1780025841|Gopher Robot|A|api/go1.27.txt
1780025841|Gopher Robot|D|api/next/62026.txt
1780025841|Gopher Robot|D|api/next/67546.txt
1780025841|Gopher Robot|D|api/next/69420.txt
1780025841|Gopher Robot|D|api/next/70471.txt
1780025841|Gopher Robot|D|api/next/71151.txt
1780025841|Gopher Robot|D|api/next/73450.txt
1780025841|Gopher Robot|D|api/next/74958.txt
1780025841|Gopher Robot|D|api/next/75500.txt
1780025841|Gopher Robot|D|api/next/76133.txt
1780025841|Gopher Robot|D|api/next/76285.txt
1780025841|Gopher Robot|D|api/next/76608.txt
1780025841|Gopher Robot|D|api/next/76821.txt
1780025841|Gopher Robot|D|api/next/77169.txt
1780025841|Gopher Robot|D|api/next/77266.txt
1780025841|Gopher Robot|D|api/next/77363.txt
1780025841|Gopher Robot|D|api/next/77626.txt
1780025841|Gopher Robot|D|api/next/78543.txt
1780025841|Gopher Robot|D|api/next/78888.txt
1780025841|Gopher Robot|D|api/next/79042.txt
1780025841|Gopher Robot|D|api/next/79287.txt
1780025841|Gopher Robot|D|api/next/79367.txt
1780060453|Daniel McCarney|M|src/crypto/tls/common.go
1780060453|Daniel McCarney|M|src/crypto/tls/tls_test.go
1773788921|David Chase|M|src/cmd/cgo/internal/testshared/shared_test.go
1773788921|David Chase|M|src/cmd/compile/internal/dwarfgen/marker.go
1773788921|David Chase|A|src/cmd/compile/internal/midway/analysis.go
1773788921|David Chase|A|src/cmd/compile/internal/midway/check.go
1773788921|David Chase|A|src/cmd/compile/internal/midway/deepcopy.go
1773788921|David Chase|A|src/cmd/compile/internal/midway/midway.go
1773788921|David Chase|A|src/cmd/compile/internal/midway/rewrite.go
1773788921|David Chase|M|src/cmd/compile/internal/noder/import.go
1773788921|David Chase|M|src/cmd/compile/internal/noder/irgen.go
1773788921|David Chase|M|src/cmd/compile/internal/noder/reader.go
1773788921|David Chase|M|src/cmd/compile/internal/noder/writer.go
1773788921|David Chase|M|src/cmd/compile/internal/syntax/nodes.go
1773788921|David Chase|M|src/cmd/compile/internal/types2/stdlib_test.go
1773788921|David Chase|M|src/cmd/go/internal/load/pkg.go
1773788921|David Chase|M|src/cmd/go/internal/load/test.go
1773788921|David Chase|M|src/go/build/deps_test.go
1773788921|David Chase|M|src/go/types/stdlib_test.go
1773788921|David Chase|M|src/simd/archsimd/_gen/main.go
1773788921|David Chase|A|src/simd/archsimd/_gen/midway/comments.yaml
1773788921|David Chase|A|src/simd/archsimd/_gen/midway/intersect_simd_ops.go
1773788921|David Chase|A|src/simd/dummy.s
1773788921|David Chase|A|src/simd/internal/bridge/decls_amd64.go
1773788921|David Chase|A|src/simd/internal/bridge/decls_wasm.go
1773788921|David Chase|A|src/simd/internal/bridge/tofrom_128.go
1773788921|David Chase|A|src/simd/internal/bridge/tofrom_amd64.go
1773788921|David Chase|A|src/simd/midway_amd64.go
1773788921|David Chase|A|src/simd/midway_wasm.go
1773788921|David Chase|A|src/simd/simd.go
1773788921|David Chase|A|src/simd/simd_emulated.go
1773788921|David Chase|A|src/simd/simd_test.go
1773788921|David Chase|A|src/simd/testdata/ip/boringsum.go
1773788921|David Chase|A|src/simd/testdata/ip/go.mod
1773788921|David Chase|A|src/simd/testdata/ip/main.go
1773788921|David Chase|A|src/simd/testdata/ip/sum.go
1773788921|David Chase|A|src/simd/testdata/ip/sum_amd64.go
1773788921|David Chase|A|src/simd/tofrom_amd64.go
1773788921|David Chase|A|src/simd/tofrom_wasm.go
1757674888|Joel Sing|M|test/codegen/floats.go
1779121817|David Chase|M|src/cmd/compile/internal/amd64/simdssa.go
1779121817|David Chase|M|src/cmd/compile/internal/inline/inl.go
1779121817|David Chase|M|src/cmd/compile/internal/ssa/_gen/simdAMD64.rules
1779121817|David Chase|M|src/cmd/compile/internal/ssa/_gen/simdgenericOps.go
1779121817|David Chase|M|src/cmd/compile/internal/ssa/opGen.go
1779121817|David Chase|M|src/cmd/compile/internal/ssa/rewriteAMD64.go
1779121817|David Chase|M|src/cmd/compile/internal/ssagen/simdAMD64intrinsics.go
1779121817|David Chase|M|src/simd/archsimd/_gen/midway/comments.yaml
1779121817|David Chase|M|src/simd/archsimd/_gen/simdgen/gen_simdIntrinsics.go
1779121817|David Chase|M|src/simd/archsimd/_gen/simdgen/gen_simdTypes.go
1779121817|David Chase|M|src/simd/archsimd/_gen/simdgen/ops/ShiftRotate/categories.yaml
1779121817|David Chase|M|src/simd/archsimd/_gen/simdgen/ops/ShiftRotate/go_amd64.yaml
1779121817|David Chase|M|src/simd/archsimd/_gen/tmplgen/main.go
1779121817|David Chase|M|src/simd/archsimd/internal/simd_test/shift_test.go
1779121817|David Chase|M|src/simd/archsimd/internal/simd_test/simd_test.go
1779121817|David Chase|M|src/simd/archsimd/ops_amd64.go
1779121817|David Chase|M|src/simd/archsimd/other_gen_amd64.go
1779121817|David Chase|M|src/simd/archsimd/other_gen_arm64.go
1779121817|David Chase|M|src/simd/internal/bridge/decls_amd64.go
1779121817|David Chase|M|src/simd/internal/bridge/decls_wasm.go
1779121817|David Chase|M|src/simd/simd.go
1779121817|David Chase|M|src/simd/simd_emulated.go
1779121817|David Chase|M|src/simd/simd_test.go
1779121817|David Chase|M|test/simd_inline.go
1775742110|Weixie Cui|M|src/encoding/gob/type.go
1780085941|Cherry Mui|M|src/internal/buildcfg/exp.go
1780078834|Joe Tsai|M|src/encoding/json/decode_test.go
1780078834|Joe Tsai|M|src/encoding/json/scanner_test.go
1780078834|Joe Tsai|M|src/encoding/json/stream_test.go
1780078834|Joe Tsai|M|src/encoding/json/v2_decode_test.go
1780078834|Joe Tsai|M|src/encoding/json/v2_stream_test.go
1771502406|Daniel Morsing|M|src/regexp/syntax/parse.go
1771502406|Daniel Morsing|M|src/regexp/syntax/parse_test.go
1779915444|Alexander Musman|M|src/cmd/compile/internal/ssa/_gen/simdARM64.rules
1779915444|Alexander Musman|M|src/cmd/compile/internal/ssa/_gen/simdgenericOps.go
1779915444|Alexander Musman|M|src/cmd/compile/internal/ssa/opGen.go
1779915444|Alexander Musman|M|src/cmd/compile/internal/ssa/rewriteARM64.go
1779915444|Alexander Musman|M|src/cmd/compile/internal/ssagen/simdARM64intrinsics.go
1779915444|Alexander Musman|M|src/simd/archsimd/_gen/simdgen/ops/Mul/categories.yaml
1779915444|Alexander Musman|M|src/simd/archsimd/_gen/simdgen/ops/Mul/go_arm64.yaml
1779915444|Alexander Musman|M|src/simd/archsimd/_gen/simdgen/ops/ShiftRotate/categories.yaml
1779915444|Alexander Musman|M|src/simd/archsimd/_gen/simdgen/ops/ShiftRotate/go_arm64.yaml
1779915444|Alexander Musman|M|src/simd/archsimd/ops_arm64.go
1779915444|Alexander Musman|M|test/codegen/simd_arm64.go
1779967522|Olivier Mengué|M|src/net/http/cookiejar/jar.go
1780100698|Robert Griesemer|M|src/go/types/generate_test.go
1780100698|Robert Griesemer|M|src/go/types/version.go
1780093661|David Chase|M|src/simd/archsimd/_gen/midway/comments.yaml
1780093661|David Chase|M|src/simd/archsimd/_gen/midway/intersect_simd_ops.go
1780093661|David Chase|A|src/simd/archsimd/clmul_emulated.go
1780093661|David Chase|M|src/simd/archsimd/ops_emulated_wasm.go
1780093661|David Chase|M|src/simd/internal/bridge/decls_amd64.go
1780093661|David Chase|M|src/simd/internal/bridge/decls_arm64.go
1780093661|David Chase|M|src/simd/internal/bridge/decls_wasm.go
1780093661|David Chase|M|src/simd/simd.go
1780093661|David Chase|M|src/simd/simd_emulated.go
1780087732|Joe Tsai|M|src/encoding/json/internal/jsonwire/wire.go
1780087732|Joe Tsai|M|src/encoding/json/jsontext/decode.go
1780087732|Joe Tsai|M|src/encoding/json/jsontext/encode.go
1780087732|Joe Tsai|M|src/encoding/json/jsontext/errors.go
1780087732|Joe Tsai|M|src/encoding/json/v2/errors.go
1780087732|Joe Tsai|M|src/encoding/json/v2_decode_test.go
1780087732|Joe Tsai|M|src/encoding/json/v2_indent.go
1780087732|Joe Tsai|M|src/encoding/json/v2_scanner.go
1780087732|Joe Tsai|M|src/encoding/json/v2_scanner_test.go
1780087732|Joe Tsai|M|src/encoding/json/v2_stream.go
1780087732|Joe Tsai|M|src/encoding/json/v2_stream_test.go
1780248042|David Chase|M|src/simd/archsimd/_gen/sgutil/compare_natural.go
1780248042|David Chase|M|src/simd/archsimd/_gen/sgutil/sort_test.go
1780248042|David Chase|M|src/simd/archsimd/_gen/simdgen/gen_simdTypes.go
1780248042|David Chase|M|src/simd/archsimd/_gen/simdgen/godefs.go
1780248042|David Chase|M|src/simd/archsimd/_gen/simdgen/sort_test.go
1780343666|Mark Freeman|M|src/go/types/methodset.go
1780343666|Mark Freeman|M|src/go/types/methodset_test.go
1780121110|Josh Bleecher Snyder|M|src/cmd/compile/internal/ssa/_gen/ARM64.rules
1780121110|Josh Bleecher Snyder|M|src/cmd/compile/internal/ssa/rewriteARM64.go
1780121110|Josh Bleecher Snyder|A|test/fixedbugs/arm64bitfieldoverlap.go
1778184706|Johan Brandhorst-Satzkorn|M|src/encoding/json/fold.go
1778184706|Johan Brandhorst-Satzkorn|M|src/encoding/json/internal/internal.go
1778184706|Johan Brandhorst-Satzkorn|M|src/encoding/json/internal/jsonflags/flags.go
1778184706|Johan Brandhorst-Satzkorn|M|src/encoding/json/internal/jsontest/testdata.go
1778184706|Johan Brandhorst-Satzkorn|M|src/encoding/json/internal/jsonwire/decode.go
1778184706|Johan Brandhorst-Satzkorn|M|src/encoding/json/internal/jsonwire/encode.go
1778184706|Johan Brandhorst-Satzkorn|M|src/encoding/json/internal/jsonwire/wire.go
1778184706|Johan Brandhorst-Satzkorn|M|src/encoding/json/jsontext/decode.go
1778184706|Johan Brandhorst-Satzkorn|M|src/encoding/json/jsontext/encode.go
1778184706|Johan Brandhorst-Satzkorn|M|src/encoding/json/jsontext/errors.go
1778184706|Johan Brandhorst-Satzkorn|M|src/encoding/json/jsontext/options.go
1778184706|Johan Brandhorst-Satzkorn|M|src/encoding/json/jsontext/state.go
1778184706|Johan Brandhorst-Satzkorn|M|src/encoding/json/jsontext/token.go
1778184706|Johan Brandhorst-Satzkorn|M|src/encoding/json/jsontext/value.go
1778184706|Johan Brandhorst-Satzkorn|M|src/encoding/json/v2/arshal.go
1778184706|Johan Brandhorst-Satzkorn|M|src/encoding/json/v2/arshal_default.go
1778184706|Johan Brandhorst-Satzkorn|M|src/encoding/json/v2/arshal_time.go
1778184706|Johan Brandhorst-Satzkorn|M|src/encoding/json/v2/errors.go
1778184706|Johan Brandhorst-Satzkorn|M|src/encoding/json/v2/fields.go
1778184706|Johan Brandhorst-Satzkorn|M|src/encoding/json/v2/intern.go
1778184706|Johan Brandhorst-Satzkorn|M|src/encoding/json/v2/options.go
1778184706|Johan Brandhorst-Satzkorn|M|src/encoding/json/v2_decode.go
1778184706|Johan Brandhorst-Satzkorn|M|src/encoding/json/v2_inject.go
1778184706|Johan Brandhorst-Satzkorn|M|src/encoding/json/v2_options.go
1778184706|Johan Brandhorst-Satzkorn|M|src/encoding/json/v2_stream.go
1779293838|Damien Neil|M|src/crypto/internal/fips140deps/time/time.go
1779293838|Damien Neil|M|src/crypto/rand/rand_test.go
1779293838|Damien Neil|M|src/runtime/time.go
1780424531|Cherry Mui|M|src/cmd/asm/internal/asm/endtoend_test.go
1780424531|Cherry Mui|M|src/cmd/internal/obj/arm64/asm7.go
1776790618|Robert Griesemer|M|src/cmd/compile/internal/types2/assignments.go
1776790618|Robert Griesemer|M|src/cmd/compile/internal/types2/expr.go
1776790618|Robert Griesemer|M|src/go/types/assignments.go
1776790618|Robert Griesemer|M|src/go/types/expr.go
1776790618|Robert Griesemer|M|src/internal/types/testdata/check/issues0.go
1776790618|Robert Griesemer|A|src/internal/types/testdata/fixedbugs/issue78884.go
1776790618|Robert Griesemer|M|src/internal/types/testdata/spec/range.go
1780146831|David Chase|M|src/runtime/export_test.go
1780146831|David Chase|M|src/runtime/traceback.go
1780146831|David Chase|M|src/runtime/traceback_test.go
1779227059|Rhys Hiltner|M|src/crypto/tls/handshake_server_test.go
1780433147|Nicholas S. Husin|M|src/net/http/client.go
1780446314|Nicholas S. Husin|M|src/net/http/client.go
1780446314|Nicholas S. Husin|M|src/net/http/client_test.go
1780498091|David Chase|M|src/cmd/compile/internal/midway/deepcopy.go
1780498091|David Chase|M|src/cmd/compile/internal/ssa/_gen/WasmOps.go
1780498091|David Chase|M|src/cmd/compile/internal/ssa/_gen/simdWasm.rules
1780498091|David Chase|M|src/cmd/compile/internal/ssa/_gen/simdWasmops.go
1780498091|David Chase|M|src/cmd/compile/internal/ssa/_gen/simdgenericOps.go
1780498091|David Chase|M|src/cmd/compile/internal/ssa/opGen.go
1780498091|David Chase|M|src/cmd/compile/internal/ssa/rewriteWasm.go
1780498091|David Chase|M|src/cmd/compile/internal/ssagen/intrinsics.go
1780498091|David Chase|M|src/cmd/compile/internal/ssagen/simdWasmintrinsics.go
1780498091|David Chase|M|src/cmd/compile/internal/wasm/simdssa.go
1780498091|David Chase|M|src/cmd/compile/internal/wasm/ssa.go
1780498091|David Chase|M|src/simd/archsimd/_gen/midway/comments.yaml
1780498091|David Chase|M|src/simd/archsimd/_gen/midway/intersect_simd_ops.go
1780498091|David Chase|M|src/simd/archsimd/_gen/wasmgen/main.go
1780498091|David Chase|M|src/simd/archsimd/ops_wasm.go
1780498091|David Chase|M|src/simd/archsimd/types_wasm.go
1780498091|David Chase|M|src/simd/internal/bridge/decls_amd64.go
1780498091|David Chase|M|src/simd/internal/bridge/decls_arm64.go
1780498091|David Chase|M|src/simd/internal/bridge/decls_wasm.go
1780498091|David Chase|M|src/simd/internal/bridge/simd_emulated.go
1780498091|David Chase|M|src/simd/simd.go
1780498091|David Chase|M|src/simd/simd_emulated.go
1780498091|David Chase|M|src/simd/simd_test.go
1780498224|David Chase|M|src/cmd/compile/internal/midway/rewrite.go
1780498224|David Chase|A|src/simd/clmul_test.go
1780498224|David Chase|M|src/simd/internal/bridge/simd_emulated.go
1780498224|David Chase|A|src/simd/ip_test.go
1780498224|David Chase|M|src/simd/simd_emulated.go
1780498224|David Chase|A|src/simd/sum_amd64_test.go
1780498224|David Chase|A|src/simd/sum_test.go
1780500421|David Chase|M|src/cmd/compile/internal/arm64/simdssa.go
1780500421|David Chase|M|src/cmd/compile/internal/ssa/_gen/simdARM64.rules
1780500421|David Chase|M|src/cmd/compile/internal/ssa/_gen/simdgenericOps.go
1780500421|David Chase|M|src/cmd/compile/internal/ssa/opGen.go
1780500421|David Chase|M|src/cmd/compile/internal/ssa/rewriteARM64.go
1780500421|David Chase|M|src/cmd/compile/internal/ssagen/simdARM64intrinsics.go
1780500421|David Chase|M|src/simd/archsimd/_gen/simdgen/ops/ShiftRotate/categories.yaml
1780500421|David Chase|M|src/simd/archsimd/_gen/simdgen/ops/ShiftRotate/go_amd64.yaml
1780500421|David Chase|M|src/simd/archsimd/_gen/simdgen/ops/ShiftRotate/go_arm64.yaml
1780500421|David Chase|M|src/simd/archsimd/internal/simd_test/arm64_shift_test.go
1780500421|David Chase|M|src/simd/archsimd/ops_arm64.go
1779994639|Mark Freeman|M|src/cmd/compile/internal/types2/api_test.go
1779994639|Mark Freeman|M|src/cmd/compile/internal/types2/call.go
1779994639|Mark Freeman|M|src/cmd/compile/internal/types2/named.go
1779994639|Mark Freeman|M|src/go/types/api_test.go
1779994639|Mark Freeman|M|src/go/types/call.go
1779994639|Mark Freeman|M|src/go/types/named.go
1780539850|David Chase|M|src/cmd/compile/internal/arm64/simdssa.go
1780539850|David Chase|M|src/cmd/compile/internal/ssa/_gen/simdARM64.rules
1780539850|David Chase|M|src/cmd/compile/internal/ssa/_gen/simdgenericOps.go
1780539850|David Chase|M|src/cmd/compile/internal/ssa/opGen.go
1780539850|David Chase|M|src/cmd/compile/internal/ssa/rewriteARM64.go
1780539850|David Chase|M|src/cmd/compile/internal/ssagen/simdARM64intrinsics.go
1780539850|David Chase|M|src/simd/archsimd/_gen/simdgen/ops/Moves/categories.yaml
1780539850|David Chase|M|src/simd/archsimd/_gen/simdgen/ops/Moves/go_arm64.yaml
1780539850|David Chase|M|src/simd/archsimd/internal/simd_test/arm64_binary_test.go
1780539850|David Chase|M|src/simd/archsimd/ops_arm64.go
1780541011|David Chase|M|src/simd/archsimd/_gen/tmplgen/main.go
1780541011|David Chase|M|src/simd/archsimd/other_gen_arm64.go
1780600134|David Chase|M|src/cmd/compile/internal/amd64/simdssa.go
1780600134|David Chase|M|src/cmd/compile/internal/ssa/_gen/simdAMD64.rules
1780600134|David Chase|M|src/cmd/compile/internal/ssa/_gen/simdgenericOps.go
1780600134|David Chase|M|src/cmd/compile/internal/ssa/opGen.go
1780600134|David Chase|M|src/cmd/compile/internal/ssa/rewriteAMD64.go
1780600134|David Chase|M|src/cmd/compile/internal/ssagen/simdAMD64intrinsics.go
1780600134|David Chase|M|src/simd/archsimd/_gen/simdgen/ops/Mul/categories.yaml
1780600134|David Chase|M|src/simd/archsimd/_gen/simdgen/ops/Mul/go_amd64.yaml
1780600134|David Chase|M|src/simd/archsimd/ops_amd64.go
1780607190|David Chase|M|src/simd/archsimd/_gen/tmplgen/main.go
1780607190|David Chase|M|src/simd/archsimd/slice_gen_amd64.go
1780607190|David Chase|M|src/simd/archsimd/slicepart_128.go
1780607190|David Chase|M|src/simd/archsimd/slicepart_amd64.go
1780607190|David Chase|M|src/simd/archsimd/slicepart_arm64.go
1780607190|David Chase|M|src/simd/archsimd/slicepart_wasm.go
1780607190|David Chase|M|src/simd/internal/bridge/decls_amd64.go
1780607190|David Chase|M|src/simd/internal/bridge/decls_arm64.go
1780607190|David Chase|M|src/simd/internal/bridge/decls_wasm.go
1780607190|David Chase|M|src/simd/internal/bridge/simd_emulated.go
1780607190|David Chase|M|src/simd/simd.go
1780607190|David Chase|M|src/simd/simd_emulated.go
1780683697|David Chase|M|src/cmd/compile/internal/ssa/_gen/simdARM64.rules
1780683697|David Chase|M|src/cmd/compile/internal/ssa/_gen/simdgenericOps.go
1780683697|David Chase|M|src/cmd/compile/internal/ssa/opGen.go
1780683697|David Chase|M|src/cmd/compile/internal/ssa/rewriteARM64.go
1780683697|David Chase|M|src/cmd/compile/internal/ssagen/simdARM64intrinsics.go
1780683697|David Chase|M|src/simd/archsimd/_gen/simdgen/ops/Reduce/categories.yaml
1780683697|David Chase|M|src/simd/archsimd/_gen/simdgen/ops/Reduce/go_arm64.yaml
1780683697|David Chase|M|src/simd/archsimd/_gen/tmplgen/main.go
1780683697|David Chase|A|src/simd/archsimd/internal/simd_test/reduce_arm64_helpers_test.go
1780683697|David Chase|M|src/simd/archsimd/internal/simd_test/reduce_arm64_test.go
1780683697|David Chase|M|src/simd/archsimd/internal/simd_test/simulation_helpers_test.go
1780683697|David Chase|M|src/simd/archsimd/ops_arm64.go
1780683697|David Chase|M|src/simd/archsimd/ops_internal_arm64.go
1780683697|David Chase|M|src/simd/archsimd/other_gen_arm64.go
1777930714|Jorropo|M|src/cmd/compile/internal/ppc64/ssa.go
1777930714|Jorropo|M|src/internal/runtime/atomic/atomic_ppc64x.s
1777930714|Jorropo|A|test/fixedbugs/issue79186.go
1780693354|Hana Kim|M|src/cmd/go/internal/doc/pkgsite.go
1780693354|Hana Kim|M|src/cmd/go/internal/load/pkg.go
1780693354|Hana Kim|A|src/cmd/go/testdata/mod/golang.org_x_pkgsite_v0.1.0.txt
1780693354|Hana Kim|A|src/cmd/go/testdata/script/doc_http_build.txt
1780145633|sravanibhamidipaty|M|src/crypto/x509/verify.go
1780145633|sravanibhamidipaty|M|src/crypto/x509/verify_test.go
1780938983|Junyang Shao|M|src/cmd/go/internal/load/test.go
1780938983|Junyang Shao|M|src/cmd/go/internal/load/test.go
1737008772|Paul Jolly|M|src/text/template/exec_test.go
1737008772|Paul Jolly|M|src/text/template/parse/lex.go
1737008772|Paul Jolly|M|src/text/template/parse/node.go
1737008772|Paul Jolly|M|src/text/template/parse/parse.go
1737008772|Paul Jolly|M|src/text/template/parse/parse_test.go
1780948302|Joe Tsai|D|src/encoding/json/internal/exp_jsonformat_off.go
1780948302|Joe Tsai|D|src/encoding/json/internal/exp_jsonformat_on.go
1780948302|Joe Tsai|M|src/encoding/json/internal/jsonflags/flags.go
1780948302|Joe Tsai|M|src/encoding/json/internal/jsonopts/options.go
1780948302|Joe Tsai|D|src/encoding/json/v2/doc_format.go
1780948302|Joe Tsai|A|src/encoding/json/internal/jsonopts/options_format.go
1780948302|Joe Tsai|M|src/encoding/json/internal/jsonopts/options_test.go
1780948302|Joe Tsai|M|src/encoding/json/v2/arshal_default.go
1780948302|Joe Tsai|M|src/encoding/json/v2/arshal_test.go
1780948302|Joe Tsai|M|src/encoding/json/v2/arshal_time.go
1780948302|Joe Tsai|D|src/encoding/json/v2/example_format_test.go
1780948302|Joe Tsai|M|src/encoding/json/v2/fields.go
1780948302|Joe Tsai|M|src/encoding/json/v2/fields_test.go
1780948302|Joe Tsai|D|src/internal/goexperiment/exp_jsonformat_off.go
1780948302|Joe Tsai|D|src/internal/goexperiment/exp_jsonformat_on.go
1780948302|Joe Tsai|M|src/internal/goexperiment/flags.go
1780172486|Keith Randall|M|src/cmd/compile/internal/ssa/nilcheck.go
1780172486|Keith Randall|M|test/codegen/deadstore.go
1780172486|Keith Randall|M|test/codegen/issue52635.go
1780172486|Keith Randall|A|test/fixedbugs/issue79762.go
1781024199|Joe Tsai|M|src/encoding/json/stream_test.go
1781024199|Joe Tsai|M|src/encoding/json/v2_stream.go
1781024199|Joe Tsai|M|src/encoding/json/v2_stream_test.go
1780924810|Daniel McCarney|M|src/crypto/internal/cryptotest/wycheproof/wycheproof.go
1780931807|Daniel McCarney|A|src/crypto/pbkdf2/pbkdf2_wycheproof_test.go
1774367188|Daniel McCarney|A|src/crypto/internal/fips140test/cmac_wycheproof_test.go
1774370031|Daniel McCarney|M|src/crypto/rsa/rsa_wycheproof_test.go
1774377748|Daniel McCarney|A|src/crypto/internal/cryptotest/chacha20poly1305_wycheproof_test.go
1781001418|ArsenySamoylov|M|src/cmd/internal/testdir/testdir_test.go
1779622824|Richard Miller|M|src/net/fd_plan9.go
1780934848|Nicholas S. Husin|M|src/net/http/internal/http2/transport.go
1780934848|Nicholas S. Husin|M|src/net/http/transport.go
1780934848|Nicholas S. Husin|M|src/net/http/transport_test.go
1781079571|Joe Tsai|M|src/encoding/json/jsontext/decode.go
1781079571|Joe Tsai|M|src/encoding/json/jsontext/encode.go
1779910703|Mark Freeman|M|src/cmd/compile/internal/types2/api_test.go
1779910703|Mark Freeman|M|src/cmd/compile/internal/types2/call.go
1779910703|Mark Freeman|M|src/cmd/compile/internal/types2/instantiate.go
1779910703|Mark Freeman|M|src/cmd/compile/internal/types2/recording.go
1779910703|Mark Freeman|M|src/cmd/compile/internal/types2/selection.go
1779910703|Mark Freeman|M|src/cmd/compile/internal/types2/signature.go
1779910703|Mark Freeman|M|src/cmd/compile/internal/types2/sizeof_test.go
1779910703|Mark Freeman|M|src/cmd/compile/internal/types2/subst.go
1779910703|Mark Freeman|M|src/go/types/api_test.go
1779910703|Mark Freeman|M|src/go/types/call.go
1779910703|Mark Freeman|M|src/go/types/instantiate.go
1779910703|Mark Freeman|M|src/go/types/recording.go
1779910703|Mark Freeman|M|src/go/types/selection.go
1779910703|Mark Freeman|M|src/go/types/signature.go
1779910703|Mark Freeman|M|src/go/types/sizeof_test.go
1779910703|Mark Freeman|M|src/go/types/subst.go
1781124593|Joe Tsai|M|src/encoding/json/v2/arshal.go
1781132046|khr@golang.org|M|src/runtime/lockrank.go
1781132046|khr@golang.org|M|src/runtime/lockrank_on.go
1781132046|khr@golang.org|M|src/runtime/mklockrank.go
1781132046|khr@golang.org|M|src/sync/runtime2_lockrank.go
1780800924|Jorropo|M|src/cmd/compile/internal/ssa/_gen/AMD64.rules
1780800924|Jorropo|M|src/cmd/compile/internal/ssa/rewriteAMD64.go
1780800924|Jorropo|A|test/fixedbugs/issue79887.go
1778997732|cuishuang|M|src/runtime/time.go
1778997732|cuishuang|M|src/runtime/trace_cgo_test.go
1778997732|cuishuang|M|src/simd/archsimd/_gen/simdgen/xed.go
1778997732|cuishuang|M|src/simd/archsimd/internal/simd_test/simd_test.go
1778997732|cuishuang|M|src/simd/archsimd/internal/test_helpers/checkslices.go
1781025023|David Chase|M|src/cmd/compile/internal/ssa/_gen/simdWasm.rules
1781025023|David Chase|M|src/cmd/compile/internal/ssa/_gen/simdWasmops.go
1781025023|David Chase|M|src/cmd/compile/internal/ssa/_gen/simdgenericOps.go
1781025023|David Chase|M|src/cmd/compile/internal/ssa/opGen.go
1781025023|David Chase|M|src/cmd/compile/internal/ssa/rewriteWasm.go
1781025023|David Chase|M|src/cmd/compile/internal/ssagen/simdWasmintrinsics.go
1781025023|David Chase|M|src/cmd/compile/internal/wasm/simdssa.go
1781025023|David Chase|M|src/simd/archsimd/_gen/wasmgen/main.go
1781025023|David Chase|M|src/simd/archsimd/ops_emulated_wasm.go
1781025023|David Chase|M|src/simd/archsimd/ops_wasm.go
1781025023|David Chase|M|src/simd/internal/bridge/simd_emulated.go
1781025023|David Chase|A|src/simd/madd_test.go
1781025023|David Chase|M|src/simd/simd_emulated.go
1781132998|Joe Tsai|M|src/encoding/json/decode_test.go
1781132998|Joe Tsai|M|src/encoding/json/v2/arshal_default.go
1781132998|Joe Tsai|M|src/encoding/json/v2_decode_test.go
1781075255|Cuong Manh Le|M|src/cmd/compile/internal/slice/slice.go
1781075255|Cuong Manh Le|M|test/codegen/append.go
1781075255|Cuong Manh Le|A|test/fixedbugs/issue79909.go
1780944215|Robert Griesemer|M|src/cmd/go/testdata/script/godebug_removed.txt
1780944215|Robert Griesemer|M|src/runtime/proc.go
1780944215|Robert Griesemer|M|src/runtime/runtime1.go
1781037250|David Chase|M|src/cmd/compile/internal/midway/analysis.go
1781037250|David Chase|M|src/cmd/compile/internal/midway/rewrite.go
1780936910|David Chase|A|src/simd/endianness_test.go
1780662305|qmuntal|M|src/cmd/go/internal/load/pkg.go
1780662305|qmuntal|M|src/cmd/go/internal/modindex/read.go
1781224921|Robert Griesemer|M|src/cmd/compile/internal/types2/instantiate.go
1781224921|Robert Griesemer|M|src/cmd/compile/internal/types2/issues_test.go
1781224921|Robert Griesemer|M|src/go/types/instantiate.go
1781224921|Robert Griesemer|M|src/go/types/issues_test.go
1781194689|David Chase|M|src/simd/archsimd/_gen/midway/intersect_simd_ops.go
1781194689|David Chase|M|src/simd/simd_emulated.go
1781194689|David Chase|D|src/simd/simd.go
1781194689|David Chase|A|src/simd/simd_stubs.go
1781194689|David Chase|A|src/simd/simd_types.go
1781013379|qmuntal|M|src/internal/filepathlite/path_windows.go
1781013379|qmuntal|M|src/path/filepath/path_test.go
1781217091|Dmitri Shuralyov|M|src/cmd/dist/test.go
1781286333|David Chase|M|src/cmd/compile/internal/amd64/simdssa.go
1781286333|David Chase|M|src/cmd/compile/internal/amd64/ssa.go
1781286333|David Chase|M|src/cmd/compile/internal/ssagen/intrinsics.go
1781286333|David Chase|M|src/cmd/compile/internal/ssagen/simdAMD64intrinsics.go
1781286333|David Chase|M|src/simd/archsimd/_gen/simdgen/arch.go
1781286333|David Chase|M|src/simd/archsimd/_gen/simdgen/ops/Moves/go_amd64.yaml
1781286333|David Chase|M|src/simd/archsimd/internal/simd_test/simd_test.go
1781218958|thepudds|M|test/codegen/append.go
1781218958|thepudds|M|test/codegen/append_freegc.go
1781286639|Mark Freeman|M|src/cmd/compile/internal/importer/gcimporter_test.go
1781286639|Mark Freeman|D|src/cmd/compile/internal/importer/genmeth_test.go
1781286639|Mark Freeman|M|src/cmd/compile/internal/noder/unified.go
1781286639|Mark Freeman|M|src/go/internal/gcimporter/gcimporter_test.go
1781286639|Mark Freeman|D|src/go/internal/gcimporter/genmeth_test.go
1781286639|Mark Freeman|M|src/internal/buildcfg/exp.go
1781286639|Mark Freeman|D|src/internal/goexperiment/exp_genericmethods_off.go
1781286639|Mark Freeman|D|src/internal/goexperiment/exp_genericmethods_on.go
1781286639|Mark Freeman|M|src/internal/goexperiment/flags.go
1781286639|Mark Freeman|D|src/math/rand/v2/n.go
1781286639|Mark Freeman|M|src/math/rand/v2/rand.go
1781286639|Mark Freeman|M|test/genmeth.go
1781286639|Mark Freeman|M|test/genmeth1.go
1781286639|Mark Freeman|M|test/genmeth2.go
1780525526|Sebastien Tardif|M|src/syscall/exec_libc2.go
1780525526|Sebastien Tardif|M|src/syscall/syscall_darwin.go
1781425054|Daniel McCarney|M|src/crypto/tls/ech.go
1781553049|Robert Griesemer|M|src/cmd/go/internal/modload/init.go
1781553049|Robert Griesemer|M|src/cmd/go/testdata/script/godebug_removed.txt
1781553049|Robert Griesemer|M|src/cmd/go/testdata/script/mod_removed_godebug.txt
1781553049|Robert Griesemer|M|src/runtime/proc.go
1781553049|Robert Griesemer|M|src/runtime/runtime1.go
1781440217|khr@golang.org|M|src/runtime/slice.go
1781440217|khr@golang.org|A|test/fixedbugs/issue80004.go
1781565037|Robert Griesemer|M|src/cmd/compile/internal/types2/instantiate.go
1781565037|Robert Griesemer|M|src/cmd/compile/internal/types2/issues_test.go
1781565037|Robert Griesemer|M|src/go/types/generate_test.go
1781565037|Robert Griesemer|M|src/go/types/instantiate.go
1781565037|Robert Griesemer|M|src/go/types/issues_test.go
1781644866|Damien Neil|M|src/net/http/internal/http2/clientconn_test.go
1781644866|Damien Neil|M|src/net/http/internal/http2/config_test.go
1781644866|Damien Neil|M|src/net/http/internal/http2/connframes_test.go
1781644866|Damien Neil|M|src/net/http/internal/http2/server_push_test.go
1781644866|Damien Neil|M|src/net/http/internal/http2/server_test.go
1781644866|Damien Neil|M|src/net/http/internal/http2/synctest_test.go
1781644866|Damien Neil|M|src/net/http/internal/http2/transport_test.go
1780344795|thepudds|M|src/cmd/internal/script/scripttest/run.go
1781699697|waris )|M|src/crypto/tls/handshake_server.go
1781699697|waris )|M|src/crypto/tls/tls_test.go
1781649765|Joe Tsai|M|src/encoding/json/decode_test.go
1781649765|Joe Tsai|M|src/encoding/json/v2/arshal_default.go
1781649765|Joe Tsai|D|src/encoding/json/v2/arshal_inlined.go
1781649765|Joe Tsai|A|src/encoding/json/v2/arshal_embedded.go
1781649765|Joe Tsai|M|src/encoding/json/v2/arshal_test.go
1781649765|Joe Tsai|M|src/encoding/json/v2/doc.go
1781649765|Joe Tsai|M|src/encoding/json/v2/example_test.go
1781649765|Joe Tsai|M|src/encoding/json/v2/fields.go
1781649765|Joe Tsai|M|src/encoding/json/v2/fields_test.go
1781649765|Joe Tsai|M|src/encoding/json/v2/options.go
1781649765|Joe Tsai|M|src/encoding/json/v2_decode_test.go
1781108730|David Chase|M|src/cmd/compile/internal/midway/analysis.go
1781108730|David Chase|M|src/cmd/compile/internal/midway/deepcopy.go
1781108730|David Chase|M|src/cmd/compile/internal/midway/rewrite.go
1781108730|David Chase|D|src/simd/testdata/mains/compiles.go
1781108730|David Chase|A|src/simd/testdata/compiles_test.go
1781108730|David Chase|D|src/simd/testdata/mains/errors.go
1781108730|David Chase|A|src/simd/testdata/errors_test.go
1781108730|David Chase|A|src/simd/testdata/iface/iface.go
1781108730|David Chase|A|src/simd/testdata/iface_test.go
1781108730|David Chase|D|src/simd/testdata/v.go
1781108730|David Chase|A|src/simd/testdata/pkg/v.go
1781108730|David Chase|D|src/simd/sizeof_test.go
1781108730|David Chase|A|src/simd/testdata/sizeof_test.go
1781108730|David Chase|A|src/simd/testdata_test.go
1778964653|Sean Liao|M|src/cmd/go/alldocs.go
1778964653|Sean Liao|M|src/cmd/go/internal/cacheprog/cacheprog.go
1778964653|Sean Liao|M|src/cmd/go/internal/help/helpdoc.go
1781784858|goto1134|M|src/cmd/compile/internal/types2/call.go
1781784858|goto1134|M|src/go/types/call.go
1781491093|harjoth|M|src/net/http/request.go
1781491093|harjoth|M|src/net/http/requestwrite_test.go
1781491093|harjoth|M|src/net/http/responsewrite_test.go
1781491093|harjoth|M|src/net/http/transfer.go
1781800613|David Chase|M|src/simd/archsimd/_gen/tmplgen/main.go
1781800613|David Chase|M|src/simd/archsimd/internal/simd_test/helpers_test.go
1781800613|David Chase|M|src/simd/archsimd/internal/simd_test/slicepart_128_test.go
1781800613|David Chase|M|src/simd/archsimd/internal/simd_test/slicepart_wider_test.go
1781800613|David Chase|M|src/simd/archsimd/slice_gen_amd64.go
1781800613|David Chase|M|src/simd/internal/bridge/decls_amd64.go
1781650641|Omar Sy|M|src/runtime/softfloat64.go
1781650641|Omar Sy|M|src/runtime/softfloat64_test.go
1775240607|tengtian|M|src/fmt/doc.go
1781933796|harjoth|M|src/crypto/tls/conn.go
1782145455|Cherry Mui|M|src/cmd/compile/internal/inline/inl.go
1782145455|Cherry Mui|M|src/cmd/compile/internal/noder/reader.go
1782145455|Cherry Mui|M|src/cmd/compile/internal/noder/unified.go
1782000997|Joe Tsai|M|src/encoding/json/v2/arshal_default.go
1782000997|Joe Tsai|M|src/encoding/json/v2/arshal_test.go
1782000997|Joe Tsai|M|src/encoding/json/v2/doc.go
1782000997|Joe Tsai|M|src/encoding/json/v2/errors.go
1782000997|Joe Tsai|M|src/encoding/json/v2/options.go
1782000997|Joe Tsai|M|src/encoding/json/v2_options.go
1782203751|qmuntal|M|src/crypto/internal/cryptotest/fetchmodule.go
1780787968|dorbmon|M|src/cmd/compile/internal/types2/instantiate.go
1780787968|dorbmon|M|src/go/types/instantiate.go
1780787968|dorbmon|A|src/internal/types/testdata/fixedbugs/issue79883.go
1779825931|Daniel McCarney|M|src/crypto/x509/x509limbo_test.go
1782148984|Cuong Manh Le|M|src/cmd/compile/internal/walk/assign.go
1782148984|Cuong Manh Le|M|src/cmd/compile/internal/walk/expr.go
1782148984|Cuong Manh Le|M|src/cmd/compile/internal/walk/walk.go
1782148984|Cuong Manh Le|A|test/fixedbugs/issue80096.go
1782245765|Cherry Mui|M|src/simd/archsimd/_gen/tmplgen/main.go
1782245765|Cherry Mui|M|src/simd/archsimd/internal/simd_test/arm64_shift_helpers_test.go
1782245765|Cherry Mui|M|src/simd/archsimd/internal/simd_test/arm64_shift_test.go
1782245765|Cherry Mui|M|src/simd/archsimd/internal/simd_test/shift_128_test.go
1782245765|Cherry Mui|M|src/simd/archsimd/internal/simd_test/shift_amd64_test.go
1782245765|Cherry Mui|A|src/simd/archsimd/internal/simd_test/shift_helpers_128_test.go
1782245765|Cherry Mui|A|src/simd/archsimd/internal/simd_test/shift_helpers_wider_test.go
1782245765|Cherry Mui|A|src/simd/archsimd/internal/simd_test/shift_wasm_test.go
1782248252|Cherry Mui|M|src/simd/archsimd/_gen/tmplgen/main.go
1782248252|Cherry Mui|M|src/simd/archsimd/internal/simd_test/arm64_convert_test.go
1782248252|Cherry Mui|D|src/simd/archsimd/internal/simd_test/arm64_unary_helpers_test.go
1782248252|Cherry Mui|A|src/simd/archsimd/internal/simd_test/convert_helpers_128_test.go
1782248252|Cherry Mui|D|src/simd/archsimd/internal/simd_test/convert_helpers_test.go
1782248252|Cherry Mui|A|src/simd/archsimd/internal/simd_test/convert_helpers_wider_test.go
1782209087|qmuntal|M|src/cmd/link/internal/ld/ld_test.go
1782209087|qmuntal|M|src/cmd/link/internal/ld/pe.go
1782327457|Cherry Mui|M|src/simd/archsimd/_gen/tmplgen/main.go
1782327457|Cherry Mui|D|src/simd/archsimd/internal/simd_test/ternary_arm64_helpers_test.go
1782327457|Cherry Mui|A|src/simd/archsimd/internal/simd_test/ternary_helpers_128_test.go
1782327457|Cherry Mui|D|src/simd/archsimd/internal/simd_test/ternary_helpers_test.go
1782327457|Cherry Mui|A|src/simd/archsimd/internal/simd_test/ternary_helpers_wider_test.go
1782336271|Cherry Mui|M|src/simd/archsimd/_gen/tmplgen/main.go
1782336271|Cherry Mui|D|src/simd/archsimd/internal/simd_test/arm64_bitwise_test.go
1782336271|Cherry Mui|D|src/simd/archsimd/internal/simd_test/arm64_binary_test.go
1782336271|Cherry Mui|A|src/simd/archsimd/internal/simd_test/binary_arm64_test.go
1782336271|Cherry Mui|D|src/simd/archsimd/internal/simd_test/arm64_convert_test.go
1782336271|Cherry Mui|A|src/simd/archsimd/internal/simd_test/convert_arm64_test.go
1782336271|Cherry Mui|D|src/simd/archsimd/internal/simd_test/reduce_arm64_helpers_test.go
1782336271|Cherry Mui|A|src/simd/archsimd/internal/simd_test/reduce_helpers_arm64_test.go
1782336271|Cherry Mui|D|src/simd/archsimd/internal/simd_test/arm64_shift_test.go
1782336271|Cherry Mui|A|src/simd/archsimd/internal/simd_test/shift_arm64_test.go
1782336271|Cherry Mui|D|src/simd/archsimd/internal/simd_test/arm64_shift_helpers_test.go
1782336271|Cherry Mui|A|src/simd/archsimd/internal/simd_test/shift_helpers_arm64_test.go
1782336271|Cherry Mui|D|src/simd/archsimd/internal/simd_test/arm64_simd_test.go
1782336271|Cherry Mui|A|src/simd/archsimd/internal/simd_test/simd_arm64_test.go
1769287425|Ian Lance Taylor|M|src/cmd/internal/objfile/elf.go
1769287425|Ian Lance Taylor|M|src/cmd/internal/objfile/pe.go
1769287425|Ian Lance Taylor|M|src/cmd/internal/script/scripttest/setup.go
1769287425|Ian Lance Taylor|M|src/cmd/nm/nm_test.go
1769287425|Ian Lance Taylor|A|src/cmd/nm/script_test.go
1769287425|Ian Lance Taylor|A|src/cmd/nm/testdata/script/README
1769287425|Ian Lance Taylor|A|src/cmd/nm/testdata/script/issue77301.txt
1782406498|Mark Freeman|M|src/cmd/compile/internal/types2/typestring.go
1782406498|Mark Freeman|M|src/go/types/typestring.go
1782330896|Michael Pratt|M|src/runtime/malloc_generated.go
1782330896|Michael Pratt|M|src/runtime/malloc_stubs.go
1778257361|Roland Shoemaker|M|src/crypto/tls/handshake_messages.go
1778257361|Roland Shoemaker|M|src/crypto/tls/handshake_messages_test.go
1778257361|Roland Shoemaker|M|src/crypto/tls/tls_test.go
1782524866|David Chase|M|src/simd/archsimd/_gen/midway/intersect_simd_ops.go
1782524866|David Chase|M|src/simd/internal/bridge/decls_amd64.go
1782524866|David Chase|M|src/simd/internal/bridge/decls_arm64.go
1782524866|David Chase|M|src/simd/internal/bridge/decls_wasm.go
1782524866|David Chase|M|src/simd/simd_test.go
1782159158|Nicholas S. Husin|M|src/net/http/serve_test.go
1782159158|Nicholas S. Husin|M|src/net/http/server.go
1782343422|Cuong Manh Le|M|src/cmd/compile/internal/noder/reader.go
1782343422|Cuong Manh Le|M|src/cmd/compile/internal/pkginit/init.go
1782343422|Cuong Manh Le|M|src/cmd/compile/internal/staticinit/sched.go
1782840683|David Chase|M|src/simd/internal/bridge/simd_emulated.go
1782840683|David Chase|M|src/simd/simd_emulated.go
1782840683|David Chase|A|src/simd/testdata/tostring_test.go
1782840683|David Chase|M|src/simd/testdata_test.go
1779119630|Keith Randall|M|src/cmd/compile/internal/escape/assign.go
1779119630|Keith Randall|M|src/cmd/compile/internal/escape/call.go
1779119630|Keith Randall|M|src/cmd/compile/internal/escape/expr.go
1779119630|Keith Randall|M|src/internal/runtime/maps/map.go
1782905278|David Chase|M|src/simd/internal/bridge/simd_emulated.go
1782905278|David Chase|A|src/simd/internal/bridge/simd_types_emulated.go
1782905278|David Chase|M|src/simd/simd_emulated.go
1779066836|Neal Patel|M|src/math/big/floatconv_test.go
1779066836|Neal Patel|M|src/math/big/ftoa.go
1782937201|Nicholas S. Husin|M|src/net/http/internal/http2/transport.go
1782937201|Nicholas S. Husin|M|src/net/http/internal/http2/transport_test.go
1782746998|Daniel McCarney|M|src/crypto/internal/cryptotest/wycheproof/_schema/go.mod
1782746998|Daniel McCarney|M|src/crypto/internal/cryptotest/wycheproof/_schema/go.sum
1782746998|Daniel McCarney|M|src/crypto/internal/cryptotest/wycheproof/schema.go
1782746998|Daniel McCarney|M|src/crypto/mldsa/mldsa_wycheproof_test.go
1782929447|Nicholas S. Husin|M|src/net/http/request.go
1782929447|Nicholas S. Husin|M|src/net/http/response.go
1782929447|Nicholas S. Husin|M|src/net/http/serve_test.go
1782929447|Nicholas S. Husin|M|src/net/http/transfer.go
1782480107|Michael Matloob|M|src/cmd/go/internal/modget/get.go
1782480107|Michael Matloob|A|src/cmd/go/testdata/mod/example.com_increasegoreq_v0.0.1.txt
1782480107|Michael Matloob|A|src/cmd/go/testdata/mod/example.com_increasegoreq_v0.0.2.txt
1782480107|Michael Matloob|A|src/cmd/go/testdata/script/gotoolchain_get_upgrade.txt
1782751100|Keith Randall|A|test/fixedbugs/issue80196.go
1782862587|Michael Matloob|M|src/cmd/go/internal/verylongtest/script_test.go
1782862587|Michael Matloob|D|src/cmd/go/internal/verylongtest/testdata/script/README
1782862587|Michael Matloob|D|src/cmd/go/testdata/script/mod_insecure_issue63845.txt
1782862587|Michael Matloob|A|src/cmd/go/internal/verylongtest/testdata/script/mod_insecure_issue63845.txt
1782862587|Michael Matloob|D|src/cmd/go/testdata/script/mod_proxy_https.txt
1782862587|Michael Matloob|A|src/cmd/go/internal/verylongtest/testdata/script/mod_proxy_https.txt
1782862666|Michael Matloob|M|src/cmd/go/internal/verylongtest/script_test.go
1782862666|Michael Matloob|D|src/cmd/go/testdata/script/mod_sumdb_golang.txt
1782862666|Michael Matloob|A|src/cmd/go/internal/verylongtest/testdata/script/mod_sumdb_golang.txt
1782862666|Michael Matloob|M|src/cmd/go/internal/web/http.go
1783449968|Mark Freeman|M|src/cmd/compile/internal/types2/named.go
1783449968|Mark Freeman|A|src/cmd/compile/testdata/script/issue80258.txt
1783449968|Mark Freeman|M|src/go/types/named.go
1783070528|Tobias Klauser|M|src/os/file.go
1783070528|Tobias Klauser|M|src/os/file_test.go
1783538463|Mark Freeman|M|src/internal/types/testdata/fixedbugs/issue48703.go
1783538463|Mark Freeman|A|src/internal/types/testdata/fixedbugs/issue80172.go
1783112648|Michael Matloob|M|src/cmd/go/testdata/script/build_overlay.txt
1783112648|Michael Matloob|A|src/cmd/go/testdata/script/build_overlay_cgo.txt
1783112648|Michael Matloob|A|src/cmd/go/testdata/script/build_overlay_gccgo.txt
1783112648|Michael Matloob|M|src/cmd/go/testdata/script/test_vet.txt
1783112648|Michael Matloob|A|src/cmd/go/testdata/script/test_vet_vetall.txt
1783537338|Kyle Shannon|M|lib/time/update.bash
1783537338|Kyle Shannon|M|lib/time/zoneinfo.zip
1783619787|Austin Clements|M|src/simd/archsimd/_gen/simdgen/arm64/instruction.go
1783619787|Austin Clements|M|src/simd/archsimd/_gen/simdgen/arm64/instruction_test.go
1783619787|Austin Clements|M|src/simd/archsimd/_gen/simdgen/arm64/operands.go
1783619787|Austin Clements|M|src/simd/archsimd/_gen/simdgen/gen_simdrules.go
1783619787|Austin Clements|M|src/simd/archsimd/_gen/unify/env.go
1783619787|Austin Clements|M|src/simd/archsimd/_gen/unify/value.go
1783619787|Austin Clements|M|src/simd/archsimd/_gen/wasmgen/main.go
1783626565|Michael Pratt|D|src/simd/testdata/ip/boringsum.go
1783626565|Michael Pratt|D|src/simd/testdata/ip/go.mod
1783626565|Michael Pratt|D|src/simd/testdata/ip/main.go
1783626565|Michael Pratt|D|src/simd/testdata/ip/sum.go
1783626565|Michael Pratt|D|src/simd/testdata/ip/sum_amd64.go
1782417362|harjoth|M|src/cmd/go/testdata/script/test_fail_fast.txt
1782417362|harjoth|M|src/testing/testing.go
1783635030|Damien Neil|M|src/os/root_test.go
1783715657|Dmitri Shuralyov|M|src/cmd/go.mod
1783715657|Dmitri Shuralyov|M|src/cmd/go.sum
1783715657|Dmitri Shuralyov|M|src/cmd/vendor/golang.org/x/tools/internal/stdlib/deps.go
1783715657|Dmitri Shuralyov|M|src/cmd/vendor/golang.org/x/tools/internal/stdlib/manifest.go
1783715657|Dmitri Shuralyov|M|src/cmd/vendor/modules.txt
1783732484|Keith Randall|M|src/cmd/compile/internal/ssa/compile.go
1783732484|Keith Randall|M|test/codegen/comparisons.go
1782902661|cuishuang|M|src/cmd/compile/internal/abi/abiutils.go
1782902661|cuishuang|M|src/cmd/compile/internal/ssa/func.go
1782902661|cuishuang|M|src/cmd/compile/internal/ssagen/ssa.go
1783633365|Julian Soreavis|M|src/os/exec.go
1783694018|Julian Soreavis|M|src/html/template/template.go
1783694018|Julian Soreavis|M|src/text/template/template.go
1783443096|khr@golang.org|M|src/runtime/mgcmark.go
1783443096|khr@golang.org|M|src/runtime/traceback.go
1783443096|khr@golang.org|A|test/fixedbugs/issue80188.go
1784041329|Alan Donovan|M|src/cmd/go/internal/modindex/build_read.go
1784041329|Alan Donovan|M|src/crypto/tls/alert.go
1784041329|Alan Donovan|M|src/crypto/tls/tls.go
1784041329|Alan Donovan|M|src/debug/elf/reader.go
1784041329|Alan Donovan|M|src/go/build/read.go
1784041329|Alan Donovan|M|src/go/internal/gccgoimporter/parser.go
1784041329|Alan Donovan|M|src/go/scanner/errors.go
1784041329|Alan Donovan|M|src/go/scanner/scanner_test.go
1784041329|Alan Donovan|M|src/internal/reflectlite/set_test.go
1784041329|Alan Donovan|M|src/internal/runtime/exithook/hooks.go
1784041329|Alan Donovan|M|src/log/slog/json_handler_test.go
1784041329|Alan Donovan|M|src/math/big/float.go
1784041329|Alan Donovan|M|src/net/dial.go
1784041329|Alan Donovan|M|src/net/dial_test.go
1784041329|Alan Donovan|M|src/net/dnsclient_unix.go
1784041329|Alan Donovan|M|src/net/http/h2_error_test.go
1784041329|Alan Donovan|M|src/net/net.go
1784041329|Alan Donovan|M|src/runtime/error.go
1784041329|Alan Donovan|M|src/runtime/synctest.go
1784055568|Dmitri Shuralyov|M|src/cmd/go.mod
1784055568|Dmitri Shuralyov|M|src/cmd/go.sum
1784055568|Dmitri Shuralyov|M|src/cmd/vendor/golang.org/x/tools/go/analysis/passes/stdversion/stdversion.go
1784055568|Dmitri Shuralyov|M|src/cmd/vendor/golang.org/x/tools/internal/typesinternal/toonew.go
1784055568|Dmitri Shuralyov|M|src/cmd/vendor/modules.txt
1782418669|Damien Neil|M|src/net/http/client_test.go
1782418669|Damien Neil|A|src/net/http/http1_server_test.go
1782418669|Damien Neil|M|src/net/http/serve_test.go
1782418669|Damien Neil|M|src/net/http/server.go
1782418669|Damien Neil|M|src/net/http/transfer.go
1784065596|Michael Matloob|M|src/internal/goversion/goversion.go
1780385398|Tobias Klauser|M|src/net/netip/netip.go
1780925246|Nick Ripley|M|src/runtime/cpuprof.go
1780925246|Nick Ripley|M|src/runtime/pprof/pprof.go
1780925246|Nick Ripley|M|src/runtime/pprof/pprof_test.go
1781216798|Dmitri Shuralyov|M|src/cmd/dist/test.go
1781220673|Dmitri Shuralyov|M|src/cmd/dist/test.go
1780657894|qmuntal|M|src/cmd/go/internal/list/list.go
1780657894|qmuntal|M|src/cmd/go/testdata/script/build_GOTMPDIR.txt
1782724088|Cuong Manh Le|M|src/cmd/compile/internal/noder/reader.go
1782724088|Cuong Manh Le|M|src/cmd/compile/internal/pkginit/init.go
1782724088|Cuong Manh Le|M|src/cmd/compile/internal/staticinit/sched.go
1782724088|Cuong Manh Le|A|test/fixedbugs/issue80141.go
1780261123|Mauri de Souza Meneguzzo|M|src/internal/bytealg/compare_arm64.s
1780579921|Filippo Valsorda|M|src/crypto/internal/fips140/bigmod/nat.go
1782282854|qlonglong|M|src/runtime/malloc.go
1782127174|ArsenySamoylov|M|src/cmd/compile/internal/ssa/memcombine.go
1782127174|ArsenySamoylov|M|test/codegen/memcombine.go
1783540952|a|M|src/cmd/compile/internal/ssa/rewrite.go
1783540952|a|M|test/codegen/condmove.go
1780410413|qmuntal|M|src/path/filepath/path.go
1780410413|qmuntal|M|src/path/filepath/path_windows_test.go
1782324823|Alexander Musman|M|src/bytes/bytes_test.go
1782324823|Alexander Musman|M|src/internal/bytealg/equal_arm64.s
1784060582|goto1134|M|src/go/build/constraint/vers.go
1784060582|goto1134|M|src/go/build/constraint/vers_test.go
1784060582|goto1134|M|src/go/version/version_test.go
1783733148|sjarso|M|src/cmd/compile/internal/arm64/ssa.go
1784111998|Pierre Gimalac|M|src/cmd/link/internal/ld/lib.go
1783757447|Simon Law|A|api/next/79946.txt
1783757447|Simon Law|A|doc/next/6-stdlib/99-minor/net/url/79946.md
1783757447|Simon Law|M|src/net/url/url.go
1783757447|Simon Law|M|src/net/url/url_test.go
1782281985|Andrew Gaul|M|src/cmd/compile/internal/arm64/galign.go
1782281985|Andrew Gaul|A|src/cmd/compile/internal/arm64/pair.go
1782281985|Andrew Gaul|A|src/cmd/compile/internal/arm64/pair_test.go
1782281985|Andrew Gaul|M|src/cmd/compile/internal/ssagen/arch.go
1782281985|Andrew Gaul|M|src/cmd/compile/internal/ssagen/ssa.go
1782281985|Andrew Gaul|M|src/cmd/compile/internal/test/bench_test.go
1782281985|Andrew Gaul|M|test/codegen/memcombine.go
1782281985|Andrew Gaul|A|test/fixedbugs/spillreload_arm64_pair.go
1782751353|Keith Randall|M|src/cmd/compile/internal/ssa/writebarrier.go
1683930539|Jorropo|M|src/cmd/internal/obj/x86/obj6.go
1683930539|Jorropo|M|src/runtime/proc.go
1780231987|Julien Cretel|M|src/net/http/csrf.go
1780231987|Julien Cretel|M|src/net/http/csrf_test.go
1783079220|kinsonnee|M|src/cmd/internal/obj/riscv/doc.go
1782710726|kinsonnee|M|src/cmd/compile/internal/ssa/memcombine.go
1782710726|kinsonnee|M|test/codegen/memcombine.go
1783706493|Cherry Mui|M|src/reflect/value.go
1783706493|Cherry Mui|M|test/escape_reflect.go
1782903187|cuishuang|M|src/html/template/js.go
1782903187|cuishuang|M|src/html/template/js_test.go
1780959764|Jake Bailey|M|src/cmd/compile/internal/reflectdata/reflect.go
1780959764|Jake Bailey|M|src/cmd/compile/internal/ssa/rewrite.go
1780959764|Jake Bailey|M|src/cmd/compile/internal/typecheck/subr.go
1780959764|Jake Bailey|A|src/cmd/compile/internal/types/tflag.go
1780959764|Jake Bailey|M|src/cmd/compile/internal/types/type.go
1783808107|Julian Soreavis|A|doc/next/6-stdlib/99-minor/encoding/base32/20235.md
1783808107|Julian Soreavis|A|doc/next/6-stdlib/99-minor/encoding/base64/20235.md
1783808107|Julian Soreavis|M|src/encoding/base32/base32.go
1783808107|Julian Soreavis|M|src/encoding/base32/base32_test.go
1783808107|Julian Soreavis|M|src/encoding/base64/base64.go
1783808107|Julian Soreavis|M|src/encoding/base64/base64_test.go
1781182945|Tobias Klauser|M|src/debug/elf/file.go
1784023949|cuishuang|M|src/reflect/example_test.go
1783794772|Julian Soreavis|M|src/html/template/template.go
1783794772|Julian Soreavis|M|src/text/template/exec.go
1781536082|Neitrino Photonov|M|src/cmd/go/internal/tool/tool.go
1784062363|Hongxiang Jiang|M|src/cmd/go/internal/doc/pkgsite.go
1784062363|Hongxiang Jiang|A|src/cmd/go/testdata/script/doc_http_clean_cache.txt
1778261002|Dmitri Shuralyov|M|src/cmd/go/internal/telemetrystats/telemetrystats.go
1782957630|Meng Zhuo|M|src/runtime/cgo/gcc_mmap.c
1782957630|Meng Zhuo|M|src/runtime/cgo/gcc_sigaction.c
1782957630|Meng Zhuo|M|src/runtime/cgo/mmap.go
1782957630|Meng Zhuo|M|src/runtime/cgo/sigaction.go
1782957630|Meng Zhuo|M|src/runtime/cgo_mmap.go
1782957630|Meng Zhuo|M|src/runtime/cgo_sigaction.go
1782957630|Meng Zhuo|M|src/runtime/mmap.go
1782957630|Meng Zhuo|M|src/runtime/sigaction.go
1782957630|Meng Zhuo|M|src/runtime/sys_linux_riscv64.s
1784051106|Michael Matloob|M|src/cmd/compile/internal/amd64/ssa.go
1784051106|Michael Matloob|M|src/cmd/compile/internal/ssa/_gen/AMD64.rules
1784051106|Michael Matloob|M|src/cmd/compile/internal/ssa/_gen/AMD64Ops.go
1784051106|Michael Matloob|M|src/cmd/compile/internal/ssa/opGen.go
1784051106|Michael Matloob|M|src/cmd/compile/internal/ssa/rewriteAMD64.go
1784051106|Michael Matloob|M|test/codegen/floats.go
1784210349|Cuong Manh Le|D|src/cmd/compile/testdata/script/issue28698.txt
1784210349|Cuong Manh Le|A|test/fixedbugs/issue28698.go
1764783592|Julian Zhu|M|src/crypto/internal/fips140/subtle/xor_generic.go
1764783592|Julian Zhu|A|src/crypto/internal/fips140/subtle/xor_mipsx.go
1764783592|Julian Zhu|A|src/crypto/internal/fips140/subtle/xor_mipsx.s
1784136862|Nicholas S. Husin|M|src/cmd/go.mod
1784136862|Nicholas S. Husin|M|src/cmd/go.sum
1784136862|Nicholas S. Husin|M|src/cmd/go/internal/doc/pkgsite.go
1784136862|Nicholas S. Husin|M|src/cmd/vendor/golang.org/x/arch/loong64/loong64asm/inst.go
1784136862|Nicholas S. Husin|M|src/cmd/vendor/golang.org/x/build/relnote/relnote.go
1784136862|Nicholas S. Husin|M|src/cmd/vendor/golang.org/x/mod/modfile/read.go
1784136862|Nicholas S. Husin|M|src/cmd/vendor/golang.org/x/mod/modfile/rule.go
1784136862|Nicholas S. Husin|M|src/cmd/vendor/golang.org/x/mod/sumdb/client.go
1784136862|Nicholas S. Husin|M|src/cmd/vendor/golang.org/x/mod/sumdb/note/note.go
1784136862|Nicholas S. Husin|M|src/cmd/vendor/golang.org/x/mod/sumdb/tlog/tile.go
1784136862|Nicholas S. Husin|M|src/cmd/vendor/golang.org/x/mod/sumdb/tlog/tlog.go
1784136862|Nicholas S. Husin|M|src/cmd/vendor/golang.org/x/mod/zip/zip.go
1784136862|Nicholas S. Husin|M|src/cmd/vendor/golang.org/x/sync/errgroup/errgroup.go
1784136862|Nicholas S. Husin|M|src/cmd/vendor/golang.org/x/sync/semaphore/semaphore.go
1784136862|Nicholas S. Husin|M|src/cmd/vendor/golang.org/x/sys/unix/syscall_linux.go
1784136862|Nicholas S. Husin|M|src/cmd/vendor/golang.org/x/sys/unix/syscall_linux_386.go
1784136862|Nicholas S. Husin|M|src/cmd/vendor/golang.org/x/sys/unix/syscall_linux_amd64.go
1784136862|Nicholas S. Husin|M|src/cmd/vendor/golang.org/x/sys/unix/syscall_linux_arm.go
1784136862|Nicholas S. Husin|M|src/cmd/vendor/golang.org/x/sys/unix/syscall_linux_arm64.go
1784136862|Nicholas S. Husin|M|src/cmd/vendor/golang.org/x/sys/unix/syscall_linux_loong64.go
1784136862|Nicholas S. Husin|M|src/cmd/vendor/golang.org/x/sys/unix/syscall_linux_mips64x.go
1784136862|Nicholas S. Husin|M|src/cmd/vendor/golang.org/x/sys/unix/syscall_linux_mipsx.go
1784136862|Nicholas S. Husin|M|src/cmd/vendor/golang.org/x/sys/unix/syscall_linux_ppc.go
1784136862|Nicholas S. Husin|M|src/cmd/vendor/golang.org/x/sys/unix/syscall_linux_ppc64x.go
1784136862|Nicholas S. Husin|M|src/cmd/vendor/golang.org/x/sys/unix/syscall_linux_riscv64.go
1784136862|Nicholas S. Husin|M|src/cmd/vendor/golang.org/x/sys/unix/syscall_linux_s390x.go
1784136862|Nicholas S. Husin|M|src/cmd/vendor/golang.org/x/sys/unix/syscall_linux_sparc64.go
1784136862|Nicholas S. Husin|M|src/cmd/vendor/golang.org/x/sys/unix/zerrors_linux.go
1784136862|Nicholas S. Husin|M|src/cmd/vendor/golang.org/x/sys/unix/zsyscall_linux.go
1784136862|Nicholas S. Husin|M|src/cmd/vendor/golang.org/x/sys/unix/zsyscall_linux_386.go
1784136862|Nicholas S. Husin|M|src/cmd/vendor/golang.org/x/sys/unix/zsyscall_linux_amd64.go
1784136862|Nicholas S. Husin|M|src/cmd/vendor/golang.org/x/sys/unix/zsyscall_linux_arm.go
1784136862|Nicholas S. Husin|M|src/cmd/vendor/golang.org/x/sys/unix/zsyscall_linux_arm64.go
1784136862|Nicholas S. Husin|M|src/cmd/vendor/golang.org/x/sys/unix/zsyscall_linux_loong64.go
1784136862|Nicholas S. Husin|M|src/cmd/vendor/golang.org/x/sys/unix/zsyscall_linux_mips.go
1784136862|Nicholas S. Husin|M|src/cmd/vendor/golang.org/x/sys/unix/zsyscall_linux_mips64.go
1784136862|Nicholas S. Husin|M|src/cmd/vendor/golang.org/x/sys/unix/zsyscall_linux_mips64le.go
1784136862|Nicholas S. Husin|M|src/cmd/vendor/golang.org/x/sys/unix/zsyscall_linux_mipsle.go
1784136862|Nicholas S. Husin|M|src/cmd/vendor/golang.org/x/sys/unix/zsyscall_linux_ppc.go
1784136862|Nicholas S. Husin|M|src/cmd/vendor/golang.org/x/sys/unix/zsyscall_linux_ppc64.go
1784136862|Nicholas S. Husin|M|src/cmd/vendor/golang.org/x/sys/unix/zsyscall_linux_ppc64le.go
1784136862|Nicholas S. Husin|M|src/cmd/vendor/golang.org/x/sys/unix/zsyscall_linux_riscv64.go
1784136862|Nicholas S. Husin|M|src/cmd/vendor/golang.org/x/sys/unix/zsyscall_linux_s390x.go
1784136862|Nicholas S. Husin|M|src/cmd/vendor/golang.org/x/sys/unix/zsyscall_linux_sparc64.go
1784136862|Nicholas S. Husin|M|src/cmd/vendor/golang.org/x/sys/unix/ztypes_linux.go
1784136862|Nicholas S. Husin|M|src/cmd/vendor/golang.org/x/sys/unix/ztypes_linux_386.go
1784136862|Nicholas S. Husin|M|src/cmd/vendor/golang.org/x/sys/unix/ztypes_linux_amd64.go
1784136862|Nicholas S. Husin|M|src/cmd/vendor/golang.org/x/sys/unix/ztypes_linux_arm.go
1784136862|Nicholas S. Husin|M|src/cmd/vendor/golang.org/x/sys/unix/ztypes_linux_arm64.go
1784136862|Nicholas S. Husin|M|src/cmd/vendor/golang.org/x/sys/unix/ztypes_linux_loong64.go
1784136862|Nicholas S. Husin|M|src/cmd/vendor/golang.org/x/sys/unix/ztypes_linux_mips.go
1784136862|Nicholas S. Husin|M|src/cmd/vendor/golang.org/x/sys/unix/ztypes_linux_mips64.go
1784136862|Nicholas S. Husin|M|src/cmd/vendor/golang.org/x/sys/unix/ztypes_linux_mips64le.go
1784136862|Nicholas S. Husin|M|src/cmd/vendor/golang.org/x/sys/unix/ztypes_linux_mipsle.go
1784136862|Nicholas S. Husin|M|src/cmd/vendor/golang.org/x/sys/unix/ztypes_linux_ppc.go
1784136862|Nicholas S. Husin|M|src/cmd/vendor/golang.org/x/sys/unix/ztypes_linux_ppc64.go
1784136862|Nicholas S. Husin|M|src/cmd/vendor/golang.org/x/sys/unix/ztypes_linux_ppc64le.go
1784136862|Nicholas S. Husin|M|src/cmd/vendor/golang.org/x/sys/unix/ztypes_linux_riscv64.go
1784136862|Nicholas S. Husin|M|src/cmd/vendor/golang.org/x/sys/unix/ztypes_linux_s390x.go
1784136862|Nicholas S. Husin|M|src/cmd/vendor/golang.org/x/sys/unix/ztypes_linux_sparc64.go
1784136862|Nicholas S. Husin|M|src/cmd/vendor/golang.org/x/sys/windows/security_windows.go
1784136862|Nicholas S. Husin|M|src/cmd/vendor/golang.org/x/sys/windows/syscall_windows.go
1784136862|Nicholas S. Husin|M|src/cmd/vendor/golang.org/x/sys/windows/types_windows.go
1784136862|Nicholas S. Husin|M|src/cmd/vendor/golang.org/x/telemetry/internal/crashmonitor/monitor.go
1784136862|Nicholas S. Husin|M|src/cmd/vendor/golang.org/x/text/cases/context.go
1784136862|Nicholas S. Husin|M|src/cmd/vendor/golang.org/x/text/cases/map.go
1784136862|Nicholas S. Husin|M|src/cmd/vendor/golang.org/x/text/unicode/norm/forminfo.go
1784136862|Nicholas S. Husin|M|src/cmd/vendor/golang.org/x/text/unicode/norm/iter.go
1784136862|Nicholas S. Husin|M|src/cmd/vendor/golang.org/x/text/unicode/norm/normalize.go
1784136862|Nicholas S. Husin|M|src/cmd/vendor/golang.org/x/tools/go/analysis/passes/directive/directive.go
1784136862|Nicholas S. Husin|M|src/cmd/vendor/golang.org/x/tools/go/analysis/passes/inline/doc.go
1784136862|Nicholas S. Husin|M|src/cmd/vendor/golang.org/x/tools/go/analysis/passes/inline/inline.go
1784136862|Nicholas S. Husin|M|src/cmd/vendor/golang.org/x/tools/go/analysis/passes/modernize/doc.go
1784136862|Nicholas S. Husin|M|src/cmd/vendor/golang.org/x/tools/go/analysis/passes/modernize/embedlit.go
1784136862|Nicholas S. Husin|M|src/cmd/vendor/golang.org/x/tools/go/analysis/passes/modernize/errorsastype.go
1784136862|Nicholas S. Husin|A|src/cmd/vendor/golang.org/x/tools/go/analysis/passes/modernize/importcomment.go
1784136862|Nicholas S. Husin|M|src/cmd/vendor/golang.org/x/tools/go/analysis/passes/modernize/modernize.go
1784136862|Nicholas S. Husin|M|src/cmd/vendor/golang.org/x/tools/go/analysis/passes/modernize/newexpr.go
1784136862|Nicholas S. Husin|A|src/cmd/vendor/golang.org/x/tools/go/analysis/passes/modernize/reflecttypeassert.go
1784136862|Nicholas S. Husin|M|src/cmd/vendor/golang.org/x/tools/go/analysis/passes/modernize/slicesbackward.go
1784136862|Nicholas S. Husin|M|src/cmd/vendor/golang.org/x/tools/go/analysis/passes/modernize/unsafefuncs.go
1784136862|Nicholas S. Husin|M|src/cmd/vendor/golang.org/x/tools/go/analysis/passes/modernize/waitgroupgo.go
1784136862|Nicholas S. Husin|M|src/cmd/vendor/golang.org/x/tools/go/analysis/suite/vet/vet.go
1784136862|Nicholas S. Husin|M|src/cmd/vendor/golang.org/x/tools/go/types/objectpath/objectpath.go
1784136862|Nicholas S. Husin|M|src/cmd/vendor/golang.org/x/tools/go/types/typeutil/callee.go
1784136862|Nicholas S. Husin|M|src/cmd/vendor/golang.org/x/tools/internal/astutil/comment.go
1784136862|Nicholas S. Husin|D|src/cmd/vendor/golang.org/x/tools/internal/goplsexport/export.go
1784136862|Nicholas S. Husin|M|src/cmd/vendor/golang.org/x/tools/internal/refactor/imports.go
1784136862|Nicholas S. Husin|M|src/cmd/vendor/golang.org/x/tools/internal/refactor/inline/inline.go
1784136862|Nicholas S. Husin|M|src/cmd/vendor/golang.org/x/tools/internal/typesinternal/classify_call.go
1784136862|Nicholas S. Husin|M|src/cmd/vendor/golang.org/x/tools/internal/typesinternal/element.go
1784136862|Nicholas S. Husin|M|src/cmd/vendor/golang.org/x/tools/internal/typesinternal/types.go
1784136862|Nicholas S. Husin|M|src/cmd/vendor/golang.org/x/tools/internal/typesinternal/zerovalue.go
1784136862|Nicholas S. Husin|M|src/cmd/vendor/golang.org/x/tools/refactor/satisfy/find.go
1784136862|Nicholas S. Husin|M|src/cmd/vendor/modules.txt
1784136862|Nicholas S. Husin|M|src/go.mod
1784136862|Nicholas S. Husin|M|src/go.sum
1784136862|Nicholas S. Husin|M|src/vendor/golang.org/x/net/dns/dnsmessage/svcb.go
1784136862|Nicholas S. Husin|M|src/vendor/golang.org/x/net/idna/idna.go
1784136862|Nicholas S. Husin|M|src/vendor/golang.org/x/net/internal/http3/body.go
1784136862|Nicholas S. Husin|M|src/vendor/golang.org/x/net/internal/http3/conn.go
1784136862|Nicholas S. Husin|A|src/vendor/golang.org/x/net/internal/http3/gzip.go
1784136862|Nicholas S. Husin|M|src/vendor/golang.org/x/net/internal/http3/qpack.go
1784136862|Nicholas S. Husin|M|src/vendor/golang.org/x/net/internal/http3/qpack_static.go
1784136862|Nicholas S. Husin|M|src/vendor/golang.org/x/net/internal/http3/roundtrip.go
1784136862|Nicholas S. Husin|M|src/vendor/golang.org/x/net/internal/http3/server.go
1784136862|Nicholas S. Husin|M|src/vendor/golang.org/x/net/internal/http3/stream.go
1784136862|Nicholas S. Husin|M|src/vendor/golang.org/x/net/internal/http3/transport.go
1784136862|Nicholas S. Husin|M|src/vendor/golang.org/x/net/quic/conn_flow.go
1784136862|Nicholas S. Husin|M|src/vendor/golang.org/x/net/quic/conn_send.go
1784136862|Nicholas S. Husin|M|src/vendor/golang.org/x/net/quic/packet_protection.go
1784136862|Nicholas S. Husin|M|src/vendor/golang.org/x/net/quic/stream.go
1784136862|Nicholas S. Husin|M|src/vendor/golang.org/x/sys/cpu/parse.go
1784136862|Nicholas S. Husin|M|src/vendor/golang.org/x/text/unicode/norm/forminfo.go
1784136862|Nicholas S. Husin|M|src/vendor/golang.org/x/text/unicode/norm/iter.go
1784136862|Nicholas S. Husin|M|src/vendor/golang.org/x/text/unicode/norm/normalize.go
1784136862|Nicholas S. Husin|M|src/vendor/modules.txt
1780091884|Robert Griesemer|M|src/cmd/compile/internal/syntax/parser.go
1780091884|Robert Griesemer|A|src/cmd/compile/internal/syntax/testdata/complit.go
1782324691|Mark Freeman|M|src/cmd/compile/internal/types2/stmt.go
1782324691|Mark Freeman|M|src/go/types/stmt.go
1782330351|Mark Freeman|M|src/cmd/compile/internal/types2/literals.go
1782330351|Mark Freeman|M|src/cmd/compile/internal/types2/version.go
1782330351|Mark Freeman|M|src/go/types/literals.go
1782330351|Mark Freeman|M|src/go/types/version.go
1781307318|Mauri de Souza Meneguzzo|M|src/cmd/asm/internal/arch/arm64.go
1781307318|Mauri de Souza Meneguzzo|M|src/cmd/asm/internal/asm/testdata/arm64.s
1781307318|Mauri de Souza Meneguzzo|M|src/cmd/internal/obj/arm64/a.out.go
1781307318|Mauri de Souza Meneguzzo|M|src/cmd/internal/obj/arm64/anames.go
1781307318|Mauri de Souza Meneguzzo|M|src/cmd/internal/obj/arm64/asm7.go
1784303281|Jake Bailey|M|src/cmd/compile/internal/reflectdata/reflect.go
1784303281|Jake Bailey|M|src/cmd/compile/internal/ssa/rewrite.go
1784303281|Jake Bailey|M|src/cmd/compile/internal/typecheck/subr.go
1784303281|Jake Bailey|D|src/cmd/compile/internal/types/tflag.go
1784303281|Jake Bailey|M|src/cmd/compile/internal/types/type.go
1784222222|Damien Neil|M|src/net/http/httputil/reverseproxy.go
1784222222|Damien Neil|M|src/net/http/httputil/reverseproxy.go
1784222222|Damien Neil|M|src/net/http/httputil/reverseproxy.go
1784222222|Damien Neil|M|src/net/http/httputil/reverseproxy_test.go
1784244316|Simon Law|M|src/cmd/compile/internal/noder/doc.go
1780804336|qiulaidongfeng|A|api/next/77320.txt
1780804336|qiulaidongfeng|A|doc/next/6-stdlib/99-minor/testing/synctest/77320.md
1780804336|qiulaidongfeng|M|src/testing/synctest/synctest.go
1784217042|Michael Matloob|M|src/cmd/compile/internal/amd64/ssa.go
1784217042|Michael Matloob|M|src/cmd/compile/internal/ssa/_gen/AMD64.rules
1784217042|Michael Matloob|M|src/cmd/compile/internal/ssa/_gen/AMD64Ops.go
1784217042|Michael Matloob|M|src/cmd/compile/internal/ssa/opGen.go
1784217042|Michael Matloob|M|src/cmd/compile/internal/ssa/rewriteAMD64.go
1784217042|Michael Matloob|M|test/codegen/floats.go
1784254861|Alex Brainman|M|src/cmd/internal/script/engine_test.go
1783457680|harjoth|M|src/cmd/go/internal/work/buildid.go
1783457680|harjoth|M|src/cmd/go/internal/work/exec.go
1783457680|harjoth|M|src/cmd/go/testdata/script/toolexec.txt
1784307243|Jorropo|M|src/cmd/compile/internal/ssa/known_bits.go
1784307243|Jorropo|M|test/known_bits.go
1784213052|allocz|M|src/math/big/int.go
1784123638|Daniel Morsing|M|src/cmd/compile/internal/ssa/fuse_comparisons.go
1784123638|Daniel Morsing|M|src/cmd/compile/internal/ssa/fuse_test.go
1783994349|Simon Law|M|src/cmd/compile/internal/noder/doc.go
1783033139|Keith Randall|M|src/cmd/compile/internal/liveness/mergelocals.go
1783033139|Keith Randall|M|src/cmd/compile/internal/ssa/_gen/386Ops.go
1783033139|Keith Randall|M|src/cmd/compile/internal/ssa/_gen/AMD64Ops.go
1783033139|Keith Randall|M|src/cmd/compile/internal/ssa/_gen/ARM64Ops.go
1783033139|Keith Randall|M|src/cmd/compile/internal/ssa/_gen/ARMOps.go
1783033139|Keith Randall|M|src/cmd/compile/internal/ssa/_gen/LOONG64Ops.go
1783033139|Keith Randall|M|src/cmd/compile/internal/ssa/_gen/MIPS64Ops.go
1783033139|Keith Randall|M|src/cmd/compile/internal/ssa/_gen/MIPSOps.go
1783033139|Keith Randall|M|src/cmd/compile/internal/ssa/_gen/PPC64Ops.go
1783033139|Keith Randall|M|src/cmd/compile/internal/ssa/_gen/RISCV64Ops.go
1783033139|Keith Randall|M|src/cmd/compile/internal/ssa/_gen/S390XOps.go
1783033139|Keith Randall|M|src/cmd/compile/internal/ssa/_gen/WasmOps.go
1783033139|Keith Randall|M|src/cmd/compile/internal/ssa/_gen/main.go
1783033139|Keith Randall|M|src/cmd/compile/internal/ssa/op.go
1783033139|Keith Randall|M|src/cmd/compile/internal/ssa/opGen.go
1783033139|Keith Randall|M|src/cmd/compile/internal/ssa/value.go
1783033139|Keith Randall|A|test/fixedbugs/issue80127.go
1784465646|Ilya Torbin|M|src/cmd/compile/internal/ssa/poset.go
1784465646|Ilya Torbin|M|src/cmd/compile/internal/ssa/poset_test.go
1784465646|Ilya Torbin|M|src/cmd/compile/internal/ssa/prove.go
1784104584|Filippo Valsorda|M|src/crypto/mldsa/mldsa_fips140v1.26.go
1784104584|Filippo Valsorda|M|src/crypto/mldsa/mldsa_test.go
1784033064|Michael Matloob|M|src/cmd/go/internal/doc/pkgsite.go
1784033064|Michael Matloob|M|src/cmd/go/internal/load/pkg.go
1784033064|Michael Matloob|M|src/cmd/go/internal/modload/init.go
1779358532|Egon Elbre|M|src/cmd/compile/internal/amd64/ssa.go
1779358532|Egon Elbre|M|src/cmd/compile/internal/ssa/_gen/AMD64.rules
1779358532|Egon Elbre|M|src/cmd/compile/internal/ssa/_gen/AMD64Ops.go
1779358532|Egon Elbre|M|src/cmd/compile/internal/ssa/opGen.go
1779358532|Egon Elbre|M|src/cmd/compile/internal/ssa/rewriteAMD64.go
1779358532|Egon Elbre|M|test/codegen/arithmetic.go
1779358532|Egon Elbre|M|test/codegen/mathbits.go
1783499833|Jorropo|M|src/cmd/internal/obj/x86/obj6.go
1784646596|Zxilly|M|src/runtime/iface.go
1784178803|harjoth|M|src/cmd/go/internal/load/pkg.go
1784178803|harjoth|M|src/cmd/go/testdata/script/cover_build_pkg_select.txt
1708408414|guoguangwu|M|src/debug/pe/file.go
1778968160|Sean Liao|M|src/cmd/go/internal/cfg/cfg.go
1778968160|Sean Liao|A|src/cmd/go/testdata/script/list_goarch.txt
1784170347|Josh Bleecher Snyder|M|src/cmd/compile/internal/ssa/regalloc.go
1783796782|Michael Matloob|M|src/cmd/go/internal/work/exec.go
1784650768|khr@golang.org|M|src/cmd/compile/internal/liveness/mergelocals.go
1784650768|khr@golang.org|M|src/cmd/compile/internal/ssa/_gen/ARMOps.go
1784650768|khr@golang.org|M|src/cmd/compile/internal/ssa/_gen/S390XOps.go
1784650768|khr@golang.org|M|src/cmd/compile/internal/ssa/opGen.go
1784750131|Keith Randall|M|src/cmd/compile/internal/ssa/_gen/MIPS64Ops.go
1784750131|Keith Randall|M|src/cmd/compile/internal/ssa/_gen/MIPSOps.go
1784750131|Keith Randall|M|src/cmd/compile/internal/ssa/opGen.go
1784700496|Sean Liao|M|src/cmd/go/testdata/script/list_goarch.txt
1777971257|Klaus Post|A|src/cmd/internal/fuzztest/testdata/script/test_fuzz_fuzztime_timeout.txt
1777971257|Klaus Post|M|src/internal/fuzz/fuzz.go
1783349731|cuishuang|M|src/simd/archsimd/_gen/midway/comments.yaml
1783349731|cuishuang|M|src/simd/internal/bridge/simd_emulated.go
1783349731|cuishuang|M|src/simd/ip_test.go
1783349731|cuishuang|M|src/simd/simd_emulated.go
1783349731|cuishuang|M|src/simd/simd_stubs.go
1746699280|Inada Naoki|M|src/database/sql/driver/driver.go
1784466331|Ilya Torbin|M|src/cmd/cover/cover.go
1775586619|Ian Alexander|M|src/cmd/go/internal/modload/edit.go
1775586619|Ian Alexander|M|src/cmd/go/internal/modload/init.go
1775586619|Ian Alexander|M|src/cmd/go/internal/modload/query.go
1775587541|Ian Alexander|M|src/cmd/go/internal/modload/init.go
1775587541|Ian Alexander|M|src/cmd/go/internal/modload/vendor.go
1784164284|Michael Matloob|M|src/cmd/go/internal/modget/get.go
1784164284|Michael Matloob|M|src/cmd/go/internal/modload/init.go
1784164284|Michael Matloob|M|src/cmd/go/internal/toolchain/select.go
1784164284|Michael Matloob|M|src/cmd/go/internal/workcmd/sync.go
1744084962|Meng Zhuo|M|src/cmd/asm/internal/asm/testdata/riscv64.s
1744084962|Meng Zhuo|M|src/cmd/asm/internal/asm/testdata/riscv64error.s
1744084962|Meng Zhuo|M|src/cmd/asm/internal/asm/testdata/riscv64validation.s
1744084962|Meng Zhuo|M|src/cmd/internal/obj/riscv/anames.go
1744084962|Meng Zhuo|M|src/cmd/internal/obj/riscv/cpu.go
1744084962|Meng Zhuo|M|src/cmd/internal/obj/riscv/inst.go
1744084962|Meng Zhuo|M|src/cmd/internal/obj/riscv/obj.go
1784827902|Alan Donovan|D|src/cmd/vet/testdata/asm/asm.go
1784827902|Alan Donovan|A|src/cmd/vet/testdata/asmdecl/asm.go
1784827902|Alan Donovan|D|src/cmd/vet/testdata/asm/asm1.s
1784827902|Alan Donovan|A|src/cmd/vet/testdata/asmdecl/asm1.s
1784827902|Alan Donovan|D|src/cmd/vet/testdata/bool/bool.go
1784827902|Alan Donovan|A|src/cmd/vet/testdata/bools/bool.go
1784827902|Alan Donovan|M|src/cmd/vet/testdata/buildtag/buildtag.go
1784827902|Alan Donovan|M|src/cmd/vet/testdata/buildtag/buildtag2.go
1784827902|Alan Donovan|M|src/cmd/vet/testdata/buildtag/buildtag5.go
1784827902|Alan Donovan|D|src/cmd/vet/testdata/cgo/cgo.go
1784827902|Alan Donovan|A|src/cmd/vet/testdata/cgocall/cgo.go
1784827902|Alan Donovan|D|src/cmd/vet/testdata/composite/composite.go
1784827902|Alan Donovan|A|src/cmd/vet/testdata/composites/composite.go
1784827902|Alan Donovan|D|src/cmd/vet/testdata/copylock/copylock.go
1784827902|Alan Donovan|A|src/cmd/vet/testdata/copylocks/copylock.go
1784827902|Alan Donovan|A|src/cmd/vet/testdata/defers/defers.go
1784827902|Alan Donovan|A|src/cmd/vet/testdata/errorsas/errorsas.go
1784827902|Alan Donovan|A|src/cmd/vet/testdata/framepointer/framepointer.go
1784827902|Alan Donovan|A|src/cmd/vet/testdata/framepointer/framepointer.s
1784827902|Alan Donovan|A|src/cmd/vet/testdata/ifaceassert/ifaceassert.go
1784827902|Alan Donovan|M|src/cmd/vet/testdata/lostcancel/lostcancel.go
1784827902|Alan Donovan|D|src/cmd/vet/testdata/print/print.go
1784827902|Alan Donovan|A|src/cmd/vet/testdata/printf/printf.go
1784827902|Alan Donovan|D|src/cmd/vet/testdata/rangeloop/go.mod
1784827902|Alan Donovan|D|src/cmd/vet/testdata/rangeloop/rangeloop.go
1784827902|Alan Donovan|A|src/cmd/vet/testdata/scannererr/scannererr.go
1784827902|Alan Donovan|A|src/cmd/vet/testdata/sigchanyzer/sigchanyzer.go
1784827902|Alan Donovan|A|src/cmd/vet/testdata/sqlrowserr/sqlrowserr.go
1784827902|Alan Donovan|D|src/cmd/vet/testdata/method/method.go
1784827902|Alan Donovan|A|src/cmd/vet/testdata/stdmethods/method.go
1784827902|Alan Donovan|M|src/cmd/vet/testdata/stdversion/stdversion.go
1784827902|Alan Donovan|A|src/cmd/vet/testdata/stringintconv/stringintconv.go
1784827902|Alan Donovan|A|src/cmd/vet/testdata/testinggoroutine/testinggoroutine.go
1784827902|Alan Donovan|D|src/cmd/vet/testdata/testingpkg/tests.go
1784827902|Alan Donovan|A|src/cmd/vet/testdata/tests/tests.go
1784827902|Alan Donovan|D|src/cmd/vet/testdata/testingpkg/tests_test.go
1784827902|Alan Donovan|A|src/cmd/vet/testdata/tests/tests_test.go
1784827902|Alan Donovan|A|src/cmd/vet/testdata/timeformat/timeformat.go
1784827902|Alan Donovan|A|src/cmd/vet/testdata/unreachable/unreachable.go
1784827902|Alan Donovan|D|src/cmd/vet/testdata/unused/unused.go
1784827902|Alan Donovan|A|src/cmd/vet/testdata/unusedresult/unused.go
1784827902|Alan Donovan|M|src/cmd/vet/vet_test.go
1784819537|ArsenySamoylov|M|src/internal/strconv/itoa.go
1784920495|Jorropo|M|src/cmd/compile/internal/mips/ssa.go
1784920495|Jorropo|M|src/cmd/compile/internal/mips64/ssa.go
1784920495|Jorropo|M|src/cmd/compile/internal/ssa/_gen/MIPS64Ops.go
1784920495|Jorropo|M|src/cmd/compile/internal/ssa/_gen/MIPSOps.go
1784920495|Jorropo|M|src/cmd/compile/internal/ssa/opGen.go
