1722215179|renovate[bot]|M|package.json
1722215179|renovate[bot]|M|pnpm-lock.yaml
1722215200|renovate[bot]|M|packages/compiler-sfc/package.json
1722215200|renovate[bot]|M|pnpm-lock.yaml
1722215452|wzc520pyfm|M|.github/contributing.md
1722215468|renovate[bot]|M|package.json
1722215468|renovate[bot]|M|pnpm-lock.yaml
1722216243|renovate[bot]|M|package.json
1722216243|renovate[bot]|M|packages/sfc-playground/package.json
1722216243|renovate[bot]|M|packages/sfc-playground/src/download/template/package.json
1722216243|renovate[bot]|M|pnpm-lock.yaml
1722216414|renovate[bot]|M|package.json
1722216414|renovate[bot]|M|pnpm-lock.yaml
1722217405|wzc520pyfm|M|packages/sfc-playground/src/Header.vue
1722217405|wzc520pyfm|M|packages/sfc-playground/src/VersionSelect.vue
1722221558|Tycho|M|packages/dts-test/ref.test-d.ts
1722221558|Tycho|M|packages/dts-test/watch.test-d.ts
1722221558|Tycho|M|packages/reactivity/src/ref.ts
1722221558|Tycho|M|packages/runtime-core/src/apiWatch.ts
1722255465|renovate[bot]|M|package.json
1722255465|renovate[bot]|M|pnpm-lock.yaml
1722255482|renovate[bot]|M|package.json
1722255482|renovate[bot]|M|pnpm-lock.yaml
1722259608|Tycho|M|packages/reactivity/src/collectionHandlers.ts
1722260843|skirtle|M|packages/runtime-core/src/componentProps.ts
1722262060|Evan You|M|packages/vue/__tests__/e2e/Transition.spec.ts
1722399291|Evan You|M|packages/runtime-core/src/apiAsyncComponent.ts
1722399291|Evan You|M|packages/runtime-core/src/componentOptions.ts
1722399291|Evan You|M|packages/runtime-core/src/hydration.ts
1722399291|Evan You|A|packages/runtime-core/src/hydrationStrategies.ts
1722399291|Evan You|M|packages/runtime-core/src/index.ts
1722399291|Evan You|M|packages/runtime-core/src/renderer.ts
1722399291|Evan You|M|packages/vue/__tests__/e2e/e2eUtils.ts
1722399291|Evan You|A|packages/vue/__tests__/e2e/hydration-strat-custom.html
1722399291|Evan You|A|packages/vue/__tests__/e2e/hydration-strat-idle.html
1722399291|Evan You|A|packages/vue/__tests__/e2e/hydration-strat-interaction.html
1722399291|Evan You|A|packages/vue/__tests__/e2e/hydration-strat-media.html
1722399291|Evan You|A|packages/vue/__tests__/e2e/hydration-strat-visible.html
1722399291|Evan You|A|packages/vue/__tests__/e2e/hydrationStrategies.spec.ts
1722411999|edison|M|packages/runtime-core/__tests__/hydration.spec.ts
1722411999|edison|M|packages/runtime-core/src/components/Teleport.ts
1722413396|Evan You|M|packages/runtime-core/__tests__/hydration.spec.ts
1722413396|Evan You|M|packages/runtime-core/src/components/Teleport.ts
1722413396|Evan You|M|packages/server-renderer/__tests__/ssrTeleport.spec.ts
1722413396|Evan You|M|packages/server-renderer/src/helpers/ssrRenderTeleport.ts
1722415324|Evan You|M|CHANGELOG.md
1722415324|Evan You|M|package.json
1722415324|Evan You|M|packages/compiler-core/package.json
1722415324|Evan You|M|packages/compiler-dom/package.json
1722415324|Evan You|M|packages/compiler-sfc/package.json
1722415324|Evan You|M|packages/compiler-ssr/package.json
1722415324|Evan You|M|packages/reactivity/package.json
1722415324|Evan You|M|packages/runtime-core/package.json
1722415324|Evan You|M|packages/runtime-dom/package.json
1722415324|Evan You|M|packages/server-renderer/package.json
1722415324|Evan You|M|packages/shared/package.json
1722415324|Evan You|M|packages/vue-compat/package.json
1722415324|Evan You|M|packages/vue/package.json
1722416239|Evan You|M|CHANGELOG.md
1722416239|Evan You|M|package.json
1722416239|Evan You|M|packages/compiler-core/package.json
1722416239|Evan You|M|packages/compiler-dom/package.json
1722416239|Evan You|M|packages/compiler-sfc/package.json
1722416239|Evan You|M|packages/compiler-ssr/package.json
1722416239|Evan You|M|packages/reactivity/package.json
1722416239|Evan You|M|packages/runtime-core/package.json
1722416239|Evan You|M|packages/runtime-dom/package.json
1722416239|Evan You|M|packages/server-renderer/package.json
1722416239|Evan You|M|packages/shared/package.json
1722416239|Evan You|M|packages/vue-compat/package.json
1722416239|Evan You|M|packages/vue/package.json
1722482036|Evan You|M|packages/runtime-core/src/helpers/useTemplateRef.ts
1722568263|Evan You|M|packages/dts-test/inject.test-d.ts
1722568263|Evan You|M|packages/runtime-core/src/apiInject.ts
1722569887|远方os|M|packages/runtime-core/__tests__/apiWatch.spec.ts
1722569887|远方os|M|packages/runtime-core/src/apiWatch.ts
1722570323|David Matter|M|packages/dts-test/setupHelpers.test-d.ts
1722573802|Damian Głowala|M|packages/runtime-core/src/apiWatch.ts
1722573802|Damian Głowala|M|packages/runtime-core/src/index.ts
1722573972|Haoqun Jiang|M|package.json
1722573972|Haoqun Jiang|M|packages/runtime-core/src/compat/global.ts
1722573972|Haoqun Jiang|M|packages/runtime-dom/package.json
1722573972|Haoqun Jiang|M|packages/runtime-dom/src/index.ts
1722573972|Haoqun Jiang|M|packages/runtime-dom/src/nodeOps.ts
1722573972|Haoqun Jiang|A|packages/vue/__tests__/e2e/trusted-types.html
1722573972|Haoqun Jiang|A|packages/vue/__tests__/e2e/trusted-types.spec.ts
1722573972|Haoqun Jiang|M|pnpm-lock.yaml
1722575938|Tycho|M|packages/runtime-core/__tests__/helpers/useTemplateRef.spec.ts
1722575938|Tycho|M|packages/runtime-core/src/helpers/useTemplateRef.ts
1722580887|远方os|M|packages/reactivity/__tests__/effect.spec.ts
1722580887|远方os|M|packages/reactivity/__tests__/effectScope.spec.ts
1722580887|远方os|M|packages/reactivity/src/effect.ts
1722580887|远方os|M|packages/reactivity/src/effectScope.ts
1722580887|远方os|M|packages/runtime-core/__tests__/apiWatch.spec.ts
1722580887|远方os|M|packages/runtime-core/src/apiWatch.ts
1722580887|远方os|M|packages/runtime-core/src/index.ts
1722662062|Evan You|M|packages/runtime-core/src/helpers/renderSlot.ts
1722662062|Evan You|M|packages/runtime-dom/__tests__/customElement.spec.ts
1722662062|Evan You|M|packages/runtime-dom/src/apiCustomElement.ts
1722663657|Evan You|M|packages/runtime-dom/src/apiCustomElement.ts
1722664018|Evan You|M|packages/runtime-dom/__tests__/customElement.spec.ts
1722664018|Evan You|M|packages/runtime-dom/src/apiCustomElement.ts
1722665959|Evan You|M|packages/runtime-core/src/component.ts
1722665959|Evan You|M|packages/runtime-dom/__tests__/customElement.spec.ts
1722665959|Evan You|M|packages/runtime-dom/src/apiCustomElement.ts
1722665959|Evan You|M|packages/runtime-dom/src/index.ts
1722667701|郝晨光|M|packages/runtime-dom/__tests__/customElement.spec.ts
1722667701|郝晨光|M|packages/runtime-dom/src/apiCustomElement.ts
1722738339|Evan You|M|package.json
1722738339|Evan You|M|pnpm-lock.yaml
1722825617|Tycho|M|packages/dts-test/ref.test-d.ts
1722825617|Tycho|M|packages/reactivity/src/ref.ts
1722825733|Sunny Fu|M|packages/runtime-test/__tests__/testRuntime.spec.ts
1722826243|Tycho|M|packages/dts-test/defineComponent.test-d.tsx
1722826243|Tycho|M|packages/runtime-core/src/apiDefineComponent.ts
1722826243|Tycho|M|packages/runtime-core/src/componentPublicInstance.ts
1722826316|远方os|M|packages/dts-test/ref.test-d.ts
1722826316|远方os|M|packages/reactivity/src/computed.ts
1722826401|btea|M|packages/runtime-core/__tests__/componentSlots.spec.ts
1722826784|Tycho|M|packages/dts-test/setupHelpers.test-d.ts
1722826784|Tycho|M|packages/runtime-core/src/apiSetupHelpers.ts
1722827676|Andy Li|M|packages/dts-test/defineCustomElement.test-d.ts
1722827676|Andy Li|M|packages/runtime-dom/src/apiCustomElement.ts
1722834513|renovate[bot]|M|package.json
1722834513|renovate[bot]|M|pnpm-lock.yaml
1722836811|Evan You|M|packages/compiler-core/__tests__/transforms/__snapshots__/transformExpressions.spec.ts.snap
1722836811|Evan You|M|packages/compiler-core/__tests__/transforms/transformExpressions.spec.ts
1722836811|Evan You|M|packages/compiler-core/src/babelUtils.ts
1722837981|renovate[bot]|M|package.json
1722837981|renovate[bot]|M|pnpm-lock.yaml
1722838017|renovate[bot]|M|package.json
1722838017|renovate[bot]|M|pnpm-lock.yaml
1722838050|Evan You|M|packages/compiler-core/__tests__/transforms/__snapshots__/transformExpressions.spec.ts.snap
1722838050|Evan You|M|packages/compiler-core/__tests__/transforms/transformExpressions.spec.ts
1722838050|Evan You|M|packages/compiler-core/src/babelUtils.ts
1722838492|Evan You|M|packages/compiler-core/package.json
1722838492|Evan You|M|packages/compiler-core/src/parser.ts
1722838492|Evan You|M|packages/compiler-core/src/tokenizer.ts
1722838492|Evan You|M|pnpm-lock.yaml
1722838492|Evan You|M|rollup.config.js
1722840239|renovate[bot]|M|package.json
1722840239|renovate[bot]|M|pnpm-lock.yaml
1722840339|renovate[bot]|M|package.json
1722840339|renovate[bot]|M|pnpm-lock.yaml
1722840352|renovate[bot]|M|package.json
1722840352|renovate[bot]|M|pnpm-lock.yaml
1722840502|Evan You|M|packages/compiler-sfc/package.json
1722840502|Evan You|M|pnpm-lock.yaml
1722840544|renovate[bot]|M|package.json
1722840544|renovate[bot]|M|packages/sfc-playground/package.json
1722840544|renovate[bot]|M|packages/sfc-playground/src/download/template/package.json
1722840544|renovate[bot]|M|pnpm-lock.yaml
1722840567|renovate[bot]|M|package.json
1722840567|renovate[bot]|M|pnpm-lock.yaml
1722846785|Evan You|M|packages/runtime-dom/src/apiCustomElement.ts
1722846828|Evan You|M|packages/runtime-core/src/component.ts
1722846828|Evan You|M|packages/runtime-core/src/helpers/renderSlot.ts
1722846828|Evan You|M|packages/runtime-dom/src/apiCustomElement.ts
1722862168|Evan You|M|packages/runtime-core/src/component.ts
1722862168|Evan You|M|packages/runtime-core/src/hmr.ts
1722862168|Evan You|M|packages/runtime-core/src/index.ts
1722862168|Evan You|M|packages/runtime-core/src/renderer.ts
1722862168|Evan You|M|packages/runtime-dom/__tests__/customElement.spec.ts
1722862168|Evan You|M|packages/runtime-dom/src/apiCustomElement.ts
1722926071|David Matter|M|scripts/utils.js
1722929848|Evan You|M|packages/runtime-dom/__tests__/customElement.spec.ts
1722929848|Evan You|M|packages/runtime-dom/src/apiCustomElement.ts
1722929848|Evan You|M|packages/runtime-dom/src/index.ts
1722930103|Evan You|M|packages/runtime-dom/__tests__/customElement.spec.ts
1722930103|Evan You|M|packages/runtime-dom/src/apiCustomElement.ts
1722931097|Evan You|M|packages/runtime-core/__tests__/hydration.spec.ts
1722931097|Evan You|M|packages/runtime-core/src/hydration.ts
1722939287|Evan You|M|packages/compiler-ssr/__tests__/ssrElement.spec.ts
1722939287|Evan You|M|packages/compiler-ssr/src/transforms/ssrTransformElement.ts
1722939640|edison|M|packages/runtime-core/src/component.ts
1722939640|edison|M|packages/runtime-core/src/hmr.ts
1722939640|edison|M|packages/runtime-dom/src/apiCustomElement.ts
1722939913|edison|M|packages/compiler-ssr/__tests__/ssrTransitionGroup.spec.ts
1722939913|edison|M|packages/compiler-ssr/src/transforms/ssrTransformTransitionGroup.ts
1722948156|Haoqun Jiang|A|.github/workflows/publish.yml
1722948156|Haoqun Jiang|M|scripts/release.js
1722948466|Evan You|M|.github/workflows/size-data.yml
1722948466|Evan You|M|.github/workflows/size-report.yml
1722948926|Evan You|D|.github/workflows/release-tag.yml
1722948926|Evan You|A|.github/workflows/release-gh.yml
1722948926|Evan You|D|.github/workflows/publish.yml
1722948926|Evan You|A|.github/workflows/release.yml
1722949674|Evan You|M|scripts/release.js
1722950058|Evan You|M|scripts/release.js
1722950955|Evan You|M|.github/workflows/release.yml
1722952805|vue-bot|M|CHANGELOG.md
1722952805|vue-bot|M|package.json
1722952805|vue-bot|M|packages/compiler-core/package.json
1722952805|vue-bot|M|packages/compiler-dom/package.json
1722952805|vue-bot|M|packages/compiler-sfc/package.json
1722952805|vue-bot|M|packages/compiler-ssr/package.json
1722952805|vue-bot|M|packages/reactivity/package.json
1722952805|vue-bot|M|packages/runtime-core/package.json
1722952805|vue-bot|M|packages/runtime-dom/package.json
1722952805|vue-bot|M|packages/server-renderer/package.json
1722952805|vue-bot|M|packages/shared/package.json
1722952805|vue-bot|M|packages/vue-compat/package.json
1722952805|vue-bot|M|packages/vue/package.json
1722953612|Evan You|M|CHANGELOG.md
1722954259|Evan You|M|.github/workflows/release.yml
1722954480|Evan You|M|CHANGELOG.md
1722956272|Evan You|M|.github/workflows/release.yml
1722958437|白雾三语|M|packages/runtime-dom/__tests__/helpers/useCssVars.spec.ts
1722958437|白雾三语|M|packages/runtime-dom/src/helpers/useCssVars.ts
1722968334|Evan You|M|packages/runtime-dom/__tests__/customElement.spec.ts
1722968334|Evan You|M|packages/runtime-dom/src/apiCustomElement.ts
1722969200|Evan You|M|packages/runtime-core/src/component.ts
1722969200|Evan You|M|packages/runtime-core/src/hmr.ts
1722969200|Evan You|M|packages/runtime-core/src/renderer.ts
1722969200|Evan You|M|packages/runtime-dom/src/apiCustomElement.ts
1722970289|Evan You|M|packages/runtime-core/src/component.ts
1722970289|Evan You|M|packages/runtime-core/src/componentProps.ts
1722970289|Evan You|M|packages/runtime-dom/__tests__/customElement.spec.ts
1722970289|Evan You|M|packages/runtime-dom/src/apiCustomElement.ts
1722999438|Kevin Deng 三咲智子|M|.github/commit-convention.md
1722999438|Kevin Deng 三咲智子|M|.github/contributing.md
1722999438|Kevin Deng 三咲智子|M|.github/maintenance.md
1722999438|Kevin Deng 三咲智子|M|.prettierignore
1722999438|Kevin Deng 三咲智子|M|SECURITY.md
1722999438|Kevin Deng 三咲智子|M|packages/compiler-dom/README.md
1722999438|Kevin Deng 三咲智子|M|packages/compiler-ssr/README.md
1722999438|Kevin Deng 三咲智子|M|packages/runtime-core/README.md
1722999438|Kevin Deng 三咲智子|M|packages/runtime-dom/README.md
1722999438|Kevin Deng 三咲智子|M|packages/runtime-test/README.md
1722999438|Kevin Deng 三咲智子|M|packages/server-renderer/README.md
1722999438|Kevin Deng 三咲智子|M|packages/sfc-playground/index.html
1722999438|Kevin Deng 三咲智子|M|packages/sfc-playground/src/download/template/index.html
1722999438|Kevin Deng 三咲智子|M|packages/template-explorer/index.html
1722999438|Kevin Deng 三咲智子|M|packages/template-explorer/local.html
1722999438|Kevin Deng 三咲智子|M|packages/vue-compat/README.md
1722999438|Kevin Deng 三咲智子|M|packages/vue/README.md
1722999438|Kevin Deng 三咲智子|M|packages/vue/__tests__/e2e/transition.html
1722999438|Kevin Deng 三咲智子|M|packages/vue/examples/classic/commits.html
1722999438|Kevin Deng 三咲智子|M|packages/vue/examples/classic/grid.html
1722999438|Kevin Deng 三咲智子|M|packages/vue/examples/classic/markdown.html
1722999438|Kevin Deng 三咲智子|M|packages/vue/examples/classic/svg.html
1722999438|Kevin Deng 三咲智子|M|packages/vue/examples/classic/todomvc.html
1722999438|Kevin Deng 三咲智子|M|packages/vue/examples/classic/tree.html
1722999438|Kevin Deng 三咲智子|M|packages/vue/examples/composition/commits.html
1722999438|Kevin Deng 三咲智子|M|packages/vue/examples/composition/grid.html
1722999438|Kevin Deng 三咲智子|M|packages/vue/examples/composition/markdown.html
1722999438|Kevin Deng 三咲智子|M|packages/vue/examples/composition/svg.html
1722999438|Kevin Deng 三咲智子|M|packages/vue/examples/composition/todomvc.html
1722999438|Kevin Deng 三咲智子|M|packages/vue/examples/composition/tree.html
1722999438|Kevin Deng 三咲智子|M|packages/vue/examples/transition/list.html
1722999438|Kevin Deng 三咲智子|M|packages/vue/examples/transition/modal.html
1722999459|sq800|M|packages/reactivity/src/baseHandlers.ts
1723000804|Tycho|M|packages/dts-test/ref.test-d.ts
1723000804|Tycho|M|packages/reactivity/src/ref.ts
1723001057|edison|M|packages/runtime-core/__tests__/components/Suspense.spec.ts
1723001057|edison|M|packages/runtime-core/src/components/KeepAlive.ts
1723001381|skirtle|M|packages/runtime-core/__tests__/componentEmits.spec.ts
1723001381|skirtle|M|packages/runtime-core/src/componentEmits.ts
1723002704|linzhe|M|packages/runtime-dom/src/helpers/useCssVars.ts
1723002960|Yuyao Nie|M|packages/runtime-core/src/helpers/renderSlot.ts
1723002960|Yuyao Nie|M|packages/runtime-core/src/index.ts
1723002960|Yuyao Nie|M|packages/server-renderer/__tests__/ssrSlot.spec.ts
1723002960|Yuyao Nie|M|packages/server-renderer/src/helpers/ssrRenderSlot.ts
1723003124|かっこかり|M|packages/runtime-core/__tests__/components/Suspense.spec.ts
1723003124|かっこかり|M|packages/runtime-core/src/components/KeepAlive.ts
1723003358|edison|M|packages/runtime-core/__tests__/apiCreateApp.spec.ts
1723003358|edison|M|packages/runtime-core/src/apiInject.ts
1723003575|Michael Brevard|M|packages/runtime-core/src/hydrationStrategies.ts
1723003575|Michael Brevard|M|packages/vue/__tests__/e2e/hydration-strat-visible.html
1723018067|Evan You|M|packages/runtime-core/src/apiCreateApp.ts
1723018067|Evan You|M|packages/runtime-dom/__tests__/customElement.spec.ts
1723018067|Evan You|M|packages/runtime-dom/src/apiCustomElement.ts
1723018067|Evan You|M|packages/runtime-dom/src/index.ts
1723021335|Alex Liu|M|packages/runtime-core/src/directives.ts
1723022496|Evan You|M|packages/runtime-dom/src/apiCustomElement.ts
1723023809|Evan You|M|packages/runtime-core/src/renderer.ts
1723023809|Evan You|M|packages/runtime-dom/__tests__/customElement.spec.ts
1723025499|Evan You|M|packages/dts-test/ref.test-d.ts
1723025499|Evan You|M|packages/reactivity/src/ref.ts
1723025527|Evan You|M|packages/dts-test/ref.test-d.ts
1723025527|Evan You|M|packages/dts-test/watch.test-d.ts
1723025527|Evan You|M|packages/reactivity/src/ref.ts
1723025527|Evan You|M|packages/runtime-core/src/apiWatch.ts
1723031887|三咲智子 Kevin Deng|M|packages/vue/__tests__/e2e/hydration-strat-custom.html
1723031887|三咲智子 Kevin Deng|M|packages/vue/__tests__/e2e/hydration-strat-idle.html
1723031887|三咲智子 Kevin Deng|M|packages/vue/__tests__/e2e/hydration-strat-interaction.html
1723031887|三咲智子 Kevin Deng|M|packages/vue/__tests__/e2e/hydration-strat-media.html
1723031887|三咲智子 Kevin Deng|M|packages/vue/__tests__/e2e/hydration-strat-visible.html
1723031887|三咲智子 Kevin Deng|M|packages/vue/__tests__/e2e/trusted-types.html
1723037396|Cédric Exbrayat|M|packages/runtime-dom/__tests__/customElement.spec.ts
1723039801|LiuSeen|M|packages/runtime-core/__tests__/helpers/useModel.spec.ts
1723039801|LiuSeen|M|packages/runtime-core/src/helpers/useModel.ts
1723040668|Alex|M|packages/reactivity/__tests__/ref.spec.ts
1723040668|Alex|M|packages/reactivity/src/ref.ts
1723041091|Evan You|M|.github/workflows/release.yml
1723091700|Evan You|M|packages/runtime-dom/__tests__/customElement.spec.ts
1723091700|Evan You|M|packages/runtime-dom/src/apiCustomElement.ts
1723091700|Evan You|M|packages/runtime-dom/src/index.ts
1723092040|Evan You|M|packages/runtime-core/src/componentPublicInstance.ts
1723099327|Evan You|M|packages/runtime-dom/__tests__/customElement.spec.ts
1723103827|Evan You|M|packages/runtime-dom/__tests__/patchProps.spec.ts
1723105608|Evan You|M|packages/runtime-dom/__tests__/customElement.spec.ts
1723105608|Evan You|M|packages/runtime-dom/src/apiCustomElement.ts
1723105608|Evan You|M|packages/runtime-dom/src/patchProp.ts
1723106956|Evan You|M|packages/sfc-playground/src/App.vue
1723108404|山吹色御守|M|packages/compiler-core/src/transforms/transformElement.ts
1723111592|Evan You|M|.github/workflows/size-data.yml
1723111592|Evan You|M|.github/workflows/size-report.yml
1723113474|Evan You|M|packages/runtime-dom/__tests__/customElement.spec.ts
1723113474|Evan You|M|packages/runtime-dom/src/apiCustomElement.ts
1723121075|Evan You|M|.github/workflows/canary-minor.yml
1723121075|Evan You|M|.github/workflows/canary.yml
1723121075|Evan You|D|.github/workflows/release-gh.yml
1723121075|Evan You|M|.github/workflows/release.yml
1723121075|Evan You|M|scripts/release.js
1723122477|LiuSeen|M|packages/sfc-playground/src/VersionSelect.vue
1723122477|LiuSeen|A|packages/sfc-playground/src/icons/Copy.vue
1723122538|disservin|M|packages/compiler-sfc/__tests__/parse.spec.ts
1723124563|Evan You|M|scripts/release.js
1723127456|Evan You|M|.github/workflows/ci.yml
1723127456|Evan You|M|.github/workflows/release.yml
1723127456|Evan You|A|.github/workflows/test.yml
1723127770|Evan You|M|CHANGELOG.md
1723127770|Evan You|M|package.json
1723127770|Evan You|M|packages/compiler-core/package.json
1723127770|Evan You|M|packages/compiler-dom/package.json
1723127770|Evan You|M|packages/compiler-sfc/package.json
1723127770|Evan You|M|packages/compiler-ssr/package.json
1723127770|Evan You|M|packages/reactivity/package.json
1723127770|Evan You|M|packages/runtime-core/package.json
1723127770|Evan You|M|packages/runtime-dom/package.json
1723127770|Evan You|M|packages/server-renderer/package.json
1723127770|Evan You|M|packages/shared/package.json
1723127770|Evan You|M|packages/vue-compat/package.json
1723127770|Evan You|M|packages/vue/package.json
1723129521|Kevin Deng 三咲智子|M|packages/compiler-core/src/ast.ts
1723129521|Kevin Deng 三咲智子|M|packages/compiler-core/src/babelUtils.ts
1723129521|Kevin Deng 三咲智子|M|packages/compiler-core/src/compat/compatConfig.ts
1723129521|Kevin Deng 三咲智子|M|packages/compiler-core/src/errors.ts
1723129521|Kevin Deng 三咲智子|M|packages/compiler-core/src/runtimeHelpers.ts
1723129521|Kevin Deng 三咲智子|M|packages/compiler-core/src/tokenizer.ts
1723129521|Kevin Deng 三咲智子|M|packages/compiler-core/src/transform.ts
1723129521|Kevin Deng 三咲智子|M|packages/compiler-core/src/transforms/cacheStatic.ts
1723129521|Kevin Deng 三咲智子|M|packages/compiler-core/src/transforms/transformElement.ts
1723129521|Kevin Deng 三咲智子|M|packages/compiler-core/src/transforms/vBind.ts
1723129521|Kevin Deng 三咲智子|M|packages/compiler-core/src/transforms/vFor.ts
1723129521|Kevin Deng 三咲智子|M|packages/compiler-core/src/transforms/vIf.ts
1723129521|Kevin Deng 三咲智子|M|packages/compiler-core/src/utils.ts
1723129521|Kevin Deng 三咲智子|M|packages/compiler-core/src/validateExpression.ts
1723129521|Kevin Deng 三咲智子|M|packages/compiler-dom/src/runtimeHelpers.ts
1723129521|Kevin Deng 三咲智子|M|packages/compiler-sfc/src/index.ts
1723129521|Kevin Deng 三咲智子|M|packages/compiler-sfc/src/parse.ts
1723129521|Kevin Deng 三咲智子|M|packages/compiler-sfc/src/script/context.ts
1723129521|Kevin Deng 三咲智子|M|packages/compiler-sfc/src/script/defineProps.ts
1723129521|Kevin Deng 三咲智子|M|packages/compiler-sfc/src/script/definePropsDestructure.ts
1723129521|Kevin Deng 三咲智子|M|packages/compiler-sfc/src/script/normalScript.ts
1723129521|Kevin Deng 三咲智子|M|packages/compiler-sfc/src/script/resolveType.ts
1723129521|Kevin Deng 三咲智子|M|packages/compiler-sfc/src/script/topLevelAwait.ts
1723129521|Kevin Deng 三咲智子|M|packages/compiler-sfc/src/script/utils.ts
1723129521|Kevin Deng 三咲智子|M|packages/compiler-sfc/src/warn.ts
1723129521|Kevin Deng 三咲智子|M|packages/compiler-ssr/src/runtimeHelpers.ts
1723129521|Kevin Deng 三咲智子|M|packages/compiler-ssr/src/ssrCodegenTransform.ts
1723129521|Kevin Deng 三咲智子|M|packages/compiler-ssr/src/transforms/ssrTransformComponent.ts
1723129521|Kevin Deng 三咲智子|M|packages/compiler-ssr/src/transforms/ssrTransformElement.ts
1723129521|Kevin Deng 三咲智子|M|packages/compiler-ssr/src/transforms/ssrTransformSlotOutlet.ts
1723129521|Kevin Deng 三咲智子|M|packages/compiler-ssr/src/transforms/ssrTransformSuspense.ts
1723129521|Kevin Deng 三咲智子|M|packages/compiler-ssr/src/transforms/ssrTransformTeleport.ts
1723129521|Kevin Deng 三咲智子|M|packages/compiler-ssr/src/transforms/ssrTransformTransition.ts
1723129521|Kevin Deng 三咲智子|M|packages/compiler-ssr/src/transforms/ssrTransformTransitionGroup.ts
1723129521|Kevin Deng 三咲智子|M|packages/compiler-ssr/src/transforms/ssrVFor.ts
1723129521|Kevin Deng 三咲智子|M|packages/compiler-ssr/src/transforms/ssrVIf.ts
1723129521|Kevin Deng 三咲智子|M|packages/reactivity/src/baseHandlers.ts
1723129521|Kevin Deng 三咲智子|M|packages/reactivity/src/computed.ts
1723129521|Kevin Deng 三咲智子|M|packages/reactivity/src/dep.ts
1723129521|Kevin Deng 三咲智子|M|packages/reactivity/src/effect.ts
1723129521|Kevin Deng 三咲智子|M|packages/reactivity/src/effectScope.ts
1723129521|Kevin Deng 三咲智子|M|packages/reactivity/src/reactive.ts
1723129521|Kevin Deng 三咲智子|M|packages/reactivity/src/ref.ts
1723129521|Kevin Deng 三咲智子|M|packages/reactivity/src/warning.ts
1723129521|Kevin Deng 三咲智子|M|packages/runtime-core/src/apiInject.ts
1723129521|Kevin Deng 三咲智子|M|packages/runtime-core/src/apiLifecycle.ts
1723129521|Kevin Deng 三咲智子|M|packages/runtime-core/src/apiSetupHelpers.ts
1723129521|Kevin Deng 三咲智子|M|packages/runtime-core/src/apiWatch.ts
1723129521|Kevin Deng 三咲智子|M|packages/runtime-core/src/compat/compatConfig.ts
1723129521|Kevin Deng 三咲智子|M|packages/runtime-core/src/compat/componentAsync.ts
1723129521|Kevin Deng 三咲智子|M|packages/runtime-core/src/compat/componentFunctional.ts
1723129521|Kevin Deng 三咲智子|M|packages/runtime-core/src/compat/componentVModel.ts
1723129521|Kevin Deng 三咲智子|M|packages/runtime-core/src/compat/data.ts
1723129521|Kevin Deng 三咲智子|M|packages/runtime-core/src/compat/global.ts
1723129521|Kevin Deng 三咲智子|M|packages/runtime-core/src/compat/globalConfig.ts
1723129521|Kevin Deng 三咲智子|M|packages/runtime-core/src/compat/instance.ts
1723129521|Kevin Deng 三咲智子|M|packages/runtime-core/src/compat/instanceEventEmitter.ts
1723129521|Kevin Deng 三咲智子|M|packages/runtime-core/src/compat/instanceListeners.ts
1723129521|Kevin Deng 三咲智子|M|packages/runtime-core/src/compat/props.ts
1723129521|Kevin Deng 三咲智子|M|packages/runtime-core/src/compat/renderFn.ts
1723129521|Kevin Deng 三咲智子|M|packages/runtime-core/src/compat/renderHelpers.ts
1723129521|Kevin Deng 三咲智子|M|packages/runtime-core/src/component.ts
1723129521|Kevin Deng 三咲智子|M|packages/runtime-core/src/componentEmits.ts
1723129521|Kevin Deng 三咲智子|M|packages/runtime-core/src/componentOptions.ts
1723129521|Kevin Deng 三咲智子|M|packages/runtime-core/src/componentProps.ts
1723129521|Kevin Deng 三咲智子|M|packages/runtime-core/src/componentPublicInstance.ts
1723129521|Kevin Deng 三咲智子|M|packages/runtime-core/src/componentRenderContext.ts
1723129521|Kevin Deng 三咲智子|M|packages/runtime-core/src/componentRenderUtils.ts
1723129521|Kevin Deng 三咲智子|M|packages/runtime-core/src/componentSlots.ts
1723129521|Kevin Deng 三咲智子|M|packages/runtime-core/src/components/BaseTransition.ts
1723129521|Kevin Deng 三咲智子|M|packages/runtime-core/src/components/KeepAlive.ts
1723129521|Kevin Deng 三咲智子|M|packages/runtime-core/src/components/Suspense.ts
1723129521|Kevin Deng 三咲智子|M|packages/runtime-core/src/components/Teleport.ts
1723129521|Kevin Deng 三咲智子|M|packages/runtime-core/src/customFormatter.ts
1723129521|Kevin Deng 三咲智子|M|packages/runtime-core/src/devtools.ts
1723129521|Kevin Deng 三咲智子|M|packages/runtime-core/src/directives.ts
1723129521|Kevin Deng 三咲智子|M|packages/runtime-core/src/errorHandling.ts
1723129521|Kevin Deng 三咲智子|M|packages/runtime-core/src/featureFlags.ts
1723129521|Kevin Deng 三咲智子|M|packages/runtime-core/src/helpers/renderSlot.ts
1723129521|Kevin Deng 三咲智子|M|packages/runtime-core/src/helpers/resolveAssets.ts
1723129521|Kevin Deng 三咲智子|M|packages/runtime-core/src/helpers/useId.ts
1723129521|Kevin Deng 三咲智子|M|packages/runtime-core/src/helpers/useSsrContext.ts
1723129521|Kevin Deng 三咲智子|M|packages/runtime-core/src/helpers/withMemo.ts
1723129521|Kevin Deng 三咲智子|M|packages/runtime-core/src/hmr.ts
1723129521|Kevin Deng 三咲智子|M|packages/runtime-core/src/hydration.ts
1723129521|Kevin Deng 三咲智子|M|packages/runtime-core/src/hydrationStrategies.ts
1723129521|Kevin Deng 三咲智子|M|packages/runtime-core/src/index.ts
1723129521|Kevin Deng 三咲智子|M|packages/runtime-core/src/internalObject.ts
1723129521|Kevin Deng 三咲智子|M|packages/runtime-core/src/profiling.ts
1723129521|Kevin Deng 三咲智子|M|packages/runtime-core/src/renderer.ts
1723129521|Kevin Deng 三咲智子|M|packages/runtime-core/src/rendererTemplateRef.ts
1723129521|Kevin Deng 三咲智子|M|packages/runtime-core/src/scheduler.ts
1723129521|Kevin Deng 三咲智子|M|packages/runtime-core/src/vnode.ts
1723129521|Kevin Deng 三咲智子|M|packages/runtime-core/src/warning.ts
1723129521|Kevin Deng 三咲智子|M|packages/runtime-dom/src/apiCustomElement.ts
1723129521|Kevin Deng 三咲智子|M|packages/runtime-dom/src/components/Transition.ts
1723129521|Kevin Deng 三咲智子|M|packages/runtime-dom/src/directives/vModel.ts
1723129521|Kevin Deng 三咲智子|M|packages/runtime-dom/src/directives/vOn.ts
1723129521|Kevin Deng 三咲智子|M|packages/runtime-dom/src/directives/vShow.ts
1723129521|Kevin Deng 三咲智子|M|packages/runtime-dom/src/helpers/useCssVars.ts
1723129521|Kevin Deng 三咲智子|M|packages/runtime-dom/src/modules/attrs.ts
1723129521|Kevin Deng 三咲智子|M|packages/runtime-dom/src/modules/class.ts
1723129521|Kevin Deng 三咲智子|M|packages/runtime-dom/src/modules/events.ts
1723129521|Kevin Deng 三咲智子|M|packages/runtime-dom/src/modules/props.ts
1723129521|Kevin Deng 三咲智子|M|packages/runtime-dom/src/modules/style.ts
1723129521|Kevin Deng 三咲智子|M|packages/server-renderer/src/helpers/ssrRenderList.ts
1723129521|Kevin Deng 三咲智子|M|packages/server-renderer/src/helpers/ssrRenderSlot.ts
1723129521|Kevin Deng 三咲智子|M|packages/server-renderer/src/helpers/ssrRenderSuspense.ts
1723129521|Kevin Deng 三咲智子|M|packages/server-renderer/src/helpers/ssrRenderTeleport.ts
1723129521|Kevin Deng 三咲智子|M|packages/server-renderer/src/helpers/ssrVModelHelpers.ts
1723129521|Kevin Deng 三咲智子|M|packages/server-renderer/src/render.ts
1723129521|Kevin Deng 三咲智子|M|packages/server-renderer/src/renderToStream.ts
1723129521|Kevin Deng 三咲智子|M|packages/server-renderer/src/renderToString.ts
1723129521|Kevin Deng 三咲智子|M|packages/shared/src/codeframe.ts
1723129521|Kevin Deng 三咲智子|M|packages/shared/src/domAttrConfig.ts
1723129521|Kevin Deng 三咲智子|M|packages/shared/src/domTagConfig.ts
1723129521|Kevin Deng 三咲智子|M|packages/shared/src/escapeHtml.ts
1723129521|Kevin Deng 三咲智子|M|packages/shared/src/general.ts
1723129521|Kevin Deng 三咲智子|M|packages/shared/src/globalsAllowList.ts
1723129521|Kevin Deng 三咲智子|M|packages/shared/src/normalizeProp.ts
1723129521|Kevin Deng 三咲智子|M|packages/shared/src/slotFlags.ts
1723129521|Kevin Deng 三咲智子|M|packages/vue-compat/src/createCompatVue.ts
1723129521|Kevin Deng 三咲智子|M|packages/vue-compat/src/dev.ts
1723129521|Kevin Deng 三咲智子|M|packages/vue-compat/src/esm-index.ts
1723129521|Kevin Deng 三咲智子|M|packages/vue-compat/src/esm-runtime.ts
1723129521|Kevin Deng 三咲智子|M|packages/vue-compat/src/index.ts
1723129521|Kevin Deng 三咲智子|M|packages/vue-compat/src/runtime.ts
1723129521|Kevin Deng 三咲智子|M|packages/vue/src/dev.ts
1723129521|Kevin Deng 三咲智子|M|packages/vue/src/runtime.ts
1723129521|Kevin Deng 三咲智子|M|tsconfig.build-browser.json
1723129521|Kevin Deng 三咲智子|M|tsconfig.build-node.json
1723129521|Kevin Deng 三咲智子|M|tsconfig.json
1723129855|Evan You|M|pnpm-lock.yaml
1723129855|Evan You|M|pnpm-workspace.yaml
1723130879|Evan You|M|CHANGELOG.md
1723130879|Evan You|A|changelogs/CHANGELOG-3.4.md
1723131106|Evan You|M|CHANGELOG.md
1723131106|Evan You|M|package.json
1723131106|Evan You|M|packages/compiler-core/package.json
1723131106|Evan You|M|packages/compiler-dom/package.json
1723131106|Evan You|M|packages/compiler-sfc/package.json
1723131106|Evan You|M|packages/compiler-ssr/package.json
1723131106|Evan You|M|packages/reactivity/package.json
1723131106|Evan You|M|packages/runtime-core/package.json
1723131106|Evan You|M|packages/runtime-dom/package.json
1723131106|Evan You|M|packages/server-renderer/package.json
1723131106|Evan You|M|packages/shared/package.json
1723131106|Evan You|M|packages/vue-compat/package.json
1723131106|Evan You|M|packages/vue/package.json
1723208907|Evan You|M|.github/workflows/size-data.yml
1723208907|Evan You|M|.github/workflows/size-report.yml
1723216291|Evan You|M|package.json
1723216291|Evan You|M|pnpm-lock.yaml
1723216291|Evan You|M|vitest.config.ts
1723276478|edison|M|packages/reactivity/__tests__/reactiveArray.spec.ts
1723276478|edison|M|packages/reactivity/src/arrayInstrumentations.ts
1723279160|Evan You|M|packages/runtime-core/src/hydration.ts
1723279160|Evan You|M|packages/runtime-dom/src/apiCustomElement.ts
1723279160|Evan You|M|packages/vue/__tests__/e2e/e2eUtils.ts
1723279160|Evan You|A|packages/vue/__tests__/e2e/ssr-custom-element.html
1723279160|Evan You|A|packages/vue/__tests__/e2e/ssr-custom-element.spec.ts
1723384088|Evan You|M|scripts/usage-size.ts
1723415729|Evan You|A|.github/workflows/publish-commit.yml
1723416344|Evan You|M|scripts/release.js
1723417506|Evan You|M|.github/workflows/publish-commit.yml
1723417506|Evan You|M|scripts/release.js
1723418142|Evan You|M|scripts/release.js
1723420923|Evan You|M|.github/contributing.md
1723420923|Evan You|M|.github/renovate.json5
1723420923|Evan You|M|eslint.config.js
1723420923|Evan You|M|package.json
1723420923|Evan You|D|packages/dts-built-test/README.md
1723420923|Evan You|A|packages-private/dts-built-test/README.md
1723420923|Evan You|D|packages/dts-built-test/package.json
1723420923|Evan You|A|packages-private/dts-built-test/package.json
1723420923|Evan You|D|packages/dts-built-test/src/index.ts
1723420923|Evan You|A|packages-private/dts-built-test/src/index.ts
1723420923|Evan You|D|packages/dts-built-test/tsconfig.json
1723420923|Evan You|A|packages-private/dts-built-test/tsconfig.json
1723420923|Evan You|D|packages/dts-test/README.md
1723420923|Evan You|A|packages-private/dts-test/README.md
1723420923|Evan You|D|packages/dts-test/appDirective.test-d.ts
1723420923|Evan You|A|packages-private/dts-test/appDirective.test-d.ts
1723420923|Evan You|D|packages/dts-test/appUse.test-d.ts
1723420923|Evan You|A|packages-private/dts-test/appUse.test-d.ts
1723420923|Evan You|D|packages/dts-test/built.test-d.ts
1723420923|Evan You|A|packages-private/dts-test/built.test-d.ts
1723420923|Evan You|D|packages/dts-test/compiler.test-d.ts
1723420923|Evan You|A|packages-private/dts-test/compiler.test-d.ts
1723420923|Evan You|D|packages/dts-test/component.test-d.ts
1723420923|Evan You|A|packages-private/dts-test/component.test-d.ts
1723420923|Evan You|D|packages/dts-test/componentInstance.test-d.tsx
1723420923|Evan You|A|packages-private/dts-test/componentInstance.test-d.tsx
1723420923|Evan You|D|packages/dts-test/componentTypeExtensions.test-d.tsx
1723420923|Evan You|A|packages-private/dts-test/componentTypeExtensions.test-d.tsx
1723420923|Evan You|D|packages/dts-test/defineComponent.test-d.tsx
1723420923|Evan You|A|packages-private/dts-test/defineComponent.test-d.tsx
1723420923|Evan You|D|packages/dts-test/defineCustomElement.test-d.ts
1723420923|Evan You|A|packages-private/dts-test/defineCustomElement.test-d.ts
1723420923|Evan You|D|packages/dts-test/directives.test-d.ts
1723420923|Evan You|A|packages-private/dts-test/directives.test-d.ts
1723420923|Evan You|D|packages/dts-test/extractProps.test-d.ts
1723420923|Evan You|A|packages-private/dts-test/extractProps.test-d.ts
1723420923|Evan You|D|packages/dts-test/functionalComponent.test-d.tsx
1723420923|Evan You|A|packages-private/dts-test/functionalComponent.test-d.tsx
1723420923|Evan You|D|packages/dts-test/h.test-d.ts
1723420923|Evan You|A|packages-private/dts-test/h.test-d.ts
1723420923|Evan You|D|packages/dts-test/inject.test-d.ts
1723420923|Evan You|A|packages-private/dts-test/inject.test-d.ts
1723420923|Evan You|D|packages/dts-test/package.json
1723420923|Evan You|A|packages-private/dts-test/package.json
1723420923|Evan You|D|packages/dts-test/reactivity.test-d.ts
1723420923|Evan You|A|packages-private/dts-test/reactivity.test-d.ts
1723420923|Evan You|D|packages/dts-test/ref.test-d.ts
1723420923|Evan You|A|packages-private/dts-test/ref.test-d.ts
1723420923|Evan You|D|packages/dts-test/setupHelpers.test-d.ts
1723420923|Evan You|A|packages-private/dts-test/setupHelpers.test-d.ts
1723420923|Evan You|D|packages/dts-test/tsconfig.test.json
1723420923|Evan You|A|packages-private/dts-test/tsconfig.test.json
1723420923|Evan You|D|packages/dts-test/tsx.test-d.tsx
1723420923|Evan You|A|packages-private/dts-test/tsx.test-d.tsx
1723420923|Evan You|D|packages/dts-test/utils.d.ts
1723420923|Evan You|A|packages-private/dts-test/utils.d.ts
1723420923|Evan You|D|packages/dts-test/watch.test-d.ts
1723420923|Evan You|A|packages-private/dts-test/watch.test-d.ts
1723420923|Evan You|D|packages/sfc-playground/README.md
1723420923|Evan You|A|packages-private/sfc-playground/README.md
1723420923|Evan You|D|packages/sfc-playground/index.html
1723420923|Evan You|A|packages-private/sfc-playground/index.html
1723420923|Evan You|D|packages/sfc-playground/package.json
1723420923|Evan You|A|packages-private/sfc-playground/package.json
1723420923|Evan You|D|packages/sfc-playground/public/logo.svg
1723420923|Evan You|A|packages-private/sfc-playground/public/logo.svg
1723420923|Evan You|D|packages/sfc-playground/src/App.vue
1723420923|Evan You|A|packages-private/sfc-playground/src/App.vue
1723420923|Evan You|D|packages/sfc-playground/src/Header.vue
1723420923|Evan You|A|packages-private/sfc-playground/src/Header.vue
1723420923|Evan You|D|packages/sfc-playground/src/VersionSelect.vue
1723420923|Evan You|A|packages-private/sfc-playground/src/VersionSelect.vue
1723420923|Evan You|D|packages/sfc-playground/src/download/download.ts
1723420923|Evan You|A|packages-private/sfc-playground/src/download/download.ts
1723420923|Evan You|D|packages/sfc-playground/src/download/template/README.md
1723420923|Evan You|A|packages-private/sfc-playground/src/download/template/README.md
1723420923|Evan You|D|packages/sfc-playground/src/download/template/index.html
1723420923|Evan You|A|packages-private/sfc-playground/src/download/template/index.html
1723420923|Evan You|D|packages/sfc-playground/src/download/template/main.js
1723420923|Evan You|A|packages-private/sfc-playground/src/download/template/main.js
1723420923|Evan You|D|packages/sfc-playground/src/download/template/package.json
1723420923|Evan You|A|packages-private/sfc-playground/src/download/template/package.json
1723420923|Evan You|D|packages/sfc-playground/src/download/template/vite.config.js
1723420923|Evan You|A|packages-private/sfc-playground/src/download/template/vite.config.js
1723420923|Evan You|D|packages/sfc-playground/src/icons/Copy.vue
1723420923|Evan You|A|packages-private/sfc-playground/src/icons/Copy.vue
1723420923|Evan You|D|packages/sfc-playground/src/icons/Download.vue
1723420923|Evan You|A|packages-private/sfc-playground/src/icons/Download.vue
1723420923|Evan You|D|packages/sfc-playground/src/icons/GitHub.vue
1723420923|Evan You|A|packages-private/sfc-playground/src/icons/GitHub.vue
1723420923|Evan You|D|packages/sfc-playground/src/icons/Moon.vue
1723420923|Evan You|A|packages-private/sfc-playground/src/icons/Moon.vue
1723420923|Evan You|D|packages/sfc-playground/src/icons/Reload.vue
1723420923|Evan You|A|packages-private/sfc-playground/src/icons/Reload.vue
1723420923|Evan You|D|packages/sfc-playground/src/icons/Share.vue
1723420923|Evan You|A|packages-private/sfc-playground/src/icons/Share.vue
1723420923|Evan You|D|packages/sfc-playground/src/icons/Sun.vue
1723420923|Evan You|A|packages-private/sfc-playground/src/icons/Sun.vue
1723420923|Evan You|D|packages/sfc-playground/src/main.ts
1723420923|Evan You|A|packages-private/sfc-playground/src/main.ts
1723420923|Evan You|D|packages/sfc-playground/src/vue-dev-proxy-prod.ts
1723420923|Evan You|A|packages-private/sfc-playground/src/vue-dev-proxy-prod.ts
1723420923|Evan You|D|packages/sfc-playground/src/vue-dev-proxy.ts
1723420923|Evan You|A|packages-private/sfc-playground/src/vue-dev-proxy.ts
1723420923|Evan You|D|packages/sfc-playground/src/vue-server-renderer-dev-proxy.ts
1723420923|Evan You|A|packages-private/sfc-playground/src/vue-server-renderer-dev-proxy.ts
1723420923|Evan You|D|packages/sfc-playground/vercel.json
1723420923|Evan You|A|packages-private/sfc-playground/vercel.json
1723420923|Evan You|D|packages/sfc-playground/vite.config.ts
1723420923|Evan You|A|packages-private/sfc-playground/vite.config.ts
1723420923|Evan You|D|packages/template-explorer/README.md
1723420923|Evan You|A|packages-private/template-explorer/README.md
1723420923|Evan You|D|packages/template-explorer/_redirects
1723420923|Evan You|A|packages-private/template-explorer/_redirects
1723420923|Evan You|D|packages/template-explorer/index.html
1723420923|Evan You|A|packages-private/template-explorer/index.html
1723420923|Evan You|D|packages/template-explorer/local.html
1723420923|Evan You|A|packages-private/template-explorer/local.html
1723420923|Evan You|D|packages/template-explorer/package.json
1723420923|Evan You|A|packages-private/template-explorer/package.json
1723420923|Evan You|D|packages/template-explorer/src/index.ts
1723420923|Evan You|A|packages-private/template-explorer/src/index.ts
1723420923|Evan You|D|packages/template-explorer/src/options.ts
1723420923|Evan You|A|packages-private/template-explorer/src/options.ts
1723420923|Evan You|D|packages/template-explorer/src/theme.ts
1723420923|Evan You|A|packages-private/template-explorer/src/theme.ts
1723420923|Evan You|D|packages/template-explorer/style.css
1723420923|Evan You|A|packages-private/template-explorer/style.css
1723420923|Evan You|A|packages-private/vite-debug/App.vue
1723420923|Evan You|A|packages-private/vite-debug/README.md
1723420923|Evan You|A|packages-private/vite-debug/index.html
1723420923|Evan You|A|packages-private/vite-debug/main.ts
1723420923|Evan You|A|packages-private/vite-debug/package.json
1723420923|Evan You|A|packages-private/vite-debug/tsconfig.json
1723420923|Evan You|A|packages-private/vite-debug/vite.config.ts
1723420923|Evan You|M|pnpm-lock.yaml
1723420923|Evan You|M|pnpm-workspace.yaml
1723420923|Evan You|M|rollup.config.js
1723420923|Evan You|M|scripts/build.js
1723420923|Evan You|M|scripts/utils.js
1723420923|Evan You|M|tsconfig.json
1723420923|Evan You|M|vitest.config.ts
1723421261|Evan You|M|packages/vue/__tests__/e2e/Transition.spec.ts
1723421298|Evan You|M|.github/workflows/publish-commit.yml
1723422295|Evan You|D|.github/workflows/publish-commit.yml
1723422295|Evan You|A|.github/workflows/upload-packages.yml
1723422543|Evan You|M|.github/workflows/upload-packages.yml
1723426028|Evan You|M|.github/workflows/size-report.yml
1723426028|Evan You|M|scripts/size-report.ts
1723426212|renovate[bot]|M|package.json
1723426212|renovate[bot]|M|pnpm-lock.yaml
1723426273|renovate[bot]|M|package.json
1723426273|renovate[bot]|M|packages-private/sfc-playground/src/download/template/package.json
1723426273|renovate[bot]|M|pnpm-lock.yaml
1723426306|renovate[bot]|M|packages/compiler-sfc/package.json
1723426306|renovate[bot]|M|pnpm-lock.yaml
1723426463|renovate[bot]|M|package.json
1723426463|renovate[bot]|M|pnpm-lock.yaml
1723426476|renovate[bot]|M|package.json
1723426476|renovate[bot]|M|pnpm-lock.yaml
1723426490|renovate[bot]|M|package.json
1723426490|renovate[bot]|M|pnpm-lock.yaml
1723426436|Evan You|M|.github/renovate.json5
1723426436|Evan You|M|package.json
1723426436|Evan You|M|pnpm-lock.yaml
1723557777|Tycho|M|packages/runtime-dom/src/index.ts
1723557888|edison|M|packages/compiler-sfc/src/parse.ts
1723557914|edison|M|packages/runtime-core/src/components/KeepAlive.ts
1723557970|Tycho|M|packages/runtime-dom/src/index.ts
1723558055|btea|M|packages/runtime-core/__tests__/components/KeepAlive.spec.ts
1723558055|btea|M|packages/runtime-core/src/components/KeepAlive.ts
1723560848|linzhe|M|packages/reactivity/src/effect.ts
1723560848|linzhe|M|packages/runtime-core/__tests__/apiWatch.spec.ts
1723560848|linzhe|M|packages/runtime-core/src/apiWatch.ts
1723619470|Tycho|M|packages-private/dts-test/ref.test-d.ts
1723619470|Tycho|M|packages/reactivity/src/computed.ts
1723619470|Tycho|M|packages/runtime-core/src/apiComputed.ts
1723619533|Raman Paulau|M|packages/runtime-core/src/componentOptions.ts
1723619533|Raman Paulau|M|packages/runtime-core/src/componentPublicInstance.ts
1723682893|btea|A|.vscode/extensions.json
1723682893|btea|A|vitest.workspace.ts
1723683336|Evan You|M|changelogs/CHANGELOG-3.4.md
1723687110|Evan You|M|packages/compiler-core/__tests__/transforms/vOn.spec.ts
1723687110|Evan You|M|packages/compiler-core/__tests__/utils.spec.ts
1723687110|Evan You|M|packages/compiler-core/src/transforms/vModel.ts
1723687110|Evan You|M|packages/compiler-core/src/transforms/vOn.ts
1723687110|Evan You|M|packages/compiler-core/src/utils.ts
1723688192|Evan You|M|.github/renovate.json5
1723688192|Evan You|M|packages/compiler-core/package.json
1723688192|Evan You|M|packages/compiler-core/src/parser.ts
1723688192|Evan You|M|packages/compiler-core/src/tokenizer.ts
1723688192|Evan You|M|pnpm-lock.yaml
1723688192|Evan You|M|rollup.config.js
1723688644|disservin|M|packages/compiler-sfc/__tests__/compileScript/resolveType.spec.ts
1723688644|disservin|M|packages/compiler-sfc/src/script/resolveType.ts
1723703354|Evan You|M|packages/compiler-sfc/__tests__/compileScript/importUsageCheck.spec.ts
1723703354|Evan You|M|packages/compiler-sfc/src/parse.ts
1723706299|Evan You|M|packages/runtime-core/src/component.ts
1723706299|Evan You|M|packages/runtime-dom/src/apiCustomElement.ts
1723706983|Evan You|M|CHANGELOG.md
1723706983|Evan You|M|package.json
1723706983|Evan You|M|packages/compiler-core/package.json
1723706983|Evan You|M|packages/compiler-dom/package.json
1723706983|Evan You|M|packages/compiler-sfc/package.json
1723706983|Evan You|M|packages/compiler-ssr/package.json
1723706983|Evan You|M|packages/reactivity/package.json
1723706983|Evan You|M|packages/runtime-core/package.json
1723706983|Evan You|M|packages/runtime-dom/package.json
1723706983|Evan You|M|packages/server-renderer/package.json
1723706983|Evan You|M|packages/shared/package.json
1723706983|Evan You|M|packages/vue-compat/package.json
1723706983|Evan You|M|packages/vue/package.json
1723715383|山吹色御守|M|packages-private/dts-test/defineComponent.test-d.tsx
1723715383|山吹色御守|M|packages/runtime-core/src/componentEmits.ts
1723795284|Tycho|M|CHANGELOG.md
1723795284|Tycho|M|changelogs/CHANGELOG-3.4.md
1723795300|edison|A|.github/workflows/close-cant-reproduce-issues.yml
1723795343|dlzmoe|M|SECURITY.md
1723796048|Jakob|M|packages/runtime-core/__tests__/errorHandling.spec.ts
1723796048|Jakob|M|packages/runtime-core/src/apiWatch.ts
1723688920|Andy Li|M|packages-private/dts-test/defineCustomElement.test-d.ts
1723688920|Andy Li|M|packages/runtime-dom/src/apiCustomElement.ts
1723796589|edison|M|packages/reactivity/__tests__/reactiveArray.spec.ts
1723796589|edison|M|packages/reactivity/src/arrayInstrumentations.ts
1723801982|Evan You|M|.github/workflows/ci.yml
1723801982|Evan You|D|.github/workflows/upload-packages.yml
1723816901|Evan You|M|.github/workflows/ecosystem-ci-trigger.yml
1724033630|skirtle|M|packages/runtime-core/__tests__/scheduler.spec.ts
1724033630|skirtle|M|packages/runtime-core/src/scheduler.ts
1724033865|skirtle|M|packages/runtime-core/src/scheduler.ts
1724034837|renovate[bot]|M|package.json
1724034837|renovate[bot]|M|packages-private/sfc-playground/src/download/template/package.json
1724034837|renovate[bot]|M|pnpm-lock.yaml
1724034850|renovate[bot]|M|packages/compiler-sfc/package.json
1724034850|renovate[bot]|M|pnpm-lock.yaml
1724034861|renovate[bot]|M|package.json
1724034861|renovate[bot]|M|pnpm-lock.yaml
1724034880|renovate[bot]|M|package.json
1724034880|renovate[bot]|M|pnpm-lock.yaml
1724035799|skirtle|M|packages/runtime-core/__tests__/rendererComponent.spec.ts
1724035799|skirtle|M|packages/runtime-core/__tests__/scheduler.spec.ts
1724035799|skirtle|M|packages/runtime-core/src/renderer.ts
1724035799|skirtle|M|packages/runtime-core/src/scheduler.ts
1724055564|edison|M|packages/runtime-core/__tests__/scopeId.spec.ts
1724055564|edison|M|packages/runtime-core/src/renderer.ts
1724055725|edison|M|packages/server-renderer/__tests__/ssrDynamicComponent.spec.ts
1724055725|edison|M|packages/server-renderer/src/render.ts
1724055901|zhangenming|M|packages/runtime-core/src/compat/global.ts
1724055901|zhangenming|M|packages/runtime-core/src/compat/instanceEventEmitter.ts
1724056183|yangxiuxiu|M|packages-private/dts-test/setupHelpers.test-d.ts
1724056183|yangxiuxiu|M|packages/runtime-core/src/apiSetupHelpers.ts
1724113304|Rizumu Ayaka|A|packages/reactivity/__tests__/watch.spec.ts
1724113304|Rizumu Ayaka|M|packages/reactivity/src/index.ts
1724113304|Rizumu Ayaka|A|packages/reactivity/src/watch.ts
1724113304|Rizumu Ayaka|M|packages/runtime-core/__tests__/apiWatch.spec.ts
1724113304|Rizumu Ayaka|M|packages/runtime-core/src/apiWatch.ts
1724113304|Rizumu Ayaka|M|packages/runtime-core/src/componentOptions.ts
1724113304|Rizumu Ayaka|M|packages/runtime-core/src/directives.ts
1724113304|Rizumu Ayaka|M|packages/runtime-core/src/errorHandling.ts
1724113304|Rizumu Ayaka|M|packages/runtime-core/src/index.ts
1724113352|Evan You|M|scripts/usage-size.ts
1724113446|Evan You|M|CHANGELOG.md
1724113446|Evan You|M|package.json
1724113446|Evan You|M|packages/compiler-core/package.json
1724113446|Evan You|M|packages/compiler-dom/package.json
1724113446|Evan You|M|packages/compiler-sfc/package.json
1724113446|Evan You|M|packages/compiler-ssr/package.json
1724113446|Evan You|M|packages/reactivity/package.json
1724113446|Evan You|M|packages/runtime-core/package.json
1724113446|Evan You|M|packages/runtime-dom/package.json
1724113446|Evan You|M|packages/server-renderer/package.json
1724113446|Evan You|M|packages/shared/package.json
1724113446|Evan You|M|packages/vue-compat/package.json
1724113446|Evan You|M|packages/vue/package.json
1724121732|Tycho|M|CHANGELOG.md
1724141708|Evan You|M|packages/reactivity/src/index.ts
1724141708|Evan You|M|packages/reactivity/src/watch.ts
1724141708|Evan You|M|packages/runtime-core/src/apiWatch.ts
1724141708|Evan You|M|packages/runtime-core/src/index.ts
1724142908|yangxiuxiu|M|packages/reactivity/src/watch.ts
1724142908|yangxiuxiu|M|packages/runtime-core/__tests__/apiWatch.spec.ts
1724666926|edison|M|packages/runtime-core/src/apiDefineComponent.ts
1724828423|Evan You|M|packages/runtime-core/src/component.ts
1724837859|Evan You|M|packages/runtime-dom/src/modules/props.ts
1724837859|Evan You|M|packages/runtime-dom/src/nodeOps.ts
1724838490|Rudy|M|packages-private/dts-test/defineComponent.test-d.tsx
1724838573|Paul Werner|M|packages/compiler-sfc/src/parse.ts
1724838727|Tycho|M|package.json
1724838727|Tycho|M|scripts/dev.js
1724838775|renovate[bot]|M|package.json
1724838775|renovate[bot]|M|pnpm-lock.yaml
1724838847|renovate[bot]|M|packages-private/template-explorer/package.json
1724838847|renovate[bot]|M|pnpm-lock.yaml
1724838905|renovate[bot]|M|package.json
1724838905|renovate[bot]|M|packages-private/sfc-playground/src/download/template/package.json
1724838905|renovate[bot]|M|pnpm-lock.yaml
1724838948|renovate[bot]|M|package.json
1724838948|renovate[bot]|M|pnpm-lock.yaml
1724839156|renovate[bot]|M|package.json
1724839156|renovate[bot]|M|pnpm-lock.yaml
1724839606|Evan You|M|vitest.config.ts
1724840219|HEGGRIA|M|packages/reactivity/src/effect.ts
1724840219|HEGGRIA|M|packages/reactivity/src/effectScope.ts
1724899279|linzhe|M|packages/runtime-core/__tests__/components/KeepAlive.spec.ts
1724899279|linzhe|M|packages/runtime-core/src/components/KeepAlive.ts
1724899087|Evan You|M|package.json
1724899087|Evan You|M|packages/compiler-core/src/codegen.ts
1724899087|Evan You|M|packages/compiler-core/src/compile.ts
1724899087|Evan You|M|packages/compiler-core/src/transform.ts
1724899087|Evan You|M|packages/compiler-core/src/utils.ts
1724899087|Evan You|M|packages/compiler-sfc/src/cache.ts
1724899087|Evan You|M|packages/runtime-core/src/compat/renderFn.ts
1724899087|Evan You|M|packages/runtime-core/src/component.ts
1724899087|Evan You|M|packages/runtime-core/src/components/KeepAlive.ts
1724899087|Evan You|M|packages/runtime-core/src/components/Suspense.ts
1724899087|Evan You|M|packages/runtime-core/src/featureFlags.ts
1724899087|Evan You|M|packages/runtime-core/src/warning.ts
1724899087|Evan You|M|packages/runtime-dom/src/components/Transition.ts
1724899087|Evan You|M|packages/runtime-dom/src/helpers/useCssModule.ts
1724899087|Evan You|M|packages/runtime-dom/src/helpers/useCssVars.ts
1724899087|Evan You|M|packages/shared/src/looseEqual.ts
1724899087|Evan You|M|packages/vue/src/dev.ts
1724899087|Evan You|M|pnpm-lock.yaml
1724899087|Evan You|M|vitest.config.ts
1724902955|cyrilluce|M|packages/compiler-sfc/__tests__/compileScript/resolveType.spec.ts
1724902955|cyrilluce|M|packages/compiler-sfc/src/script/resolveType.ts
1724911829|Evan You|M|packages/reactivity/__tests__/reactive.spec.ts
1724911829|Evan You|M|packages/reactivity/src/baseHandlers.ts
1724912404|lidlanca|M|packages/reactivity/__tests__/ref.spec.ts
1724915355|edison|M|packages/runtime-dom/src/apiCustomElement.ts
1724915355|edison|D|packages/vue/__tests__/e2e/ssr-custom-element.html
1724915355|edison|M|packages/vue/__tests__/e2e/ssr-custom-element.spec.ts
1724916343|Evan You|M|CHANGELOG.md
1724916343|Evan You|M|package.json
1724916343|Evan You|M|packages/compiler-core/package.json
1724916343|Evan You|M|packages/compiler-dom/package.json
1724916343|Evan You|M|packages/compiler-sfc/package.json
1724916343|Evan You|M|packages/compiler-ssr/package.json
1724916343|Evan You|M|packages/reactivity/package.json
1724916343|Evan You|M|packages/runtime-core/package.json
1724916343|Evan You|M|packages/runtime-dom/package.json
1724916343|Evan You|M|packages/server-renderer/package.json
1724916343|Evan You|M|packages/shared/package.json
1724916343|Evan You|M|packages/vue-compat/package.json
1724916343|Evan You|M|packages/vue/package.json
1725267963|Sunil|M|package.json
1725267990|Cédric Exbrayat|M|packages/reactivity/src/effect.ts
1725267990|Cédric Exbrayat|M|packages/reactivity/src/watch.ts
1725268084|qiang|M|.github/workflows/ci.yml
1725268084|qiang|M|.github/workflows/size-data.yml
1725268084|qiang|M|.github/workflows/size-report.yml
1725268099|Maisha Tremblay|M|packages/reactivity/__tests__/ref.spec.ts
1725268178|edison|M|packages/runtime-core/__tests__/hydration.spec.ts
1725268178|edison|M|packages/runtime-core/src/hydration.ts
1725268214|chirokas|M|packages/runtime-dom/src/jsx.ts
1725269380|Evan You|M|packages/compiler-sfc/__tests__/compileScript/importUsageCheck.spec.ts
1725269380|Evan You|M|packages/compiler-sfc/src/script/importUsageCheck.ts
1725322900|renovate[bot]|M|package.json
1725322900|renovate[bot]|M|packages-private/sfc-playground/src/download/template/package.json
1725322900|renovate[bot]|M|pnpm-lock.yaml
1725322918|renovate[bot]|M|package.json
1725322918|renovate[bot]|M|pnpm-lock.yaml
1725322935|renovate[bot]|M|package.json
1725322935|renovate[bot]|M|pnpm-lock.yaml
1725322946|renovate[bot]|M|packages/compiler-sfc/package.json
1725322946|renovate[bot]|M|pnpm-lock.yaml
1725323100|edison|M|packages/compiler-sfc/src/script/utils.ts
1725323100|edison|M|packages/compiler-sfc/src/style/cssVars.ts
1725323100|edison|M|packages/runtime-core/__tests__/hydration.spec.ts
1725323100|edison|M|packages/runtime-core/src/hydration.ts
1725323100|edison|M|packages/shared/src/escapeHtml.ts
1725323168|山吹色御守|M|packages/server-renderer/__tests__/ssrRenderAttrs.spec.ts
1725323168|山吹色御守|M|packages/server-renderer/src/helpers/ssrRenderAttrs.ts
1725355933|Tycho|M|packages/reactivity/__tests__/reactiveArray.spec.ts
1725355933|Tycho|M|packages/reactivity/src/arrayInstrumentations.ts
1725356347|edison|M|packages/compiler-sfc/__tests__/__snapshots__/compileScript.spec.ts.snap
1725356347|edison|M|packages/compiler-sfc/__tests__/compileScript.spec.ts
1725356347|edison|M|packages/shared/src/escapeHtml.ts
1725356632|Matt Garrett|M|packages/server-renderer/__tests__/render.spec.ts
1725356632|Matt Garrett|M|packages/server-renderer/src/render.ts
1725356647|Hanse Kim|M|packages/runtime-dom/__tests__/directives/vModel.spec.ts
1725356647|Hanse Kim|M|packages/runtime-dom/src/directives/vModel.ts
1725356870|Tycho|M|packages-private/dts-test/setupHelpers.test-d.ts
1725356870|Tycho|M|packages/runtime-core/src/apiSetupHelpers.ts
1725356870|Tycho|M|packages/runtime-core/src/helpers/useModel.ts
1725369018|Alex Liu|M|packages/runtime-dom/__tests__/patchProps.spec.ts
1725369018|Alex Liu|M|packages/runtime-dom/src/modules/props.ts
1725369230|Evan You|M|CHANGELOG.md
1725369230|Evan You|M|package.json
1725369230|Evan You|M|packages/compiler-core/package.json
1725369230|Evan You|M|packages/compiler-dom/package.json
1725369230|Evan You|M|packages/compiler-sfc/package.json
1725369230|Evan You|M|packages/compiler-ssr/package.json
1725369230|Evan You|M|packages/reactivity/package.json
1725369230|Evan You|M|packages/runtime-core/package.json
1725369230|Evan You|M|packages/runtime-dom/package.json
1725369230|Evan You|M|packages/server-renderer/package.json
1725369230|Evan You|M|packages/shared/package.json
1725369230|Evan You|M|packages/vue-compat/package.json
1725369230|Evan You|M|packages/vue/package.json
1725452470|Tycho|M|packages/reactivity/__tests__/reactiveArray.spec.ts
1725452470|Tycho|M|packages/reactivity/src/arrayInstrumentations.ts
1725452539|Evan You|M|packages/runtime-core/src/components/KeepAlive.ts
1725452539|Evan You|M|packages/runtime-dom/src/components/Transition.ts
1725452539|Evan You|M|packages/runtime-dom/src/components/TransitionGroup.ts
1725452673|Evan You|M|packages/compiler-core/__tests__/transforms/__snapshots__/cacheStatic.spec.ts.snap
1725452673|Evan You|M|packages/compiler-core/src/codegen.ts
1725452673|Evan You|M|packages/compiler-core/src/transforms/transformExpression.ts
1725452673|Evan You|M|packages/compiler-dom/src/transforms/stringifyStatic.ts
1725452673|Evan You|M|packages/compiler-dom/src/transforms/vOn.ts
1725452673|Evan You|M|packages/compiler-sfc/__tests__/__snapshots__/compileScript.spec.ts.snap
1725452673|Evan You|M|packages/compiler-sfc/__tests__/compileScript.spec.ts
1725452673|Evan You|M|packages/compiler-sfc/__tests__/compileScript/__snapshots__/defineEmits.spec.ts.snap
1725452673|Evan You|M|packages/compiler-sfc/__tests__/compileScript/__snapshots__/defineModel.spec.ts.snap
1725452673|Evan You|M|packages/compiler-sfc/__tests__/compileScript/__snapshots__/defineOptions.spec.ts.snap
1725452673|Evan You|M|packages/compiler-sfc/__tests__/compileScript/__snapshots__/defineProps.spec.ts.snap
1725452673|Evan You|M|packages/compiler-sfc/__tests__/compileScript/__snapshots__/definePropsDestructure.spec.ts.snap
1725452673|Evan You|M|packages/compiler-sfc/__tests__/compileScript/__snapshots__/defineSlots.spec.ts.snap
1725452673|Evan You|M|packages/compiler-sfc/__tests__/compileScript/__snapshots__/hoistStatic.spec.ts.snap
1725452673|Evan You|M|packages/compiler-sfc/__tests__/compileScript/__snapshots__/importUsageCheck.spec.ts.snap
1725452673|Evan You|M|packages/compiler-sfc/__tests__/compileScript/defineEmits.spec.ts
1725452673|Evan You|M|packages/compiler-sfc/__tests__/compileScript/defineModel.spec.ts
1725452673|Evan You|M|packages/compiler-sfc/__tests__/compileScript/defineOptions.spec.ts
1725452673|Evan You|M|packages/compiler-sfc/__tests__/compileScript/defineProps.spec.ts
1725452673|Evan You|M|packages/compiler-sfc/__tests__/compileScript/definePropsDestructure.spec.ts
1725452673|Evan You|M|packages/compiler-sfc/src/compileScript.ts
1725452673|Evan You|M|packages/compiler-sfc/src/script/defineEmits.ts
1725452673|Evan You|M|packages/compiler-sfc/src/script/defineProps.ts
1725452673|Evan You|M|packages/reactivity/__tests__/watch.spec.ts
1725452673|Evan You|M|packages/reactivity/src/baseHandlers.ts
1725452673|Evan You|M|packages/reactivity/src/collectionHandlers.ts
1725452673|Evan You|M|packages/runtime-core/src/apiDefineComponent.ts
1725452673|Evan You|M|packages/runtime-core/src/compat/compatConfig.ts
1725452673|Evan You|M|packages/runtime-core/src/compat/instanceEventEmitter.ts
1725452673|Evan You|M|packages/runtime-core/src/compat/renderFn.ts
1725452673|Evan You|M|packages/runtime-core/src/compat/renderHelpers.ts
1725452673|Evan You|M|packages/runtime-core/src/component.ts
1725452673|Evan You|M|packages/runtime-core/src/componentProps.ts
1725452673|Evan You|M|packages/runtime-core/src/componentPublicInstance.ts
1725452673|Evan You|M|packages/runtime-core/src/components/KeepAlive.ts
1725452673|Evan You|M|packages/runtime-core/src/devtools.ts
1725452673|Evan You|M|packages/runtime-core/src/scheduler.ts
1725452673|Evan You|M|packages/runtime-dom/src/components/Transition.ts
1725452673|Evan You|M|packages/runtime-dom/src/components/TransitionGroup.ts
1725452673|Evan You|M|packages/runtime-dom/src/index.ts
1725452673|Evan You|M|packages/runtime-dom/src/modules/attrs.ts
1725452673|Evan You|M|packages/runtime-dom/src/modules/events.ts
1725452673|Evan You|M|packages/runtime-dom/src/nodeOps.ts
1725452673|Evan You|M|packages/server-renderer/src/helpers/ssrRenderAttrs.ts
1725452673|Evan You|M|packages/shared/src/domAttrConfig.ts
1725452673|Evan You|M|packages/shared/src/domTagConfig.ts
1725452673|Evan You|M|packages/shared/src/general.ts
1725452673|Evan You|M|packages/shared/src/globalsAllowList.ts
1725452673|Evan You|M|rollup.config.js
1725453276|Johnson Chu|M|packages/runtime-core/src/apiDefineComponent.ts
1725453276|Johnson Chu|M|packages/runtime-core/src/componentOptions.ts
1725454392|Evan You|M|packages/runtime-core/__tests__/helpers/useTemplateRef.spec.ts
1725454392|Evan You|M|packages/runtime-core/src/rendererTemplateRef.ts
1725454444|edison|M|packages/runtime-core/src/components/BaseTransition.ts
1725454695|renovate[bot]|M|package.json
1725454695|renovate[bot]|M|pnpm-lock.yaml
1725455249|Evan You|M|CHANGELOG.md
1725455249|Evan You|M|package.json
1725455249|Evan You|M|packages/compiler-core/package.json
1725455249|Evan You|M|packages/compiler-dom/package.json
1725455249|Evan You|M|packages/compiler-sfc/package.json
1725455249|Evan You|M|packages/compiler-ssr/package.json
1725455249|Evan You|M|packages/reactivity/package.json
1725455249|Evan You|M|packages/runtime-core/package.json
1725455249|Evan You|M|packages/runtime-dom/package.json
1725455249|Evan You|M|packages/server-renderer/package.json
1725455249|Evan You|M|packages/shared/package.json
1725455249|Evan You|M|packages/vue-compat/package.json
1725455249|Evan You|M|packages/vue/package.json
1725523750|远方os|M|packages/runtime-core/src/scheduler.ts
1725523750|远方os|M|packages/shared/src/typeUtils.ts
1725523837|yangxiuxiu|M|packages/reactivity/__tests__/computed.spec.ts
1725523837|yangxiuxiu|M|packages/reactivity/src/effect.ts
1725525865|Evan You|M|packages-private/dts-test/defineComponent.test-d.tsx
1725525865|Evan You|M|packages/runtime-core/src/apiDefineComponent.ts
1725526070|edison|M|packages/runtime-core/src/componentRenderUtils.ts
1725526070|edison|M|packages/runtime-core/src/components/BaseTransition.ts
1725526070|edison|M|packages/runtime-core/src/components/KeepAlive.ts
1725526070|edison|M|packages/vue/__tests__/e2e/Transition.spec.ts
1725528211|Evan You|M|packages/reactivity/src/ref.ts
1725529602|Evan You|M|packages/runtime-core/__tests__/helpers/useTemplateRef.spec.ts
1725529602|Evan You|M|packages/runtime-core/src/helpers/useTemplateRef.ts
1725529602|Evan You|M|packages/runtime-core/src/rendererTemplateRef.ts
1725529985|白雾三语|M|packages-private/dts-test/tsx.test-d.tsx
1725529985|白雾三语|M|packages/runtime-dom/src/jsx.ts
1725533670|Jürg Lehni|M|packages/reactivity/__tests__/computed.spec.ts
1725533670|Jürg Lehni|M|packages/reactivity/src/dep.ts
1725533920|Evan You|M|packages/reactivity/__tests__/computed.spec.ts
1725533920|Evan You|M|packages/reactivity/src/computed.ts
1725533920|Evan You|M|packages/reactivity/src/effect.ts
1725540686|skirtle|M|packages/runtime-core/src/scheduler.ts
1725540757|Oliver Bucher|M|packages/runtime-dom/src/jsx.ts
1725540994|edison|M|packages/runtime-core/src/components/Suspense.ts
1725540994|edison|M|packages/vue/__tests__/e2e/Transition.spec.ts
1725541093|山吹色御守|M|packages-private/dts-test/defineComponent.test-d.tsx
1725541093|山吹色御守|M|packages/runtime-core/src/apiDefineComponent.ts
1725541093|山吹色御守|M|packages/runtime-core/src/componentPublicInstance.ts
1725541216|山吹色御守|M|packages/compiler-core/__tests__/parse.spec.ts
1725541216|山吹色御守|M|packages/compiler-core/src/ast.ts
1725541216|山吹色御守|M|packages/compiler-core/src/parser.ts
1725541216|山吹色御守|M|packages/compiler-core/src/transforms/transformElement.ts
1725541216|山吹色御守|M|packages/compiler-core/src/transforms/vBind.ts
1725541216|山吹色御守|M|packages/compiler-core/src/transforms/vModel.ts
1725541216|山吹色御守|M|packages/compiler-dom/src/transforms/vOn.ts
1725541896|Evan You|M|CHANGELOG.md
1725541896|Evan You|M|package.json
1725541896|Evan You|M|packages/compiler-core/package.json
1725541896|Evan You|M|packages/compiler-dom/package.json
1725541896|Evan You|M|packages/compiler-sfc/package.json
1725541896|Evan You|M|packages/compiler-ssr/package.json
1725541896|Evan You|M|packages/reactivity/package.json
1725541896|Evan You|M|packages/runtime-core/package.json
1725541896|Evan You|M|packages/runtime-dom/package.json
1725541896|Evan You|M|packages/server-renderer/package.json
1725541896|Evan You|M|packages/shared/package.json
1725541896|Evan You|M|packages/vue-compat/package.json
1725541896|Evan You|M|packages/vue/package.json
1725583607|Evan You|M|packages/runtime-core/__tests__/helpers/useId.spec.ts
1725583607|Evan You|M|packages/runtime-core/src/helpers/useId.ts
1725583632|Evan You|M|packages/reactivity/__tests__/computed.spec.ts
1725583632|Evan You|M|packages/reactivity/src/computed.ts
1725583632|Evan You|M|packages/reactivity/src/effect.ts
1725583839|Evan You|M|packages/runtime-core/src/componentRenderUtils.ts
1725583839|Evan You|M|packages/runtime-core/src/components/BaseTransition.ts
1725583839|Evan You|M|packages/runtime-core/src/components/KeepAlive.ts
1725583839|Evan You|M|packages/vue/__tests__/e2e/Transition.spec.ts
1725591838|edison|M|packages/runtime-core/src/componentRenderUtils.ts
1725591838|edison|M|packages/runtime-core/src/components/BaseTransition.ts
1725591838|edison|M|packages/runtime-core/src/components/KeepAlive.ts
1725591838|edison|M|packages/vue/__tests__/e2e/Transition.spec.ts
1725592841|Adrien Foulon|M|packages/runtime-core/src/renderer.ts
1725592782|Evan You|M|packages/runtime-core/src/index.ts
1725592782|Evan You|M|packages/server-renderer/__tests__/render.spec.ts
1725592782|Evan You|M|packages/server-renderer/src/render.ts
1725593261|Evan You|M|CHANGELOG.md
1725593261|Evan You|M|package.json
1725593261|Evan You|M|packages/compiler-core/package.json
1725593261|Evan You|M|packages/compiler-dom/package.json
1725593261|Evan You|M|packages/compiler-sfc/package.json
1725593261|Evan You|M|packages/compiler-ssr/package.json
1725593261|Evan You|M|packages/reactivity/package.json
1725593261|Evan You|M|packages/runtime-core/package.json
1725593261|Evan You|M|packages/runtime-dom/package.json
1725593261|Evan You|M|packages/server-renderer/package.json
1725593261|Evan You|M|packages/shared/package.json
1725593261|Evan You|M|packages/vue-compat/package.json
1725593261|Evan You|M|packages/vue/package.json
1725610256|山吹色御守|M|packages/runtime-core/src/componentEmits.ts
1725694796|Evan You|M|packages/compiler-dom/src/transforms/vOn.ts
1725694796|Evan You|M|packages/shared/src/makeMap.ts
1725705058|btea|M|packages/compiler-core/src/transform.ts
1725705058|btea|M|packages/compiler-core/src/transforms/vIf.ts
1725953913|山吹色御守|M|packages/compiler-sfc/__tests__/compileStyle.spec.ts
1725953913|山吹色御守|M|packages/compiler-sfc/src/style/pluginScoped.ts
1725953925|renovate[bot]|M|package.json
1725953925|renovate[bot]|M|packages/compiler-sfc/package.json
1725953925|renovate[bot]|M|pnpm-lock.yaml
1725953941|renovate[bot]|M|package.json
1725953941|renovate[bot]|M|packages-private/sfc-playground/src/download/template/package.json
1725953941|renovate[bot]|M|pnpm-lock.yaml
1725954043|Konv Suu|M|packages/reactivity/__tests__/reactive.spec.ts
1725954043|Konv Suu|M|packages/reactivity/src/reactive.ts
1725954494|Tycho|M|packages/runtime-core/__tests__/helpers/renderList.spec.ts
1725954494|Tycho|M|packages/runtime-core/src/helpers/renderList.ts
1725954531|zhangenming|M|packages/reactivity/src/dep.ts
1725954670|Yang Mingshan|M|packages/runtime-core/src/scheduler.ts
1725954941|Evan You|M|packages/reactivity/__tests__/computed.spec.ts
1725954941|Evan You|M|packages/reactivity/src/computed.ts
1725954941|Evan You|M|packages/reactivity/src/effect.ts
1725957979|Evan You|M|package.json
1725957979|Evan You|A|packages-private/tsconfig.json
1725957979|Evan You|M|packages/compiler-core/__tests__/testUtils.ts
1725957979|Evan You|M|packages/compiler-core/__tests__/transforms/vFor.spec.ts
1725957979|Evan You|M|packages/compiler-sfc/__tests__/utils.ts
1725957979|Evan You|M|packages/runtime-core/src/components/KeepAlive.ts
1725957979|Evan You|M|packages/runtime-test/src/index.ts
1725957979|Evan You|M|packages/runtime-test/src/nodeOps.ts
1725957979|Evan You|M|packages/runtime-test/src/patchProp.ts
1725957979|Evan You|M|packages/runtime-test/src/serialize.ts
1725957979|Evan You|M|packages/runtime-test/src/triggerEvent.ts
1725957979|Evan You|M|packages/vue-compat/__tests__/utils.ts
1725957979|Evan You|M|packages/vue/__tests__/e2e/commits.mock.ts
1725957979|Evan You|M|packages/vue/__tests__/e2e/e2eUtils.ts
1725957979|Evan You|M|pnpm-lock.yaml
1725957979|Evan You|D|tsconfig.build-node.json
1725957979|Evan You|D|tsconfig.build-browser.json
1725957979|Evan You|A|tsconfig.build.json
1725957979|Evan You|M|tsconfig.json
1725959104|Evan You|M|CHANGELOG.md
1725959104|Evan You|M|package.json
1725959104|Evan You|M|packages/compiler-core/package.json
1725959104|Evan You|M|packages/compiler-dom/package.json
1725959104|Evan You|M|packages/compiler-sfc/package.json
1725959104|Evan You|M|packages/compiler-ssr/package.json
1725959104|Evan You|M|packages/reactivity/package.json
1725959104|Evan You|M|packages/runtime-core/package.json
1725959104|Evan You|M|packages/runtime-dom/package.json
1725959104|Evan You|M|packages/server-renderer/package.json
1725959104|Evan You|M|packages/shared/package.json
1725959104|Evan You|M|packages/vue-compat/package.json
1725959104|Evan You|M|packages/vue/package.json
1725966822|Evan You|M|.github/workflows/size-report.yml
1725966822|Evan You|M|package.json
1725966822|Evan You|M|pnpm-lock.yaml
1725966822|Evan You|D|scripts/size-report.ts
1725966822|Evan You|A|scripts/size-report.js
1725966822|Evan You|D|scripts/usage-size.ts
1725966822|Evan You|A|scripts/usage-size.js
1725966929|Hongkun|M|packages-private/sfc-playground/package.json
1725966929|Hongkun|M|packages-private/sfc-playground/src/App.vue
1725966929|Hongkun|M|packages-private/sfc-playground/src/Header.vue
1725966929|Hongkun|M|pnpm-lock.yaml
1726217161|edison|M|packages/compiler-core/__tests__/parse.spec.ts
1726217161|edison|M|packages/compiler-core/src/tokenizer.ts
1726217629|linzhe|M|packages/compiler-sfc/__tests__/compileStyle.spec.ts
1726217629|linzhe|M|packages/compiler-sfc/src/style/pluginScoped.ts
1726219076|edison|M|packages/runtime-core/__tests__/apiAsyncComponent.spec.ts
1726219076|edison|M|packages/runtime-core/src/apiAsyncComponent.ts
1726220681|Evan You|M|packages/reactivity/src/computed.ts
1726220681|Evan You|M|packages/reactivity/src/dep.ts
1726220681|Evan You|M|packages/reactivity/src/effect.ts
1726223699|Evan You|M|packages/reactivity/src/effect.ts
1726223862|edison|M|packages/runtime-dom/src/components/TransitionGroup.ts
1726223862|edison|M|packages/vue/__tests__/e2e/TransitionGroup.spec.ts
1726229304|Evan You|M|packages/compiler-dom/__tests__/transforms/__snapshots__/stringifyStatic.spec.ts.snap
1726229304|Evan You|M|packages/compiler-dom/__tests__/transforms/stringifyStatic.spec.ts
1726229304|Evan You|M|packages/compiler-dom/src/transforms/stringifyStatic.ts
1726229890|linzhe|M|packages/runtime-core/src/component.ts
1726229890|linzhe|M|packages/runtime-core/src/components/Teleport.ts
1726229890|linzhe|M|packages/runtime-dom/__tests__/customElement.spec.ts
1726229890|linzhe|M|packages/runtime-dom/src/apiCustomElement.ts
1726229890|linzhe|M|packages/vue/__tests__/e2e/ssr-custom-element.spec.ts
1726229987|edison|M|packages/runtime-core/__tests__/hmr.spec.ts
1726229987|edison|M|packages/runtime-core/src/hmr.ts
1726229987|edison|M|packages/runtime-core/src/renderer.ts
1726233232|Evan You|M|packages/compiler-core/__tests__/parse.spec.ts
1726233232|Evan You|M|packages/compiler-core/src/options.ts
1726233232|Evan You|M|packages/compiler-core/src/parser.ts
1726233232|Evan You|M|packages/compiler-dom/__tests__/parse.spec.ts
1726233232|Evan You|M|packages/compiler-dom/src/parserOptions.ts
1726233880|Evan You|M|packages/runtime-core/__tests__/hydration.spec.ts
1726233880|Evan You|M|packages/runtime-core/src/hydration.ts
1726234697|Evan You|M|CHANGELOG.md
1726234697|Evan You|M|package.json
1726234697|Evan You|M|packages/compiler-core/package.json
1726234697|Evan You|M|packages/compiler-dom/package.json
1726234697|Evan You|M|packages/compiler-sfc/package.json
1726234697|Evan You|M|packages/compiler-ssr/package.json
1726234697|Evan You|M|packages/reactivity/package.json
1726234697|Evan You|M|packages/runtime-core/package.json
1726234697|Evan You|M|packages/runtime-dom/package.json
1726234697|Evan You|M|packages/server-renderer/package.json
1726234697|Evan You|M|packages/shared/package.json
1726234697|Evan You|M|packages/vue-compat/package.json
1726234697|Evan You|M|packages/vue/package.json
1726236301|edison|M|CHANGELOG.md
1726286410|2nofa11|M|packages/runtime-core/__tests__/components/KeepAlive.spec.ts
1726451953|Tycho|M|packages/reactivity/src/effect.ts
1726453726|Tycho|M|packages/reactivity/__tests__/computed.spec.ts
1726453726|Tycho|M|packages/reactivity/src/effect.ts
1726453804|ML|M|packages-private/dts-test/appDirective.test-d.ts
1726453804|ML|M|packages/runtime-core/src/apiCreateApp.ts
1726453858|Tycho|A|packages-private/global.d.ts
1726453858|Tycho|M|packages/global.d.ts
1726454956|Matt Garrett|M|packages/runtime-core/__tests__/apiWatch.spec.ts
1726454956|Matt Garrett|M|packages/runtime-core/src/apiWatch.ts
1726455392|Yang Mingshan|M|packages/reactivity/__tests__/watch.spec.ts
1726455392|Yang Mingshan|M|packages/reactivity/src/watch.ts
1726455503|edison|M|packages/compiler-dom/__tests__/transforms/stringifyStatic.spec.ts
1726455503|edison|M|packages/compiler-dom/src/transforms/stringifyStatic.ts
1726455503|edison|M|packages/shared/src/domAttrConfig.ts
1726455555|renovate[bot]|M|package.json
1726455555|renovate[bot]|M|packages-private/sfc-playground/src/download/template/package.json
1726455555|renovate[bot]|M|pnpm-lock.yaml
1726455566|renovate[bot]|M|package.json
1726455566|renovate[bot]|M|pnpm-lock.yaml
1726455578|renovate[bot]|M|packages/compiler-sfc/package.json
1726455578|renovate[bot]|M|pnpm-lock.yaml
1726455598|renovate[bot]|M|package.json
1726455598|renovate[bot]|M|pnpm-lock.yaml
1726456403|renovate[bot]|M|package.json
1726456403|renovate[bot]|M|pnpm-lock.yaml
1726457076|Evan You|M|packages/compiler-sfc/__tests__/compileScript/definePropsDestructure.spec.ts
1726457076|Evan You|M|packages/compiler-sfc/src/script/context.ts
1726457076|Evan You|M|packages/compiler-sfc/src/script/defineProps.ts
1726470041|edison|M|package.json
1726470041|edison|M|packages/runtime-core/__tests__/components/Teleport.spec.ts
1726470041|edison|M|pnpm-lock.yaml
1726470041|edison|M|vitest.e2e.config.ts
1726470041|edison|M|vitest.unit.config.ts
1726470053|renovate[bot]|M|packages-private/sfc-playground/package.json
1726470053|renovate[bot]|M|packages-private/template-explorer/package.json
1726470053|renovate[bot]|M|pnpm-lock.yaml
1726473631|Evan You|M|packages/reactivity/src/computed.ts
1726473631|Evan You|M|packages/reactivity/src/dep.ts
1726473631|Evan You|M|packages/reactivity/src/effect.ts
1726474298|Evan You|M|CHANGELOG.md
1726474298|Evan You|M|package.json
1726474298|Evan You|M|packages/compiler-core/package.json
1726474298|Evan You|M|packages/compiler-dom/package.json
1726474298|Evan You|M|packages/compiler-sfc/package.json
1726474298|Evan You|M|packages/compiler-ssr/package.json
1726474298|Evan You|M|packages/reactivity/package.json
1726474298|Evan You|M|packages/runtime-core/package.json
1726474298|Evan You|M|packages/runtime-dom/package.json
1726474298|Evan You|M|packages/server-renderer/package.json
1726474298|Evan You|M|packages/shared/package.json
1726474298|Evan You|M|packages/vue-compat/package.json
1726474298|Evan You|M|packages/vue/package.json
1726645463|Michael Brevard|M|packages/runtime-core/src/hydrationStrategies.ts
1726821718|linzhe|M|packages/runtime-core/src/hydrationStrategies.ts
1726821718|linzhe|M|packages/vue/__tests__/e2e/hydration-strat-visible.html
1726821718|linzhe|M|packages/vue/__tests__/e2e/hydrationStrategies.spec.ts
1726821815|skirtle|M|packages/runtime-core/__tests__/scheduler.spec.ts
1726821815|skirtle|M|packages/runtime-core/src/scheduler.ts
1726821854|山吹色御守|M|packages/compiler-sfc/src/script/definePropsDestructure.ts
1726821889|Hongkun|M|packages-private/sfc-playground/src/App.vue
1726821947|edison|M|packages/compiler-core/src/transforms/vModel.ts
1726821947|edison|M|packages/compiler-sfc/__tests__/__snapshots__/compileScript.spec.ts.snap
1726821947|edison|M|packages/compiler-sfc/__tests__/compileScript.spec.ts
1726822005|edison|M|packages/compiler-ssr/__tests__/ssrTransitionGroup.spec.ts
1726822005|edison|M|packages/compiler-ssr/src/ssrCodegenTransform.ts
1726822005|edison|M|packages/compiler-ssr/src/transforms/ssrVIf.ts
1726822021|Alex Liu|M|packages/runtime-dom/src/components/Transition.ts
1726833579|Evan You|M|packages/reactivity/src/effect.ts
1726835500|Evan You|M|packages/reactivity/src/dep.ts
1726835500|Evan You|M|packages/reactivity/src/effect.ts
1726835817|山吹色御守|M|packages/runtime-core/src/apiDefineComponent.ts
1726835817|山吹色御守|M|packages/runtime-core/src/componentProps.ts
1726836495|linzhe|M|packages/reactivity/src/ref.ts
1726846773|Evan You|M|packages/reactivity/__tests__/computed.spec.ts
1726846773|Evan You|M|packages/reactivity/src/effect.ts
1726847405|Evan You|M|CHANGELOG.md
1726847405|Evan You|M|package.json
1726847405|Evan You|M|packages/compiler-core/package.json
1726847405|Evan You|M|packages/compiler-dom/package.json
1726847405|Evan You|M|packages/compiler-sfc/package.json
1726847405|Evan You|M|packages/compiler-ssr/package.json
1726847405|Evan You|M|packages/reactivity/package.json
1726847405|Evan You|M|packages/runtime-core/package.json
1726847405|Evan You|M|packages/runtime-dom/package.json
1726847405|Evan You|M|packages/server-renderer/package.json
1726847405|Evan You|M|packages/shared/package.json
1726847405|Evan You|M|packages/vue-compat/package.json
1726847405|Evan You|M|packages/vue/package.json
1726975450|Evan You|M|packages/reactivity/__tests__/computed.spec.ts
1726976975|Jürg Lehni|M|packages/reactivity/__tests__/computed.spec.ts
1726976975|Jürg Lehni|M|packages/reactivity/src/effect.ts
1726977194|Evan You|M|CHANGELOG.md
1726977194|Evan You|M|package.json
1726977194|Evan You|M|packages/compiler-core/package.json
1726977194|Evan You|M|packages/compiler-dom/package.json
1726977194|Evan You|M|packages/compiler-sfc/package.json
1726977194|Evan You|M|packages/compiler-ssr/package.json
1726977194|Evan You|M|packages/reactivity/package.json
1726977194|Evan You|M|packages/runtime-core/package.json
1726977194|Evan You|M|packages/runtime-dom/package.json
1726977194|Evan You|M|packages/server-renderer/package.json
1726977194|Evan You|M|packages/shared/package.json
1726977194|Evan You|M|packages/vue-compat/package.json
1726977194|Evan You|M|packages/vue/package.json
1727051904|Evan You|M|packages/runtime-core/src/helpers/useId.ts
1727172039|Boshen|M|packages/runtime-core/src/hydration.ts
1727172080|btea|M|packages/runtime-dom/src/directives/vModel.ts
1727172121|yangxiuxiu|M|packages/reactivity/src/dep.ts
1727341118|Evan You|M|packages/reactivity/__tests__/computed.spec.ts
1727341118|Evan You|M|packages/reactivity/__tests__/reactive.spec.ts
1727341118|Evan You|M|packages/reactivity/src/dep.ts
1727341118|Evan You|M|packages/reactivity/src/effect.ts
1727341205|山吹色御守|M|packages/runtime-core/src/componentEmits.ts
1727341537|edison|M|packages/compiler-sfc/src/parse.ts
1727341537|edison|M|packages/shared/src/general.ts
1727341537|edison|M|packages/vue-compat/src/index.ts
1727341537|edison|M|packages/vue/src/index.ts
1727341640|renovate[bot]|M|package.json
1727341640|renovate[bot]|M|packages-private/sfc-playground/src/download/template/package.json
1727341640|renovate[bot]|M|pnpm-lock.yaml
1727341728|edison|M|packages/runtime-core/__tests__/rendererChildren.spec.ts
1727341728|edison|M|packages/runtime-core/src/vnode.ts
1727347082|Evan You|M|packages/reactivity/__tests__/watch.spec.ts
1727347082|Evan You|M|packages/reactivity/src/effect.ts
1727350083|Evan You|M|CHANGELOG.md
1727350083|Evan You|M|package.json
1727350083|Evan You|M|packages/compiler-core/package.json
1727350083|Evan You|M|packages/compiler-dom/package.json
1727350083|Evan You|M|packages/compiler-sfc/package.json
1727350083|Evan You|M|packages/compiler-ssr/package.json
1727350083|Evan You|M|packages/reactivity/package.json
1727350083|Evan You|M|packages/runtime-core/package.json
1727350083|Evan You|M|packages/runtime-dom/package.json
1727350083|Evan You|M|packages/server-renderer/package.json
1727350083|Evan You|M|packages/shared/package.json
1727350083|Evan You|M|packages/vue-compat/package.json
1727350083|Evan You|M|packages/vue/package.json
1727350219|Evan You|M|scripts/release.js
1727400300|Evan You|M|packages/runtime-dom/__tests__/customElement.spec.ts
1727400300|Evan You|M|packages/runtime-dom/src/patchProp.ts
1727403781|Tycho|M|packages-private/dts-test/ref.test-d.ts
1727403781|Tycho|M|packages/reactivity/src/ref.ts
1727406394|Evan You|M|packages/reactivity/__tests__/computed.spec.ts
1727407356|Evan You|M|packages/reactivity/src/computed.ts
1727407356|Evan You|M|packages/reactivity/src/effect.ts
1727407356|Evan You|M|packages/runtime-core/__tests__/apiWatch.spec.ts
1727449811|Evan You|M|packages/reactivity/__tests__/watch.spec.ts
1727449811|Evan You|M|packages/reactivity/src/effect.ts
1727450193|Evan You|M|CHANGELOG.md
1727450193|Evan You|M|package.json
1727450193|Evan You|M|packages/compiler-core/package.json
1727450193|Evan You|M|packages/compiler-dom/package.json
1727450193|Evan You|M|packages/compiler-sfc/package.json
1727450193|Evan You|M|packages/compiler-ssr/package.json
1727450193|Evan You|M|packages/reactivity/package.json
1727450193|Evan You|M|packages/runtime-core/package.json
1727450193|Evan You|M|packages/runtime-dom/package.json
1727450193|Evan You|M|packages/server-renderer/package.json
1727450193|Evan You|M|packages/shared/package.json
1727450193|Evan You|M|packages/vue-compat/package.json
1727450193|Evan You|M|packages/vue/package.json
1727488569|山吹色御守|M|packages/compiler-sfc/src/script/definePropsDestructure.ts
1727522695|Evan You|M|packages/reactivity/src/dep.ts
1727968612|Tycho|M|packages/reactivity/__tests__/watch.spec.ts
1727968612|Tycho|M|packages/reactivity/src/computed.ts
1727968612|Tycho|M|packages/reactivity/src/effect.ts
1727968642|renovate[bot]|M|package.json
1727968642|renovate[bot]|M|packages/compiler-sfc/package.json
1727968642|renovate[bot]|M|pnpm-lock.yaml
1727968656|renovate[bot]|M|package.json
1727968656|renovate[bot]|M|pnpm-lock.yaml
1727968891|skirtle|M|packages/runtime-core/__tests__/scheduler.spec.ts
1727968891|skirtle|M|packages/runtime-core/src/scheduler.ts
1727968947|山吹色御守|M|packages/runtime-core/src/apiDefineComponent.ts
1727968947|山吹色御守|M|packages/shared/src/typeUtils.ts
1727968977|山吹色御守|M|packages/reactivity/src/reactive.ts
1727968977|山吹色御守|M|packages/reactivity/src/ref.ts
1727969049|山吹色御守|M|packages/runtime-core/src/apiDefineComponent.ts
1727970587|Evan You|M|CHANGELOG.md
1727970587|Evan You|M|package.json
1727970587|Evan You|M|packages/compiler-core/package.json
1727970587|Evan You|M|packages/compiler-dom/package.json
1727970587|Evan You|M|packages/compiler-sfc/package.json
1727970587|Evan You|M|packages/compiler-ssr/package.json
1727970587|Evan You|M|packages/reactivity/package.json
1727970587|Evan You|M|packages/runtime-core/package.json
1727970587|Evan You|M|packages/runtime-dom/package.json
1727970587|Evan You|M|packages/server-renderer/package.json
1727970587|Evan You|M|packages/shared/package.json
1727970587|Evan You|M|packages/vue-compat/package.json
1727970587|Evan You|M|packages/vue/package.json
1728029363|skirtle|M|packages/runtime-core/src/apiWatch.ts
1728029363|skirtle|M|packages/server-renderer/__tests__/ssrWatch.spec.ts
1728268398|renovate[bot]|M|packages-private/template-explorer/package.json
1728268398|renovate[bot]|M|pnpm-lock.yaml
1728268951|renovate[bot]|M|package.json
1728268951|renovate[bot]|M|pnpm-lock.yaml
1728269108|dependabot[bot]|M|pnpm-lock.yaml
1728269141|renovate[bot]|M|eslint.config.js
1728269141|renovate[bot]|M|package.json
1728269141|renovate[bot]|M|pnpm-lock.yaml
1728611526|edison|M|packages/runtime-dom/__tests__/customElement.spec.ts
1728611526|edison|M|packages/runtime-dom/src/modules/props.ts
1728611526|edison|M|packages/runtime-dom/src/patchProp.ts
1728613734|Tycho|M|packages/runtime-core/__tests__/helpers/renderSlot.spec.ts
1728613734|Tycho|M|packages/runtime-core/src/helpers/renderSlot.ts
1728613809|Tycho|M|packages-private/dts-test/defineComponent.test-d.tsx
1728613809|Tycho|M|packages/runtime-core/src/apiDefineComponent.ts
1728613861|w2xi|M|packages-private/sfc-playground/src/App.vue
1728613861|w2xi|M|packages-private/sfc-playground/src/Header.vue
1728614068|edison|M|packages/runtime-core/__tests__/hydration.spec.ts
1728614068|edison|M|packages/runtime-core/src/hydration.ts
1728614157|山吹色御守|M|packages/runtime-core/__tests__/helpers/useModel.spec.ts
1728614157|山吹色御守|M|packages/runtime-core/src/helpers/useModel.ts
1728614348|Tycho|M|packages/reactivity/__tests__/reactive.spec.ts
1728614348|Tycho|M|packages/reactivity/src/dep.ts
1728614515|edison|M|packages/compiler-dom/__tests__/transforms/__snapshots__/stringifyStatic.spec.ts.snap
1728614515|edison|M|packages/compiler-dom/__tests__/transforms/stringifyStatic.spec.ts
1728614515|edison|M|packages/compiler-dom/src/transforms/stringifyStatic.ts
1728614934|skirtle|M|packages/reactivity/__tests__/computed.spec.ts
1728614934|skirtle|M|packages/reactivity/src/effect.ts
1728614954|yangxiuxiu|M|packages/runtime-core/__tests__/helpers/useId.spec.ts
1728614954|yangxiuxiu|M|packages/runtime-core/src/component.ts
1728615036|linzhe|M|packages/runtime-core/src/components/Teleport.ts
1728615036|linzhe|M|packages/runtime-dom/__tests__/helpers/useCssVars.spec.ts
1728615117|linzhe|M|packages/compiler-sfc/__tests__/compileScript/__snapshots__/definePropsDestructure.spec.ts.snap
1728615117|linzhe|M|packages/compiler-sfc/__tests__/compileScript/definePropsDestructure.spec.ts
1728615117|linzhe|M|packages/compiler-sfc/src/script/definePropsDestructure.ts
1728615225|edison|M|packages/runtime-core/__tests__/rendererTemplateRef.spec.ts
1728615225|edison|M|packages/runtime-core/src/rendererTemplateRef.ts
1728615778|YangLGggggggggg|M|packages/runtime-core/__tests__/componentProps.spec.ts
1728615778|YangLGggggggggg|M|packages/runtime-core/src/componentProps.ts
1728615954|山吹色御守|M|packages/compiler-sfc/src/style/preprocessors.ts
1728616027|山吹色御守|M|packages/compiler-core/src/parser.ts
1728616027|山吹色御守|M|packages/compiler-core/src/transforms/vIf.ts
1728616635|edison|M|packages-private/dts-test/setupHelpers.test-d.ts
1728616635|edison|M|packages/runtime-core/src/apiSetupHelpers.ts
1728616921|Michael Brevard|M|packages/runtime-core/src/hydrationStrategies.ts
1728617043|KevinXi|M|packages/reactivity/__tests__/reactiveArray.spec.ts
1728617148|Evan You|M|packages/reactivity/__tests__/reactiveArray.spec.ts
1728651608|Tycho|M|packages/runtime-dom/src/directives/vModel.ts
1728651608|Tycho|A|packages/vue/__tests__/e2e/vModel.spec.ts
1728652209|skirtle|M|packages/reactivity/src/collectionHandlers.ts
1728652352|Evan You|M|CHANGELOG.md
1728652352|Evan You|M|package.json
1728652352|Evan You|M|packages/compiler-core/package.json
1728652352|Evan You|M|packages/compiler-dom/package.json
1728652352|Evan You|M|packages/compiler-sfc/package.json
1728652352|Evan You|M|packages/compiler-ssr/package.json
1728652352|Evan You|M|packages/reactivity/package.json
1728652352|Evan You|M|packages/runtime-core/package.json
1728652352|Evan You|M|packages/runtime-dom/package.json
1728652352|Evan You|M|packages/server-renderer/package.json
1728652352|Evan You|M|packages/shared/package.json
1728652352|Evan You|M|packages/vue-compat/package.json
1728652352|Evan You|M|packages/vue/package.json
1728865098|skirtle|M|packages/runtime-core/src/component.ts
1728871593|renovate[bot]|M|package.json
1728871593|renovate[bot]|M|packages/compiler-sfc/package.json
1728871593|renovate[bot]|M|pnpm-lock.yaml
1728871631|renovate[bot]|M|package.json
1728871631|renovate[bot]|M|pnpm-lock.yaml
1728871753|zr|M|packages/compiler-sfc/__tests__/compileScript/__snapshots__/defineProps.spec.ts.snap
1728871753|zr|M|packages/compiler-sfc/__tests__/compileScript/defineProps.spec.ts
1728871827|远方os|M|packages/shared/__tests__/normalizeProp.spec.ts
1728872072|btea|M|packages/runtime-core/__tests__/rendererAttrsFallthrough.spec.ts
1728872072|btea|M|packages/runtime-core/src/componentRenderUtils.ts
1728876253|edison|M|packages/compiler-sfc/__tests__/compileScript/__snapshots__/defineProps.spec.ts.snap
1728890067|renovate[bot]|M|package.json
1728890067|renovate[bot]|M|pnpm-lock.yaml
1728890081|renovate[bot]|M|package.json
1728890081|renovate[bot]|M|pnpm-lock.yaml
1729137603|Tycho|M|packages/vue/README.md
1729477522|renovate[bot]|M|package.json
1729477522|renovate[bot]|M|packages-private/sfc-playground/src/download/template/package.json
1729477522|renovate[bot]|M|pnpm-lock.yaml
1729477881|renovate[bot]|M|package.json
1729477881|renovate[bot]|M|pnpm-lock.yaml
1729562011|renovate[bot]|M|package.json
1729562011|renovate[bot]|M|packages/compiler-sfc/package.json
1729562011|renovate[bot]|M|pnpm-lock.yaml
1730078241|renovate[bot]|M|package.json
1730078241|renovate[bot]|M|packages-private/sfc-playground/src/download/template/package.json
1730078241|renovate[bot]|M|pnpm-lock.yaml
1730078269|renovate[bot]|M|package.json
1730078269|renovate[bot]|M|packages/compiler-sfc/package.json
1730078269|renovate[bot]|M|pnpm-lock.yaml
1730078594|renovate[bot]|M|package.json
1730078594|renovate[bot]|M|pnpm-lock.yaml
1730078634|renovate[bot]|M|package.json
1730078634|renovate[bot]|M|pnpm-lock.yaml
1730094248|renovate[bot]|M|package.json
1730682542|renovate[bot]|M|package.json
1730682542|renovate[bot]|M|pnpm-lock.yaml
1730683509|renovate[bot]|M|package.json
1730683509|renovate[bot]|M|packages/compiler-sfc/package.json
1730683509|renovate[bot]|M|pnpm-lock.yaml
1730701154|renovate[bot]|M|package.json
1730701154|renovate[bot]|M|pnpm-lock.yaml
1730702285|renovate[bot]|M|package.json
1730702285|renovate[bot]|M|pnpm-lock.yaml
1731266272|renovate[bot]|M|.github/renovate.json5
1731291469|renovate[bot]|M|package.json
1731291469|renovate[bot]|M|packages-private/sfc-playground/src/download/template/package.json
1731291469|renovate[bot]|M|pnpm-lock.yaml
1731291654|renovate[bot]|M|packages/compiler-sfc/package.json
1731291654|renovate[bot]|M|pnpm-lock.yaml
1731478412|Evan You|M|package.json
1731483077|Evan You|M|.vscode/settings.json
1731514958|Evan You|A|.well-known/funding-manifest-urls
1731544728|Evan You|M|package.json
1731544728|Evan You|M|packages/reactivity/__benchmarks__/computed.bench.ts
1731544728|Evan You|M|packages/reactivity/__benchmarks__/effect.bench.ts
1731544728|Evan You|M|packages/reactivity/__benchmarks__/reactiveArray.bench.ts
1731544728|Evan You|M|packages/reactivity/__benchmarks__/reactiveMap.bench.ts
1731544728|Evan You|M|packages/reactivity/__benchmarks__/reactiveObject.bench.ts
1731544728|Evan You|M|packages/reactivity/__benchmarks__/ref.bench.ts
1731544728|Evan You|M|packages/server-renderer/__tests__/createBuffer.bench.ts
1731544728|Evan You|M|packages/server-renderer/__tests__/unrollBuffer.bench.ts
1731564761|Evan You|M|packages/reactivity/__tests__/effectScope.spec.ts
1731564761|Evan You|M|packages/reactivity/src/effectScope.ts
1731564761|Evan You|M|packages/reactivity/src/watch.ts
1731565462|edison|M|packages/reactivity/__tests__/effectScope.spec.ts
1731565462|edison|M|packages/reactivity/src/effectScope.ts
1731565462|edison|M|packages/runtime-core/__tests__/apiWatch.spec.ts
1731567235|edison|M|packages/compiler-core/__tests__/transforms/__snapshots__/vOnce.spec.ts.snap
1731567235|edison|M|packages/compiler-core/src/ast.ts
1731567235|edison|M|packages/compiler-core/src/codegen.ts
1731567235|edison|M|packages/compiler-core/src/transform.ts
1731567235|edison|M|packages/compiler-core/src/transforms/vOnce.ts
1731567235|edison|M|packages/runtime-core/__tests__/rendererOptimizedMode.spec.ts
1731567235|edison|M|packages/runtime-core/__tests__/vnode.spec.ts
1731567235|edison|M|packages/runtime-core/src/vnode.ts
1731568469|linzhe|M|packages/compiler-core/__tests__/transforms/__snapshots__/vMemo.spec.ts.snap
1731568469|linzhe|M|packages/compiler-core/__tests__/transforms/vMemo.spec.ts
1731568469|linzhe|M|packages/compiler-core/src/transforms/transformExpression.ts
1731568469|linzhe|M|packages/compiler-core/src/transforms/vFor.ts
1731570579|Evan You|M|packages/runtime-dom/__tests__/helpers/useCssVars.spec.ts
1731570579|Evan You|M|packages/runtime-dom/src/helpers/useCssVars.ts
1731571108|linzhe|M|packages/runtime-dom/__tests__/helpers/useCssVars.spec.ts
1731571108|linzhe|M|packages/runtime-dom/src/helpers/useCssVars.ts
1731588918|edison|M|packages/runtime-core/__tests__/components/Teleport.spec.ts
1731588918|edison|M|packages/runtime-core/src/components/Teleport.ts
1731598438|Evan You|M|rollup.config.js
1731638244|edison|M|packages/reactivity/src/effectScope.ts
1731638275|edison|M|packages/compiler-sfc/package.json
1731638275|edison|M|packages/compiler-sfc/src/style/pluginScoped.ts
1731638275|edison|M|pnpm-lock.yaml
1731638426|edison|M|packages/runtime-core/src/components/BaseTransition.ts
1731638819|edison|M|packages-private/dts-test/setupHelpers.test-d.ts
1731638819|edison|M|packages/runtime-core/src/apiSetupHelpers.ts
1731639026|Evan You|M|packages/vue/__tests__/e2e/Transition.spec.ts
1731639368|edison|M|packages/compiler-dom/__tests__/transforms/__snapshots__/stringifyStatic.spec.ts.snap
1731639368|edison|M|packages/compiler-dom/__tests__/transforms/stringifyStatic.spec.ts
1731639368|edison|M|packages/shared/__tests__/normalizeProp.spec.ts
1731639368|edison|M|packages/shared/src/normalizeProp.ts
1731639624|zhangenming|M|packages/reactivity/src/baseHandlers.ts
1731661451|Evan You|M|packages-private/sfc-playground/src/Header.vue
1731662459|Evan You|M|packages/runtime-dom/__tests__/customElement.spec.ts
1731662459|Evan You|M|packages/runtime-dom/src/apiCustomElement.ts
1731665938|linzhe|M|packages/runtime-core/__tests__/hydration.spec.ts
1731665938|linzhe|M|packages/runtime-core/src/hydration.ts
1731677781|Tadas|M|packages/runtime-dom/src/components/Transition.ts
1731677781|Tadas|M|packages/vue/__tests__/e2e/Transition.spec.ts
1731677781|Tadas|M|packages/vue/__tests__/e2e/e2eUtils.ts
1731677781|Tadas|M|packages/vue/__tests__/e2e/transition.html
1731679370|Bulat Aikaev|M|packages/compiler-ssr/__tests__/ssrElement.spec.ts
1731679370|Bulat Aikaev|M|packages/compiler-ssr/src/transforms/ssrTransformElement.ts
1731679881|edison|M|packages/runtime-core/__tests__/hydration.spec.ts
1731679881|edison|M|packages/runtime-core/src/hydration.ts
1731681142|edison|M|packages/runtime-core/__tests__/rendererTemplateRef.spec.ts
1731681142|edison|M|packages/runtime-core/src/rendererTemplateRef.ts
1731681159|edison|M|packages/compiler-ssr/__tests__/ssrVModel.spec.ts
1731681159|edison|M|packages/compiler-ssr/src/transforms/ssrVModel.ts
1731681928|Evan You|M|CHANGELOG.md
1731681928|Evan You|M|package.json
1731681928|Evan You|M|packages/compiler-core/package.json
1731681928|Evan You|M|packages/compiler-dom/package.json
1731681928|Evan You|M|packages/compiler-sfc/package.json
1731681928|Evan You|M|packages/compiler-ssr/package.json
1731681928|Evan You|M|packages/reactivity/package.json
1731681928|Evan You|M|packages/runtime-core/package.json
1731681928|Evan You|M|packages/runtime-dom/package.json
1731681928|Evan You|M|packages/server-renderer/package.json
1731681928|Evan You|M|packages/shared/package.json
1731681928|Evan You|M|packages/vue-compat/package.json
1731681928|Evan You|M|packages/vue/package.json
1731896892|renovate[bot]|M|package.json
1731896892|renovate[bot]|M|pnpm-lock.yaml
1731897074|renovate[bot]|M|packages/compiler-sfc/package.json
1731897074|renovate[bot]|M|pnpm-lock.yaml
1731900569|renovate[bot]|M|package.json
1731900569|renovate[bot]|M|packages-private/sfc-playground/src/download/template/package.json
1731900569|renovate[bot]|M|pnpm-lock.yaml
1731900602|renovate[bot]|M|package.json
1731900602|renovate[bot]|M|packages/compiler-sfc/package.json
1731900602|renovate[bot]|M|pnpm-lock.yaml
1732019348|Liu Bo|M|packages/runtime-core/src/componentOptions.ts
1732258275|renovate[bot]|M|package.json
1732258275|renovate[bot]|M|pnpm-lock.yaml
1732668162|renovate[bot]|M|package.json
1732668162|renovate[bot]|M|packages-private/sfc-playground/src/download/template/package.json
1732668162|renovate[bot]|M|pnpm-lock.yaml
1732668547|renovate[bot]|M|package.json
1732668547|renovate[bot]|M|pnpm-lock.yaml
1733361772|renovate[bot]|M|package.json
1733361772|renovate[bot]|M|packages/compiler-sfc/package.json
1733361772|renovate[bot]|M|pnpm-lock.yaml
1733361808|renovate[bot]|M|package.json
1733361808|renovate[bot]|M|pnpm-lock.yaml
1733707858|renovate[bot]|M|package.json
1733707858|renovate[bot]|M|pnpm-lock.yaml
1734316981|LiquidAssContainer|M|packages/compiler-core/src/transforms/vBind.ts
1734316981|LiquidAssContainer|M|packages/compiler-core/src/transforms/vOn.ts
1734317324|renovate[bot]|M|package.json
1734317324|renovate[bot]|M|packages/compiler-sfc/package.json
1734317324|renovate[bot]|M|pnpm-lock.yaml
1734317345|renovate[bot]|M|packages-private/template-explorer/package.json
1734317345|renovate[bot]|M|pnpm-lock.yaml
1734317361|renovate[bot]|M|package.json
1734317361|renovate[bot]|M|pnpm-lock.yaml
1734317378|renovate[bot]|M|package.json
1734317378|renovate[bot]|M|pnpm-lock.yaml
1734319597|renovate[bot]|M|package.json
1734319597|renovate[bot]|M|pnpm-lock.yaml
1734591485|Marc Bernard|M|changelogs/CHANGELOG-3.4.md
1734923125|renovate[bot]|M|package.json
1734923125|renovate[bot]|M|pnpm-lock.yaml
1734923336|renovate[bot]|M|package.json
1734923336|renovate[bot]|M|pnpm-lock.yaml
1734923691|renovate[bot]|M|package.json
1734923691|renovate[bot]|M|pnpm-lock.yaml
1734923711|renovate[bot]|M|package.json
1734923711|renovate[bot]|M|pnpm-lock.yaml
1734923854|renovate[bot]|M|package.json
1734923854|renovate[bot]|M|packages-private/sfc-playground/src/download/template/package.json
1734923854|renovate[bot]|M|pnpm-lock.yaml
1734924358|edison|M|package.json
1734924358|edison|M|pnpm-lock.yaml
1735523832|renovate[bot]|M|package.json
1735523832|renovate[bot]|M|packages-private/sfc-playground/src/download/template/package.json
1735523832|renovate[bot]|M|pnpm-lock.yaml
1735523848|renovate[bot]|M|package.json
1735888825|我想静静|M|vitest.config.ts
1736330864|Evan You|M|packages/reactivity/src/effectScope.ts
1736330864|Evan You|M|packages/runtime-core/__tests__/apiWatch.spec.ts
1736645875|renovate[bot]|M|packages-private/sfc-playground/package.json
1736645875|renovate[bot]|M|pnpm-lock.yaml
1736645886|renovate[bot]|M|package.json
1736645886|renovate[bot]|M|pnpm-lock.yaml
1736645905|renovate[bot]|M|packages/compiler-sfc/package.json
1736645905|renovate[bot]|M|pnpm-lock.yaml
1736645946|renovate[bot]|M|package.json
1736645946|renovate[bot]|M|packages-private/sfc-playground/src/download/template/package.json
1736645946|renovate[bot]|M|pnpm-lock.yaml
1736645979|renovate[bot]|M|.github/workflows/size-report.yml
1736647073|renovate[bot]|M|package.json
1736647073|renovate[bot]|M|packages/compiler-sfc/package.json
1736647073|renovate[bot]|M|pnpm-lock.yaml
1736728394|renovate[bot]|M|.github/workflows/autofix.yml
1736820548|edison|M|package.json
1736820548|edison|M|packages/vue/__tests__/e2e/todomvc.spec.ts
1736820548|edison|M|pnpm-lock.yaml
1736820944|renovate[bot]|M|package.json
1736820944|renovate[bot]|M|pnpm-lock.yaml
1737077172|edison|M|packages/vue/__tests__/e2e/e2eUtils.ts
1737333060|renovate[bot]|M|package.json
1737333060|renovate[bot]|M|pnpm-lock.yaml
1737333076|renovate[bot]|M|package.json
1737333076|renovate[bot]|M|pnpm-lock.yaml
1737333660|renovate[bot]|M|package.json
1737333660|renovate[bot]|M|packages/compiler-sfc/package.json
1737333660|renovate[bot]|M|pnpm-lock.yaml
1737337368|renovate[bot]|M|package.json
1737337368|renovate[bot]|M|pnpm-lock.yaml
1737337386|renovate[bot]|M|package.json
1737337386|renovate[bot]|M|pnpm-lock.yaml
1737337403|renovate[bot]|M|packages/compiler-sfc/package.json
1737337403|renovate[bot]|M|pnpm-lock.yaml
1737422884|Tycho|M|packages/compiler-sfc/src/compileScript.ts
1738153106|renovate[bot]|M|package.json
1738153106|renovate[bot]|M|pnpm-lock.yaml
1738153138|renovate[bot]|M|package.json
1738153138|renovate[bot]|M|packages-private/sfc-playground/src/download/template/package.json
1738153138|renovate[bot]|M|pnpm-lock.yaml
1738153340|Jeff Muizelaar|M|packages/vue/__tests__/e2e/todomvc.spec.ts
1738153340|Jeff Muizelaar|M|packages/vue/__tests__/e2e/tree.spec.ts
1738329158|renovate[bot]|M|pnpm-lock.yaml
1738715110|renovate[bot]|M|pnpm-lock.yaml
1738715274|renovate[bot]|M|package.json
1738715274|renovate[bot]|M|pnpm-lock.yaml
1738715274|renovate[bot]|M|pnpm-workspace.yaml
1738715485|renovate[bot]|M|package.json
1738715485|renovate[bot]|M|pnpm-lock.yaml
1739151519|renovate[bot]|M|package.json
1739151519|renovate[bot]|M|pnpm-lock.yaml
1739151789|renovate[bot]|M|package.json
1739151789|renovate[bot]|M|packages-private/sfc-playground/src/download/template/package.json
1739151789|renovate[bot]|M|pnpm-lock.yaml
1739258289|Aaron-zon|M|packages/compiler-sfc/src/rewriteDefault.ts
1739259894|Bob|M|tsconfig.build.json
1739345408|edison|M|packages/runtime-core/src/components/KeepAlive.ts
1739345408|edison|M|packages/runtime-core/src/renderer.ts
1739345408|edison|M|packages/vue/__tests__/e2e/Transition.spec.ts
1739773616|renovate[bot]|M|package.json
1739773616|renovate[bot]|M|packages-private/sfc-playground/src/App.vue
1739773616|renovate[bot]|M|packages-private/template-explorer/style.css
1739773616|renovate[bot]|M|pnpm-lock.yaml
1739773645|renovate[bot]|M|package.json
1739773645|renovate[bot]|M|pnpm-lock.yaml
1739774557|renovate[bot]|M|package.json
1739774557|renovate[bot]|M|pnpm-lock.yaml
1739775022|renovate[bot]|M|.github/workflows/autofix.yml
1739775022|renovate[bot]|M|.github/workflows/canary-minor.yml
1739775022|renovate[bot]|M|.github/workflows/canary.yml
1739775022|renovate[bot]|M|.github/workflows/size-data.yml
1739775022|renovate[bot]|M|.github/workflows/size-report.yml
1739775022|renovate[bot]|M|.github/workflows/test.yml
1739775022|renovate[bot]|M|package.json
1739775022|renovate[bot]|M|packages/compiler-sfc/package.json
1739775022|renovate[bot]|M|pnpm-lock.yaml
1739775022|renovate[bot]|M|pnpm-workspace.yaml
1739776030|edison|M|packages/compiler-sfc/__tests__/parse.spec.ts
1739776030|edison|M|packages/compiler-sfc/src/compileTemplate.ts
1739782247|edison|M|.node-version
1739782733|renovate[bot]|M|package.json
1739837914|inottn|M|scripts/size-report.js
1739946330|FatRadish|M|packages/reactivity/__tests__/reactive.spec.ts
1739946330|FatRadish|M|packages/reactivity/src/reactive.ts
1739969391|btea|M|package.json
1740042031|Sunny|M|packages/reactivity/__tests__/reactive.spec.ts
1740361005|renovate[bot]|M|package.json
1740361005|renovate[bot]|M|packages-private/sfc-playground/src/download/template/package.json
1740361005|renovate[bot]|M|pnpm-lock.yaml
1740361037|renovate[bot]|M|package.json
1740361037|renovate[bot]|M|pnpm-lock.yaml
1740468258|zhiyuanzmj|M|.github/workflows/ci.yml
1740487190|edison|M|.github/workflows/ci.yml
1741047976|renovate[bot]|M|package.json
1741047976|renovate[bot]|M|pnpm-lock.yaml
1741090544|renovate[bot]|M|package.json
1741090544|renovate[bot]|M|packages/compiler-sfc/package.json
1741090544|renovate[bot]|M|pnpm-lock.yaml
1741592791|renovate[bot]|M|package.json
1741592791|renovate[bot]|M|packages-private/sfc-playground/src/download/template/package.json
1741592791|renovate[bot]|M|pnpm-lock.yaml
1741592807|renovate[bot]|M|package.json
1741592807|renovate[bot]|M|pnpm-lock.yaml
1741739429|@beer|M|netlify.toml
1741911469|Shinigami|M|packages-private/dts-test/ref.test-d.ts
1741911469|Shinigami|M|packages/runtime-core/src/helpers/useTemplateRef.ts
1741911469|Shinigami|M|packages/runtime-core/src/index.ts
1741911546|edison|M|packages/runtime-core/src/customFormatter.ts
1742170689|Bald-M|M|scripts/verify-treeshaking.js
1742173357|renovate[bot]|M|package.json
1742173357|renovate[bot]|M|packages-private/sfc-playground/src/download/template/package.json
1742173357|renovate[bot]|M|pnpm-lock.yaml
1742173380|renovate[bot]|M|package.json
1742174993|renovate[bot]|M|package.json
1742174993|renovate[bot]|M|pnpm-lock.yaml
1742180514|renovate[bot]|M|package.json
1742180514|renovate[bot]|M|pnpm-lock.yaml
1742189220|renovate[bot]|M|packages-private/sfc-playground/src/download/template/package.json
1742189220|renovate[bot]|M|pnpm-lock.yaml
1742189220|renovate[bot]|M|pnpm-workspace.yaml
1742189237|renovate[bot]|M|packages/compiler-sfc/package.json
1742189237|renovate[bot]|M|pnpm-lock.yaml
1742189237|renovate[bot]|M|pnpm-workspace.yaml
1742355539|Buer Yang|M|packages-private/dts-test/appDirective.test-d.ts
1742355539|Buer Yang|M|packages-private/dts-test/directives.test-d.ts
1742355539|Buer Yang|M|packages/runtime-core/src/directives.ts
1742355872|Tycho|M|packages-private/dts-test/appUse.test-d.ts
1742355872|Tycho|M|packages/runtime-core/src/apiCreateApp.ts
1742368452|edison|M|README.md
1742458191|Tycho|M|packages-private/sfc-playground/src/download/download.ts
1742458191|Tycho|M|packages-private/sfc-playground/src/download/template/package.json
1742775635|Eduardo San Martin Morote|M|packages/reactivity/src/reactive.ts
1742775635|Eduardo San Martin Morote|M|packages/reactivity/src/ref.ts
1742784847|renovate[bot]|M|package.json
1742784847|renovate[bot]|M|pnpm-lock.yaml
1742785145|renovate[bot]|M|package.json
1742785145|renovate[bot]|M|pnpm-lock.yaml
1742785180|renovate[bot]|M|package.json
1742785180|renovate[bot]|M|packages-private/sfc-playground/src/download/template/package.json
1742785180|renovate[bot]|M|pnpm-lock.yaml
1742785180|renovate[bot]|M|pnpm-workspace.yaml
1742861569|renovate[bot]|M|package.json
1742861569|renovate[bot]|M|packages/compiler-sfc/package.json
1742861569|renovate[bot]|M|pnpm-lock.yaml
1742861587|renovate[bot]|M|packages-private/sfc-playground/package.json
1742861587|renovate[bot]|M|pnpm-lock.yaml
1742861650|renovate[bot]|M|.github/workflows/size-report.yml
1743256836|Leedom|M|README.md
1743390823|renovate[bot]|M|package.json
1743390823|renovate[bot]|M|packages-private/sfc-playground/src/download/template/package.json
1743390823|renovate[bot]|M|pnpm-lock.yaml
1743390823|renovate[bot]|M|pnpm-workspace.yaml
1743402671|Ecco|M|packages/runtime-dom/src/patchProp.ts
1743404517|renovate[bot]|M|pnpm-lock.yaml
1743404517|renovate[bot]|M|pnpm-workspace.yaml
1743404535|renovate[bot]|M|package.json
1743404535|renovate[bot]|M|pnpm-lock.yaml
1743405054|renovate[bot]|M|package.json
1743405054|renovate[bot]|M|pnpm-lock.yaml
1743563549|linzhe|M|packages/compiler-core/src/parser.ts
1744096277|renovate[bot]|M|package.json
1744096277|renovate[bot]|M|packages/compiler-sfc/package.json
1744096277|renovate[bot]|M|pnpm-lock.yaml
1744116422|bornkiss|M|README.md
1744157443|renovate[bot]|M|pnpm-lock.yaml
1744271513|renovate[bot]|M|package.json
1744271513|renovate[bot]|M|packages-private/sfc-playground/src/download/template/package.json
1744271513|renovate[bot]|M|pnpm-lock.yaml
1744621686|山吹色御守|M|packages/compiler-sfc/src/compileScript.ts
1744621739|renovate[bot]|M|package.json
1744621739|renovate[bot]|M|pnpm-lock.yaml
1744676262|renovate[bot]|M|pnpm-lock.yaml
1744676277|renovate[bot]|M|package.json
1744676277|renovate[bot]|M|pnpm-lock.yaml
1745280932|renovate[bot]|M|package.json
1745280950|renovate[bot]|M|packages-private/sfc-playground/src/download/template/package.json
1745366311|Jasper Kisro|M|CHANGELOG.md
1745368275|renovate[bot]|M|packages/compiler-sfc/__tests__/compileStyle.spec.ts
1745368275|renovate[bot]|M|pnpm-lock.yaml
1745453474|renovate[bot]|M|pnpm-lock.yaml
1745913560|renovate[bot]|M|pnpm-lock.yaml
1745915250|renovate[bot]|M|package.json
1745915250|renovate[bot]|M|packages-private/sfc-playground/src/download/template/package.json
1745915250|renovate[bot]|M|pnpm-lock.yaml
1745915264|renovate[bot]|M|package.json
1745915264|renovate[bot]|M|pnpm-lock.yaml
1746093280|dopamine|M|packages/runtime-core/src/renderer.ts
1746093336|edison|M|packages/compiler-core/__tests__/transforms/cacheStatic.spec.ts
1746093336|edison|M|packages/compiler-core/src/transforms/cacheStatic.ts
1746093336|edison|M|packages/compiler-core/src/transforms/vSlot.ts
1746093336|edison|M|packages/runtime-core/src/componentSlots.ts
1746093336|edison|M|packages/runtime-core/src/renderer.ts
1746093402|dopamine|M|packages/runtime-core/src/renderer.ts
1746093487|edison|M|packages/runtime-dom/src/components/TransitionGroup.ts
1746093487|edison|M|packages/vue/__tests__/e2e/TransitionGroup.spec.ts
1746108137|edison|M|packages/reactivity/__tests__/computed.spec.ts
1746108137|edison|M|packages/reactivity/src/effect.ts
1746177481|edison|M|packages/runtime-core/__tests__/components/Teleport.spec.ts
1746177481|edison|M|packages/runtime-core/src/components/Teleport.ts
1746179283|edison|M|packages/runtime-core/src/component.ts
1746179283|edison|M|packages/server-renderer/__tests__/ssrSlot.spec.ts
1746179594|yangxiuxiu|M|packages/runtime-core/__tests__/componentSlots.spec.ts
1746179594|yangxiuxiu|M|packages/runtime-core/src/componentSlots.ts
1746179724|Tycho|M|packages/runtime-core/__tests__/helpers/renderList.spec.ts
1746179724|Tycho|M|packages/runtime-core/src/helpers/renderList.ts
1746449599|renovate[bot]|M|pnpm-lock.yaml
1746449599|renovate[bot]|M|pnpm-workspace.yaml
1746621345|edison|M|CHANGELOG.md
1746864470|renovate[bot]|M|package.json
1746864470|renovate[bot]|M|packages-private/sfc-playground/src/download/template/package.json
1746864470|renovate[bot]|M|pnpm-lock.yaml
1746864470|renovate[bot]|M|pnpm-workspace.yaml
1746886793|btea|M|package.json
1746886793|btea|M|pnpm-workspace.yaml
1747107899|renovate[bot]|M|package.json
1747107899|renovate[bot]|M|pnpm-lock.yaml
1747121348|renovate[bot]|M|pnpm-lock.yaml
1747121348|renovate[bot]|M|pnpm-workspace.yaml
1747145750|edison|M|packages/runtime-core/__tests__/hydration.spec.ts
1747145750|edison|M|packages/runtime-core/src/renderer.ts
1747145805|yangxiuxiu|M|packages/runtime-core/__tests__/components/BaseTransition.spec.ts
1747145805|yangxiuxiu|M|packages/runtime-core/src/components/BaseTransition.ts
1747145844|edison|M|packages/compiler-sfc/__tests__/compileScript/__snapshots__/definePropsDestructure.spec.ts.snap
1747145844|edison|M|packages/compiler-sfc/__tests__/compileScript/definePropsDestructure.spec.ts
1747145844|edison|M|packages/compiler-sfc/src/script/definePropsDestructure.ts
1747145908|tonicli|M|packages/runtime-core/__tests__/components/Teleport.spec.ts
1747145908|tonicli|M|packages/runtime-core/src/renderer.ts
1747146203|edison|M|packages/runtime-core/__tests__/hydration.spec.ts
1747146203|edison|M|packages/runtime-core/src/apiCreateApp.ts
1747278782|daiwei|M|CHANGELOG.md
1747278782|daiwei|M|package.json
1747278782|daiwei|M|packages/compiler-core/package.json
1747278782|daiwei|M|packages/compiler-dom/package.json
1747278782|daiwei|M|packages/compiler-sfc/package.json
1747278782|daiwei|M|packages/compiler-ssr/package.json
1747278782|daiwei|M|packages/reactivity/package.json
1747278782|daiwei|M|packages/runtime-core/package.json
1747278782|daiwei|M|packages/runtime-dom/package.json
1747278782|daiwei|M|packages/server-renderer/package.json
1747278782|daiwei|M|packages/shared/package.json
1747278782|daiwei|M|packages/vue-compat/package.json
1747278782|daiwei|M|packages/vue/package.json
1747354052|Adrian Cerbaro|M|packages/runtime-core/src/apiCreateApp.ts
1747354052|Adrian Cerbaro|M|packages/runtime-core/src/apiInject.ts
1747354052|Adrian Cerbaro|M|packages/runtime-dom/__tests__/customElement.spec.ts
1747354052|Adrian Cerbaro|M|packages/runtime-dom/src/apiCustomElement.ts
1747354921|edison|M|packages/runtime-core/src/apiAsyncComponent.ts
1747354921|edison|M|packages/vue/__tests__/e2e/hydration-strat-media.html
1747354921|edison|M|packages/vue/__tests__/e2e/hydrationStrategies.spec.ts
1747354957|edison|M|packages/compiler-core/src/codegen.ts
1747354957|edison|M|packages/compiler-sfc/__tests__/compileTemplate.spec.ts
1747355533|linzhe|M|packages/compiler-sfc/__tests__/compileScript/__snapshots__/defineProps.spec.ts.snap
1747355533|linzhe|M|packages/compiler-sfc/__tests__/compileScript/defineProps.spec.ts
1747355533|linzhe|M|packages/compiler-sfc/src/script/resolveType.ts
1747355575|edison|M|packages/runtime-core/__tests__/rendererOptimizedMode.spec.ts
1747355575|edison|M|packages/runtime-core/src/renderer.ts
1747355927|Teages|M|packages/compiler-sfc/__tests__/compileScript/resolveType.spec.ts
1747355927|Teages|M|packages/compiler-sfc/src/script/resolveType.ts
1747357531|edison|M|packages/compiler-dom/__tests__/transforms/validateHtmlNesting.spec.ts
1747357531|edison|M|packages/compiler-dom/src/htmlNesting.ts
1747700874|edison|M|packages/runtime-core/__tests__/components/Teleport.spec.ts
1747700874|edison|M|packages/runtime-core/src/components/Teleport.ts
1747700923|edison|M|packages/runtime-core/__tests__/hydration.spec.ts
1747700923|edison|M|packages/runtime-core/src/hydration.ts
1747701276|edison|M|packages/runtime-dom/__tests__/customElement.spec.ts
1747701276|edison|M|packages/runtime-dom/src/apiCustomElement.ts
1747701831|edison|M|packages/runtime-dom/src/modules/attrs.ts
1747701831|edison|M|packages/vue-compat/__tests__/misc.spec.ts
1747701853|Tycho|M|packages/reactivity/__tests__/watch.spec.ts
1747701853|Tycho|M|packages/reactivity/src/watch.ts
1747701875|Tycho|M|packages-private/dts-test/componentInstance.test-d.tsx
1747701875|Tycho|M|packages/runtime-core/src/component.ts
1747701961|edison|M|packages/compiler-sfc/__tests__/compileScript.spec.ts
1747701961|edison|M|packages/compiler-sfc/__tests__/compileTemplate.spec.ts
1747701961|edison|M|packages/compiler-sfc/__tests__/utils.ts
1747701961|edison|M|packages/compiler-sfc/src/compileScript.ts
1747789565|Runyasak Chaengnaimuang|M|packages/compiler-sfc/__tests__/compileScript.spec.ts
1747789565|Runyasak Chaengnaimuang|M|packages/compiler-sfc/__tests__/compileScript/defineModel.spec.ts
1747789565|Runyasak Chaengnaimuang|M|packages/compiler-sfc/src/script/defineModel.ts
1747789597|renovate[bot]|M|package.json
1747789597|renovate[bot]|M|pnpm-lock.yaml
1747789621|renovate[bot]|M|package.json
1747789621|renovate[bot]|M|pnpm-lock.yaml
1747790262|renovate[bot]|M|package.json
1747790262|renovate[bot]|M|pnpm-lock.yaml
1747790445|renovate[bot]|M|package.json
1747790445|renovate[bot]|M|packages/compiler-sfc/package.json
1747790445|renovate[bot]|M|pnpm-lock.yaml
1747872213|Tycho|M|packages-private/dts-test/defineComponent.test-d.tsx
1747872213|Tycho|M|packages/runtime-core/src/componentProps.ts
1747872339|edison|M|packages/runtime-dom/__tests__/customElement.spec.ts
1747872339|edison|M|packages/runtime-dom/src/apiCustomElement.ts
1747874307|edison|M|packages/runtime-dom/__tests__/customElement.spec.ts
1747874307|edison|M|packages/runtime-dom/src/apiCustomElement.ts
1747874487|thecodewarrior|M|packages/compiler-sfc/__tests__/compileStyle.spec.ts
1747874487|thecodewarrior|M|packages/compiler-sfc/src/style/pluginScoped.ts
1747874674|yangxiuxiu|M|packages/compiler-core/src/transforms/transformElement.ts
1747874674|yangxiuxiu|M|packages/vue-compat/__tests__/compiler.spec.ts
1747885138|edison|M|packages/compiler-sfc/src/compileScript.ts
1747885138|edison|M|packages/server-renderer/__tests__/webStream.spec.ts
1747900100|edison|M|.github/workflows/test.yml
1748222849|renovate[bot]|M|package.json
1748222849|renovate[bot]|M|pnpm-lock.yaml
1748222903|renovate[bot]|M|package.json
1748222903|renovate[bot]|M|pnpm-lock.yaml
1748223695|renovate[bot]|M|package.json
1748223695|renovate[bot]|M|pnpm-lock.yaml
1748223916|renovate[bot]|M|package.json
1748223916|renovate[bot]|M|pnpm-lock.yaml
1748263136|daiwei|M|CHANGELOG.md
1748263136|daiwei|M|package.json
1748263136|daiwei|M|packages/compiler-core/package.json
1748263136|daiwei|M|packages/compiler-dom/package.json
1748263136|daiwei|M|packages/compiler-sfc/package.json
1748263136|daiwei|M|packages/compiler-ssr/package.json
1748263136|daiwei|M|packages/reactivity/package.json
1748263136|daiwei|M|packages/runtime-core/package.json
1748263136|daiwei|M|packages/runtime-dom/package.json
1748263136|daiwei|M|packages/server-renderer/package.json
1748263136|daiwei|M|packages/shared/package.json
1748263136|daiwei|M|packages/vue-compat/package.json
1748263136|daiwei|M|packages/vue/package.json
1748342974|edison|M|packages/compiler-sfc/__tests__/compileScript.spec.ts
1748342974|edison|M|packages/compiler-sfc/__tests__/compileScript/defineModel.spec.ts
1748342974|edison|M|packages/compiler-sfc/src/script/defineModel.ts
1748391988|Arpit Jain|M|changelogs/CHANGELOG-3.0.md
1748391988|Arpit Jain|M|changelogs/CHANGELOG-3.1.md
1748391988|Arpit Jain|M|changelogs/CHANGELOG-3.2.md
1748391988|Arpit Jain|M|changelogs/CHANGELOG-3.3.md
1748391988|Arpit Jain|M|changelogs/CHANGELOG-3.4.md
1748391988|Arpit Jain|M|packages/reactivity/__tests__/reactive.spec.ts
1748391988|Arpit Jain|M|packages/runtime-core/__tests__/apiWatch.spec.ts
1748391988|Arpit Jain|M|packages/vue/__tests__/e2e/Transition.spec.ts
1748478079|edison|M|packages/compiler-sfc/__tests__/compileStyle.spec.ts
1748478079|edison|M|packages/compiler-sfc/src/style/pluginScoped.ts
1748478256|daiwei|M|CHANGELOG.md
1748478256|daiwei|M|package.json
1748478256|daiwei|M|packages/compiler-core/package.json
1748478256|daiwei|M|packages/compiler-dom/package.json
1748478256|daiwei|M|packages/compiler-sfc/package.json
1748478256|daiwei|M|packages/compiler-ssr/package.json
1748478256|daiwei|M|packages/reactivity/package.json
1748478256|daiwei|M|packages/runtime-core/package.json
1748478256|daiwei|M|packages/runtime-dom/package.json
1748478256|daiwei|M|packages/server-renderer/package.json
1748478256|daiwei|M|packages/shared/package.json
1748478256|daiwei|M|packages/vue-compat/package.json
1748478256|daiwei|M|packages/vue/package.json
1748480693|daiwei|M|CHANGELOG.md
1748572527|btea|M|packages/compiler-sfc/__tests__/compileStyle.spec.ts
1748587403|skirtle|M|packages/runtime-core/src/hydration.ts
1749087407|山吹色御守|M|packages/runtime-dom/src/index.ts
1749087545|山吹色御守|M|packages/compiler-core/__tests__/parse.spec.ts
1749087545|山吹色御守|M|packages/compiler-core/src/tokenizer.ts
1749087865|edison|M|packages/compiler-core/__tests__/transforms/__snapshots__/vSlot.spec.ts.snap
1749087865|edison|M|packages/compiler-core/__tests__/transforms/vSlot.spec.ts
1749087865|edison|M|packages/compiler-core/src/transforms/vSlot.ts
1749088882|edison|M|packages/compiler-sfc/__tests__/compileScript/resolveType.spec.ts
1749088882|edison|M|packages/compiler-sfc/src/script/resolveType.ts
1749088911|Arman Tang|M|packages/compiler-core/__tests__/transforms/__snapshots__/cacheStatic.spec.ts.snap
1749088911|Arman Tang|M|packages/compiler-dom/__tests__/transforms/__snapshots__/stringifyStatic.spec.ts.snap
1749088911|Arman Tang|M|packages/compiler-sfc/__tests__/__snapshots__/compileScript.spec.ts.snap
1749088911|Arman Tang|M|packages/compiler-sfc/__tests__/__snapshots__/templateTransformAssetUrl.spec.ts.snap
1749088911|Arman Tang|M|packages/compiler-sfc/__tests__/__snapshots__/templateTransformSrcset.spec.ts.snap
1749088911|Arman Tang|M|packages/shared/src/patchFlags.ts
1749088946|edison|M|packages/runtime-core/src/renderer.ts
1749088946|edison|M|packages/runtime-dom/__tests__/customElement.spec.ts
1749089452|edison|M|packages/runtime-dom/__tests__/customElement.spec.ts
1749089452|edison|M|packages/runtime-dom/src/apiCustomElement.ts
1749089956|SerKo|M|packages/reactivity/__tests__/readonly.spec.ts
1749089956|SerKo|M|packages/reactivity/src/dep.ts
1749089988|inottn|M|packages/runtime-core/__tests__/rendererTemplateRef.spec.ts
1749089988|inottn|M|packages/runtime-core/src/renderer.ts
1749090180|Alex Snezhko|M|packages/compiler-core/__tests__/transforms/__snapshots__/cacheStatic.spec.ts.snap
1749090180|Alex Snezhko|M|packages/compiler-core/__tests__/transforms/cacheStatic.spec.ts
1749090180|Alex Snezhko|M|packages/compiler-core/src/transform.ts
1749090180|Alex Snezhko|M|packages/compiler-core/src/transforms/cacheStatic.ts
1749090180|Alex Snezhko|M|packages/compiler-dom/__tests__/transforms/__snapshots__/stringifyStatic.spec.ts.snap
1749090180|Alex Snezhko|M|packages/compiler-dom/__tests__/transforms/stringifyStatic.spec.ts
1749090412|daiwei|M|packages/compiler-core/__tests__/transforms/__snapshots__/cacheStatic.spec.ts.snap
1749091129|renovate[bot]|M|package.json
1749091129|renovate[bot]|M|packages/compiler-sfc/package.json
1749091129|renovate[bot]|M|pnpm-lock.yaml
1749091171|renovate[bot]|M|package.json
1749091171|renovate[bot]|M|pnpm-lock.yaml
1749169502|pengbo|M|packages/compiler-core/src/parser.ts
1749169502|pengbo|M|packages/compiler-core/src/transforms/vFor.ts
1749774267|linzhe|M|packages/vue/jsx-runtime/index.d.ts
1749774297|xiejiahe|M|scripts/build.js
1749774372|renovate[bot]|M|package.json
1749774372|renovate[bot]|M|packages/compiler-sfc/package.json
1749774372|renovate[bot]|M|pnpm-lock.yaml
1749783828|edison|M|packages-private/sfc-playground/package.json
1749783828|edison|M|packages-private/sfc-playground/src/App.vue
1749783828|edison|M|pnpm-lock.yaml
1749786842|renovate[bot]|M|packages-private/sfc-playground/package.json
1749786842|renovate[bot]|M|pnpm-lock.yaml
1750038124|renovate[bot]|M|.github/workflows/autofix.yml
1750230166|renovate[bot]|M|package.json
1750230166|renovate[bot]|M|pnpm-lock.yaml
1750230480|renovate[bot]|M|pnpm-lock.yaml
1750230495|renovate[bot]|M|packages/compiler-sfc/package.json
1750230495|renovate[bot]|M|pnpm-lock.yaml
1750230495|renovate[bot]|M|pnpm-workspace.yaml
1750251205|Mark Florian|M|packages/runtime-core/src/componentEmits.ts
1750251205|Mark Florian|M|packages/vue-compat/__tests__/componentVModel.spec.ts
1750251228|edison|M|packages/runtime-core/__tests__/componentSlots.spec.ts
1750251228|edison|M|packages/runtime-core/src/componentSlots.ts
1750251249|Tycho|M|packages/compiler-sfc/__tests__/compileScript/__snapshots__/defineProps.spec.ts.snap
1750251249|Tycho|M|packages/compiler-sfc/__tests__/compileScript/defineProps.spec.ts
1750251249|Tycho|M|packages/compiler-sfc/__tests__/compileScript/resolveType.spec.ts
1750251249|Tycho|M|packages/compiler-sfc/src/script/resolveType.ts
1750251272|edison|M|packages/compiler-ssr/__tests__/ssrVModel.spec.ts
1750251272|edison|M|packages/compiler-ssr/src/transforms/ssrVModel.ts
1750252458|daiwei|M|CHANGELOG.md
1750252458|daiwei|M|package.json
1750252458|daiwei|M|packages/compiler-core/package.json
1750252458|daiwei|M|packages/compiler-dom/package.json
1750252458|daiwei|M|packages/compiler-sfc/package.json
1750252458|daiwei|M|packages/compiler-ssr/package.json
1750252458|daiwei|M|packages/reactivity/package.json
1750252458|daiwei|M|packages/runtime-core/package.json
1750252458|daiwei|M|packages/runtime-dom/package.json
1750252458|daiwei|M|packages/server-renderer/package.json
1750252458|daiwei|M|packages/shared/package.json
1750252458|daiwei|M|packages/vue-compat/package.json
1750252458|daiwei|M|packages/vue/package.json
1750658692|renovate[bot]|M|package.json
1750658692|renovate[bot]|M|pnpm-lock.yaml
1750660361|renovate[bot]|M|package.json
1750660361|renovate[bot]|M|pnpm-lock.yaml
1750660384|renovate[bot]|M|pnpm-lock.yaml
1751501816|renovate[bot]|M|package.json
1751501816|renovate[bot]|M|pnpm-lock.yaml
1751530828|GU Yiling|M|packages/compiler-sfc/__tests__/__snapshots__/compileScript.spec.ts.snap
1751530828|GU Yiling|M|packages/compiler-sfc/__tests__/compileScript.spec.ts
1751530828|GU Yiling|M|packages/compiler-sfc/src/style/cssVars.ts
1751530828|GU Yiling|M|packages/runtime-core/src/component.ts
1751530828|GU Yiling|M|packages/runtime-core/src/hydration.ts
1751530828|GU Yiling|M|packages/runtime-dom/__tests__/helpers/useCssVars.spec.ts
1751530828|GU Yiling|M|packages/runtime-dom/src/helpers/useCssVars.ts
1751530828|GU Yiling|M|packages/server-renderer/__tests__/ssrRenderAttrs.spec.ts
1751530828|GU Yiling|M|packages/server-renderer/src/helpers/ssrRenderAttrs.ts
1751530828|GU Yiling|A|packages/shared/__tests__/cssVars.spec.ts
1751530828|GU Yiling|A|packages/shared/src/cssVars.ts
1751530828|GU Yiling|M|packages/shared/src/index.ts
1751600871|renovate[bot]|M|package.json
1751600871|renovate[bot]|M|pnpm-lock.yaml
1751955635|renovate[bot]|M|package.json
1751955635|renovate[bot]|M|pnpm-lock.yaml
1751956243|Wick|M|packages/runtime-core/src/apiInject.ts
1752025097|renovate[bot]|M|packages/compiler-sfc/src/compileScript.ts
1752025097|renovate[bot]|M|pnpm-lock.yaml
1752025097|renovate[bot]|M|pnpm-workspace.yaml
1752028280|山吹色御守|M|packages/compiler-sfc/src/style/pluginScoped.ts
1752717793|edison|M|packages-private/sfc-playground/package.json
1752717793|edison|M|packages-private/sfc-playground/src/App.vue
1752717793|edison|M|pnpm-lock.yaml
1752825361|山吹色御守|M|packages/compiler-core/src/transforms/vBind.ts
1752825530|山吹色御守|M|packages/compiler-core/src/utils.ts
1752826976|山吹色御守|M|packages/compiler-core/src/parser.ts
1752826976|山吹色御守|M|packages/compiler-core/src/utils.ts
1752827069|山吹色御守|M|packages/compiler-dom/src/errors.ts
1752827069|山吹色御守|M|packages/compiler-ssr/src/errors.ts
1753167491|renovate[bot]|M|package.json
1753167491|renovate[bot]|M|pnpm-lock.yaml
1753167662|renovate[bot]|M|pnpm-lock.yaml
1753167662|renovate[bot]|M|pnpm-workspace.yaml
1753167681|renovate[bot]|M|package.json
1753167681|renovate[bot]|M|pnpm-lock.yaml
1753230975|edison|M|packages/compiler-core/__tests__/transforms/__snapshots__/cacheStatic.spec.ts.snap
1753230975|edison|M|packages/compiler-core/src/transforms/cacheStatic.ts
1753230975|edison|A|packages/vue/__tests__/e2e/memory-leak.spec.ts
1753231007|edison|M|packages/runtime-core/__tests__/hydration.spec.ts
1753231007|edison|M|packages/runtime-core/src/apiAsyncComponent.ts
1753231220|edison|M|packages/runtime-core/__tests__/componentSlots.spec.ts
1753231220|edison|M|packages/runtime-core/src/componentSlots.ts
1753231240|linzhe|M|packages/runtime-core/src/componentOptions.ts
1753231240|linzhe|M|packages/runtime-dom/__tests__/customElement.spec.ts
1753231277|edison|M|packages/compiler-sfc/__tests__/__snapshots__/templateTransformSrcset.spec.ts.snap
1753231277|edison|M|packages/compiler-sfc/__tests__/templateTransformSrcset.spec.ts
1753231277|edison|M|packages/compiler-sfc/src/template/transformSrcset.ts
1753231310|zhiyuanzmj|M|packages/compiler-core/__tests__/utils.spec.ts
1753231310|zhiyuanzmj|M|packages/compiler-core/src/babelUtils.ts
1753231330|linzhe|M|packages/runtime-core/__tests__/components/Suspense.spec.ts
1753231330|linzhe|M|packages/runtime-core/src/renderer.ts
1753231330|linzhe|M|packages/runtime-core/src/vnode.ts
1753231354|edison|M|packages/runtime-core/__tests__/hydration.spec.ts
1753231354|edison|M|packages/server-renderer/__tests__/ssrSlot.spec.ts
1753231354|edison|M|packages/server-renderer/src/helpers/ssrRenderSlot.ts
1753231370|Alex Snezhko|M|packages/runtime-core/src/apiSetupHelpers.ts
1753232279|daiwei|M|CHANGELOG.md
1753232279|daiwei|M|package.json
1753232279|daiwei|M|packages/compiler-core/package.json
1753232279|daiwei|M|packages/compiler-dom/package.json
1753232279|daiwei|M|packages/compiler-sfc/package.json
1753232279|daiwei|M|packages/compiler-ssr/package.json
1753232279|daiwei|M|packages/reactivity/package.json
1753232279|daiwei|M|packages/runtime-core/package.json
1753232279|daiwei|M|packages/runtime-dom/package.json
1753232279|daiwei|M|packages/server-renderer/package.json
1753232279|daiwei|M|packages/shared/package.json
1753232279|daiwei|M|packages/vue-compat/package.json
1753232279|daiwei|M|packages/vue/package.json
1753403405|linzhe|M|packages/compiler-core/__tests__/transforms/vIf.spec.ts
1753403405|linzhe|M|packages/compiler-core/src/transforms/vIf.ts
1753404338|zhangenming|M|packages/runtime-core/src/rendererTemplateRef.ts
1753404537|awaken1ng|M|packages/runtime-core/src/profiling.ts
1755693397|alentide|M|packages/runtime-core/__tests__/vnode.spec.ts
1755693547|edison|M|.github/workflows/release.yml
1755693667|edison|M|packages/runtime-dom/src/directives/vShow.ts
1755693901|Tycho|M|packages/reactivity/__tests__/readonly.spec.ts
1755693901|Tycho|M|packages/reactivity/src/baseHandlers.ts
1755694199|edison|M|packages/runtime-core/__tests__/hmr.spec.ts
1755694199|edison|M|packages/runtime-core/src/hmr.ts
1755694264|edison|M|packages/compiler-core/__tests__/transforms/__snapshots__/cacheStatic.spec.ts.snap
1755694264|edison|M|packages/compiler-core/__tests__/transforms/cacheStatic.spec.ts
1755694264|edison|M|packages/compiler-core/src/transforms/cacheStatic.ts
1755694264|edison|M|packages/compiler-dom/__tests__/transforms/__snapshots__/stringifyStatic.spec.ts.snap
1755694264|edison|M|packages/compiler-sfc/__tests__/__snapshots__/templateTransformAssetUrl.spec.ts.snap
1755694264|edison|M|packages/compiler-sfc/__tests__/__snapshots__/templateTransformSrcset.spec.ts.snap
1755694264|edison|M|packages/runtime-core/__tests__/componentSlots.spec.ts
1755694264|edison|M|packages/runtime-core/src/componentSlots.ts
1755694264|edison|M|packages/runtime-core/src/renderer.ts
1755694264|edison|M|packages/vue/__tests__/e2e/memory-leak.spec.ts
1755694568|edison|M|packages/runtime-core/src/components/BaseTransition.ts
1755694568|edison|M|packages/runtime-core/src/renderer.ts
1755694568|edison|M|packages/vue/__tests__/e2e/Transition.spec.ts
1755695126|skirtle|M|packages/runtime-core/__tests__/componentPublicInstance.spec.ts
1755695126|skirtle|M|packages/runtime-core/src/componentPublicInstance.ts
1755695152|Adrian Cerbaro|M|packages/compiler-sfc/__tests__/compileScript.spec.ts
1755695152|Adrian Cerbaro|M|packages/compiler-sfc/src/compileScript.ts
1755699076|edison|M|packages/runtime-core/__tests__/components/Suspense.spec.ts
1755699076|edison|M|packages/runtime-core/src/renderer.ts
1755699216|renovate[bot]|M|packages-private/sfc-playground/package.json
1755699216|renovate[bot]|M|pnpm-lock.yaml
1755699243|renovate[bot]|M|package.json
1755699243|renovate[bot]|M|pnpm-lock.yaml
1755699258|renovate[bot]|M|package.json
1755699258|renovate[bot]|M|packages/compiler-sfc/package.json
1755699258|renovate[bot]|M|pnpm-lock.yaml
1755699272|renovate[bot]|M|pnpm-lock.yaml
1755699272|renovate[bot]|M|pnpm-workspace.yaml
1755699297|renovate[bot]|M|.github/workflows/autofix.yml
1755699297|renovate[bot]|M|.github/workflows/canary-minor.yml
1755699297|renovate[bot]|M|.github/workflows/canary.yml
1755699297|renovate[bot]|M|.github/workflows/ci.yml
1755699297|renovate[bot]|M|.github/workflows/release.yml
1755699297|renovate[bot]|M|.github/workflows/size-data.yml
1755699297|renovate[bot]|M|.github/workflows/size-report.yml
1755699297|renovate[bot]|M|.github/workflows/test.yml
1755699344|renovate[bot]|M|.github/workflows/size-report.yml
1755699644|renovate[bot]|M|package.json
1755699644|renovate[bot]|M|pnpm-lock.yaml
1755699674|renovate[bot]|M|packages-private/sfc-playground/src/download/template/package.json
1755699674|renovate[bot]|M|pnpm-lock.yaml
1755699674|renovate[bot]|M|pnpm-workspace.yaml
1755737170|Alex Snezhko|M|packages/runtime-core/__tests__/helpers/useTemplateRef.spec.ts
1755737170|Alex Snezhko|M|packages/runtime-core/src/rendererTemplateRef.ts
1755740920|edison|M|packages/compiler-sfc/__tests__/compileScript/resolveType.spec.ts
1755740920|edison|M|packages/compiler-sfc/src/script/resolveType.ts
1755741796|equt|M|packages/compiler-core/src/transforms/vMemo.ts
1755741796|equt|M|packages/compiler-ssr/__tests__/ssrComponent.spec.ts
1755743348|daiwei|M|CHANGELOG.md
1755743348|daiwei|M|package.json
1755743348|daiwei|M|packages/compiler-core/package.json
1755743348|daiwei|M|packages/compiler-dom/package.json
1755743348|daiwei|M|packages/compiler-sfc/package.json
1755743348|daiwei|M|packages/compiler-ssr/package.json
1755743348|daiwei|M|packages/reactivity/package.json
1755743348|daiwei|M|packages/runtime-core/package.json
1755743348|daiwei|M|packages/runtime-dom/package.json
1755743348|daiwei|M|packages/server-renderer/package.json
1755743348|daiwei|M|packages/shared/package.json
1755743348|daiwei|M|packages/vue-compat/package.json
1755743348|daiwei|M|packages/vue/package.json
1755769195|吴杨帆|M|packages/reactivity/src/arrayInstrumentations.ts
1755769975|yangdan8|M|packages/reactivity/src/collectionHandlers.ts
1755955850|Zhong|M|packages/runtime-core/src/compat/instance.ts
1755955850|Zhong|M|packages/runtime-core/src/compat/renderHelpers.ts
1755955973|Zhong|M|packages/compiler-sfc/src/script/defineModel.ts
1756104770|edison|M|packages/runtime-dom/src/directives/vShow.ts
1756105712|daiwei|M|CHANGELOG.md
1756105712|daiwei|M|package.json
1756105712|daiwei|M|packages/compiler-core/package.json
1756105712|daiwei|M|packages/compiler-dom/package.json
1756105712|daiwei|M|packages/compiler-sfc/package.json
1756105712|daiwei|M|packages/compiler-ssr/package.json
1756105712|daiwei|M|packages/reactivity/package.json
1756105712|daiwei|M|packages/runtime-core/package.json
1756105712|daiwei|M|packages/runtime-dom/package.json
1756105712|daiwei|M|packages/server-renderer/package.json
1756105712|daiwei|M|packages/shared/package.json
1756105712|daiwei|M|packages/vue-compat/package.json
1756105712|daiwei|M|packages/vue/package.json
1756106710|Zhong|M|packages/runtime-dom/src/jsx.ts
1756706374|Ari Perkkiö|M|package.json
1756706374|Ari Perkkiö|M|vitest.config.ts
1756706374|Ari Perkkiö|D|vitest.e2e.config.ts
1756706374|Ari Perkkiö|D|vitest.unit.config.ts
1756706374|Ari Perkkiö|D|vitest.workspace.ts
1756708651|王二狗|M|CHANGELOG.md
1756711973|renovate[bot]|M|package.json
1756711973|renovate[bot]|M|pnpm-lock.yaml
1756711973|renovate[bot]|M|pnpm-workspace.yaml
1756716220|renovate[bot]|M|package.json
1756716220|renovate[bot]|M|pnpm-lock.yaml
1756716254|renovate[bot]|M|package.json
1756716254|renovate[bot]|M|pnpm-lock.yaml
1756716286|renovate[bot]|M|package.json
1756716286|renovate[bot]|M|pnpm-lock.yaml
1756803393|Folee|M|packages/runtime-dom/__tests__/customElement.spec.ts
1756803393|Folee|M|packages/runtime-dom/src/apiCustomElement.ts
1756803597|edison|M|packages/runtime-core/src/h.ts
1756803796|Daniel Roe|M|packages/compiler-sfc/__tests__/compileScript/resolveType.spec.ts
1756803796|Daniel Roe|M|packages/compiler-sfc/src/script/resolveType.ts
1756804056|edison|M|packages/runtime-core/__tests__/hmr.spec.ts
1756804056|edison|M|packages/runtime-core/src/hmr.ts
1756804095|linzhe|M|packages/runtime-core/__tests__/hydration.spec.ts
1756804095|linzhe|M|packages/runtime-core/src/components/Teleport.ts
1756804133|edison|M|packages/runtime-core/__tests__/rendererTemplateRef.spec.ts
1756804133|edison|M|packages/runtime-core/src/rendererTemplateRef.ts
1756804184|edison|M|packages/compiler-sfc/__tests__/compileScript/resolveType.spec.ts
1756804184|edison|M|packages/compiler-sfc/src/script/resolveType.ts
1756804230|edison|M|packages/runtime-core/src/hmr.ts
1756804278|Andrei L|M|packages/runtime-dom/src/jsx.ts
1756804339|edison|M|packages/runtime-core/src/apiAsyncComponent.ts
1756804339|edison|M|packages/runtime-core/src/apiDefineComponent.ts
1756804339|edison|M|packages/runtime-core/src/devtools.ts
1756804339|edison|M|packages/runtime-dom/src/apiCustomElement.ts
1756804339|edison|M|packages/shared/src/makeMap.ts
1756804362|edison|D|.github/workflows/canary-minor.yml
1756804362|edison|D|.github/workflows/canary.yml
1756804362|edison|M|rollup.config.js
1756804362|edison|M|scripts/release.js
1756804388|Yang Mingshan|A|packages-private/dts-test/scheduler.test-d.ts
1756804388|Yang Mingshan|M|packages/reactivity/src/ref.ts
1756804388|Yang Mingshan|M|packages/runtime-core/src/scheduler.ts
1756804546|Red Huang|M|packages/runtime-core/__tests__/componentEmits.spec.ts
1756804546|Red Huang|M|packages/runtime-core/src/componentEmits.ts
1756805096|edison|M|packages/compiler-core/__tests__/transforms/vSlot.spec.ts
1756805096|edison|M|packages/compiler-core/src/transforms/vSlot.ts
1756805348|skirtle|M|packages/reactivity/src/watch.ts
1756805348|skirtle|M|packages/runtime-core/__tests__/apiWatch.spec.ts
1756805402|山吹色御守|M|packages/compiler-core/src/transforms/vIf.ts
1756805402|山吹色御守|M|packages/compiler-core/src/transforms/vSlot.ts
1756805402|山吹色御守|M|packages/compiler-core/src/utils.ts
1756805402|山吹色御守|M|packages/compiler-dom/src/transforms/stringifyStatic.ts
1756805402|山吹色御守|M|packages/compiler-sfc/src/style/pluginScoped.ts
1756805402|山吹色御守|M|packages/compiler-sfc/src/template/templateUtils.ts
1756805402|山吹色御守|M|packages/compiler-ssr/src/transforms/ssrVIf.ts
1756805402|山吹色御守|M|packages/runtime-core/src/compat/global.ts
1756805402|山吹色御守|M|packages/runtime-core/src/component.ts
1756805402|山吹色御守|M|packages/runtime-dom/src/components/Transition.ts
1756805402|山吹色御守|M|packages/runtime-dom/src/components/TransitionGroup.ts
1756805402|山吹色御守|M|packages/runtime-dom/src/index.ts
1756805402|山吹色御守|M|packages/runtime-dom/src/modules/style.ts
1756805402|山吹色御守|M|packages/shared/src/general.ts
1756805969|Alex Snezhko|M|packages/compiler-sfc/__tests__/compileScript.spec.ts
1756805969|Alex Snezhko|M|packages/compiler-sfc/src/compileScript.ts
1756805969|Alex Snezhko|M|packages/compiler-sfc/src/script/context.ts
1756805969|Alex Snezhko|M|packages/compiler-sfc/src/script/normalScript.ts
1756805969|Alex Snezhko|M|packages/compiler-sfc/src/script/utils.ts
1756806253|yangxiuxiu|M|packages/runtime-core/__tests__/hmr.spec.ts
1756806253|yangxiuxiu|M|packages/runtime-core/src/components/BaseTransition.ts
1756806253|yangxiuxiu|M|packages/runtime-core/src/components/Suspense.ts
1756807185|daiwei|M|CHANGELOG.md
1756807185|daiwei|M|package.json
1756807185|daiwei|M|packages/compiler-core/package.json
1756807185|daiwei|M|packages/compiler-dom/package.json
1756807185|daiwei|M|packages/compiler-sfc/package.json
1756807185|daiwei|M|packages/compiler-ssr/package.json
1756807185|daiwei|M|packages/reactivity/package.json
1756807185|daiwei|M|packages/runtime-core/package.json
1756807185|daiwei|M|packages/runtime-dom/package.json
1756807185|daiwei|M|packages/server-renderer/package.json
1756807185|daiwei|M|packages/shared/package.json
1756807185|daiwei|M|packages/vue-compat/package.json
1756807185|daiwei|M|packages/vue/package.json
1756861989|edison|M|packages/runtime-core/src/h.ts
1757902116|codelo|M|packages/runtime-test/README.md
1757902739|daiwei|M|packages/runtime-test/README.md
1757904069|renovate[bot]|M|packages-private/sfc-playground/package.json
1757904069|renovate[bot]|M|packages-private/template-explorer/package.json
1757904069|renovate[bot]|M|pnpm-lock.yaml
1758704627|edison|M|packages/compiler-sfc/__tests__/__snapshots__/compileTemplate.spec.ts.snap
1758704627|edison|M|packages/compiler-sfc/__tests__/compileTemplate.spec.ts
1758704627|edison|M|packages/compiler-sfc/src/compileScript.ts
1758704655|yangdan8|M|packages/reactivity/src/arrayInstrumentations.ts
1758704691|山吹色御守|M|packages/runtime-dom/src/index.ts
1758704763|linzhe|M|packages/compiler-ssr/__tests__/ssrVShow.spec.ts
1758704763|linzhe|M|packages/compiler-ssr/src/transforms/ssrTransformElement.ts
1758704905|edison|M|packages/runtime-core/src/helpers/renderSlot.ts
1758704905|edison|M|packages/runtime-dom/__tests__/customElement.spec.ts
1758705020|edison|M|packages/compiler-sfc/__tests__/compileScript/resolveType.spec.ts
1758705020|edison|M|packages/compiler-sfc/src/script/resolveType.ts
1758705049|edison|M|packages/reactivity/__tests__/readonly.spec.ts
1758705049|edison|M|packages/reactivity/src/baseHandlers.ts
1758705096|Daniel Roe|M|packages/compiler-sfc/__tests__/cssVars.spec.ts
1758705096|Daniel Roe|M|packages/compiler-sfc/src/style/cssVars.ts
1758705145|czhlin|M|packages-private/dts-test/directives.test-d.ts
1758705145|czhlin|M|packages/runtime-core/src/apiCreateApp.ts
1758705145|czhlin|M|packages/runtime-core/src/directives.ts
1758705224|Arman Tang|M|packages/compiler-dom/__tests__/transforms/__snapshots__/stringifyStatic.spec.ts.snap
1758705224|Arman Tang|M|packages/compiler-dom/__tests__/transforms/stringifyStatic.spec.ts
1758705224|Arman Tang|M|packages/compiler-dom/src/transforms/stringifyStatic.ts
1758705336|linzhe|M|packages/runtime-core/src/component.ts
1758705336|linzhe|M|packages/runtime-core/src/components/Teleport.ts
1758705336|linzhe|M|packages/runtime-dom/__tests__/customElement.spec.ts
1758705336|linzhe|M|packages/runtime-dom/src/apiCustomElement.ts
1758705701|Arthur Darkstone|M|packages/runtime-core/src/apiWatch.ts
1758705701|Arthur Darkstone|M|packages/runtime-core/src/componentOptions.ts
1758706178|edison|M|packages/compiler-sfc/__tests__/compileScript/resolveType.spec.ts
1758706178|edison|M|packages/compiler-sfc/src/script/resolveType.ts
1758706931|Alex Snezhko|M|packages/runtime-dom/__tests__/customElement.spec.ts
1758706931|Alex Snezhko|M|packages/runtime-dom/src/apiCustomElement.ts
1758707788|Massimiliano Torromeo|M|packages/runtime-dom/src/jsx.ts
1758708125|edison|M|packages/runtime-core/src/hmr.ts
1758719694|Matthias Hryniszak|M|packages/runtime-dom/__tests__/customElement.spec.ts
1758719694|Matthias Hryniszak|M|packages/runtime-dom/src/apiCustomElement.ts
1758720187|edison|M|packages/compiler-core/__tests__/transforms/vBind.spec.ts
1758720187|edison|M|packages/compiler-core/__tests__/transforms/vFor.spec.ts
1758720187|edison|M|packages/compiler-core/__tests__/transforms/vIf.spec.ts
1758720187|edison|M|packages/compiler-core/src/compile.ts
1758720187|edison|M|packages/compiler-core/src/index.ts
1758720187|edison|A|packages/compiler-core/src/transforms/transformVBindShorthand.ts
1758720187|edison|M|packages/compiler-core/src/transforms/vBind.ts
1758720187|edison|M|packages/compiler-core/src/transforms/vFor.ts
1758720187|edison|M|packages/compiler-core/src/utils.ts
1758720187|edison|M|packages/compiler-dom/__tests__/transforms/__snapshots__/vModel.spec.ts.snap
1758720187|edison|M|packages/compiler-dom/__tests__/transforms/vModel.spec.ts
1758720187|edison|M|packages/compiler-ssr/__tests__/ssrTransitionGroup.spec.ts
1758720187|edison|M|packages/compiler-ssr/src/index.ts
1758720828|Tony Wang|M|packages/compiler-core/__tests__/transforms/transformExpressions.spec.ts
1758720828|Tony Wang|M|packages/compiler-core/src/babelUtils.ts
1758720871|renovate[bot]|M|package.json
1758720871|renovate[bot]|M|packages/compiler-sfc/package.json
1758720871|renovate[bot]|M|pnpm-lock.yaml
1758721004|renovate[bot]|M|.github/workflows/autofix.yml
1758721004|renovate[bot]|M|.github/workflows/ci.yml
1758721004|renovate[bot]|M|.github/workflows/release.yml
1758721004|renovate[bot]|M|.github/workflows/size-data.yml
1758721004|renovate[bot]|M|.github/workflows/size-report.yml
1758721004|renovate[bot]|M|.github/workflows/test.yml
1758721066|renovate[bot]|M|.github/workflows/ecosystem-ci-trigger.yml
1758721229|renovate[bot]|M|package.json
1758721229|renovate[bot]|M|pnpm-lock.yaml
1758721259|renovate[bot]|M|package.json
1758721259|renovate[bot]|M|pnpm-lock.yaml
1758721259|renovate[bot]|M|pnpm-workspace.yaml
1758721542|renovate[bot]|M|package.json
1758721542|renovate[bot]|M|pnpm-lock.yaml
1758721570|renovate[bot]|M|package.json
1758721570|renovate[bot]|M|packages-private/sfc-playground/src/download/template/package.json
1758721570|renovate[bot]|M|pnpm-lock.yaml
1758760972|Tobias Messner|M|packages/runtime-dom/src/components/Transition.ts
1758760972|Tobias Messner|M|packages/runtime-dom/src/components/TransitionGroup.ts
1758762313|daiwei|M|CHANGELOG.md
1758762313|daiwei|M|package.json
1758762313|daiwei|M|packages/compiler-core/package.json
1758762313|daiwei|M|packages/compiler-dom/package.json
1758762313|daiwei|M|packages/compiler-sfc/package.json
1758762313|daiwei|M|packages/compiler-ssr/package.json
1758762313|daiwei|M|packages/reactivity/package.json
1758762313|daiwei|M|packages/runtime-core/package.json
1758762313|daiwei|M|packages/runtime-dom/package.json
1758762313|daiwei|M|packages/server-renderer/package.json
1758762313|daiwei|M|packages/shared/package.json
1758762313|daiwei|M|packages/vue-compat/package.json
1758762313|daiwei|M|packages/vue/package.json
1759542390|王二狗|M|packages/reactivity/src/effect.ts
1759973306|abeer0|M|.vscode/settings.json
1759973306|abeer0|M|packages/compiler-sfc/src/script/resolveType.ts
1759973306|abeer0|M|packages/runtime-core/src/componentOptions.ts
1759976171|skirtle|M|packages/runtime-dom/__tests__/directives/vModel.spec.ts
1760338990|edison|M|packages/vue-compat/README.md
1762225583|renovate[bot]|M|package.json
1762225583|renovate[bot]|M|pnpm-lock.yaml
1762225925|renovate[bot]|M|.github/workflows/autofix.yml
1762225925|renovate[bot]|M|.github/workflows/size-data.yml
1762225925|renovate[bot]|M|.github/workflows/size-report.yml
1762225925|renovate[bot]|M|.github/workflows/test.yml
1762225925|renovate[bot]|M|package.json
1762225925|renovate[bot]|M|packages/compiler-sfc/package.json
1762225925|renovate[bot]|M|pnpm-lock.yaml
1762226513|renovate[bot]|M|package.json
1762226513|renovate[bot]|M|packages-private/sfc-playground/src/download/template/package.json
1762226513|renovate[bot]|M|pnpm-lock.yaml
1762226802|renovate[bot]|M|package.json
1762226802|renovate[bot]|M|pnpm-lock.yaml
1762226802|renovate[bot]|M|pnpm-workspace.yaml
1762226830|renovate[bot]|M|.github/workflows/size-data.yml
1762226855|renovate[bot]|M|package.json
1762226855|renovate[bot]|M|pnpm-lock.yaml
1762226877|renovate[bot]|M|.github/workflows/autofix.yml
1762226877|renovate[bot]|M|.github/workflows/ci.yml
1762226877|renovate[bot]|M|.github/workflows/release.yml
1762226877|renovate[bot]|M|.github/workflows/size-data.yml
1762226877|renovate[bot]|M|.github/workflows/size-report.yml
1762226877|renovate[bot]|M|.github/workflows/test.yml
1762226910|renovate[bot]|M|packages-private/template-explorer/package.json
1762226910|renovate[bot]|M|pnpm-lock.yaml
1762331737|zhiyuanzmj|M|packages/runtime-dom/src/jsx.ts
1762332600|Alex Snezhko|M|packages/runtime-core/src/component.ts
1762332600|Alex Snezhko|M|packages/runtime-core/src/renderer.ts
1762332600|Alex Snezhko|M|packages/runtime-dom/__tests__/customElement.spec.ts
1762332600|Alex Snezhko|M|packages/runtime-dom/src/apiCustomElement.ts
1762332658|Dylan Lathrum|M|packages/runtime-core/src/apiSetupHelpers.ts
1762332689|edison|M|packages/compiler-core/__tests__/transforms/vBind.spec.ts
1762332689|edison|M|packages/compiler-core/src/parser.ts
1762332689|edison|M|packages/compiler-core/src/transforms/transformVBindShorthand.ts
1762332838|clay jenson|M|packages/runtime-dom/__tests__/patchAttrs.spec.ts
1762332838|clay jenson|M|packages/runtime-dom/src/patchProp.ts
1762333452|Vida Xie|M|eslint.config.js
1762333452|Vida Xie|M|packages/vue/jsx-runtime/index.d.ts
1762333452|Vida Xie|M|packages/vue/jsx.d.ts
1762333473|edison|M|packages/runtime-dom/__tests__/customElement.spec.ts
1762333473|edison|M|packages/runtime-dom/src/apiCustomElement.ts
1762333495|skirtle|M|packages/runtime-core/src/componentPublicInstance.ts
1762333529|Alex Snezhko|M|packages/compiler-ssr/src/transforms/ssrTransformElement.ts
1762333529|Alex Snezhko|M|packages/server-renderer/__tests__/ssrDirectives.spec.ts
1762333550|edison|M|packages/runtime-core/__tests__/hydration.spec.ts
1762333550|edison|M|packages/runtime-core/src/hydration.ts
1762333895|rzzf|M|packages/runtime-dom/__tests__/directives/vModel.spec.ts
1762333895|rzzf|M|packages/runtime-dom/src/directives/vModel.ts
1762333943|沈青川|M|packages/compiler-core/src/transforms/transformVBindShorthand.ts
1762333984|山吹色御守|M|packages/compiler-sfc/__tests__/compileScript/resolveType.spec.ts
1762333984|山吹色御守|M|packages/compiler-sfc/src/script/resolveType.ts
1762333984|山吹色御守|M|packages/compiler-sfc/src/script/utils.ts
1762334269|zhiyuanzmj|M|packages/compiler-core/__tests__/transforms/__snapshots__/transformExpressions.spec.ts.snap
1762334269|zhiyuanzmj|M|packages/compiler-core/__tests__/transforms/transformExpressions.spec.ts
1762334269|zhiyuanzmj|M|packages/compiler-core/src/transforms/transformExpression.ts
1762334300|indykoning|M|packages/runtime-core/src/apiAsyncComponent.ts
1762334425|Jooies|M|packages/runtime-dom/src/components/TransitionGroup.ts
1762334425|Jooies|M|packages/vue/__tests__/e2e/TransitionGroup.spec.ts
1762350786|edison|M|packages/runtime-core/src/components/Suspense.ts
1762388828|daiwei|M|CHANGELOG.md
1762388828|daiwei|M|package.json
1762388828|daiwei|M|packages/compiler-core/package.json
1762388828|daiwei|M|packages/compiler-dom/package.json
1762388828|daiwei|M|packages/compiler-sfc/package.json
1762388828|daiwei|M|packages/compiler-ssr/package.json
1762388828|daiwei|M|packages/reactivity/package.json
1762388828|daiwei|M|packages/runtime-core/package.json
1762388828|daiwei|M|packages/runtime-dom/package.json
1762388828|daiwei|M|packages/server-renderer/package.json
1762388828|daiwei|M|packages/shared/package.json
1762388828|daiwei|M|packages/vue-compat/package.json
1762388828|daiwei|M|packages/vue/package.json
1762476727|edison|M|packages/compiler-core/__tests__/transforms/__snapshots__/transformExpressions.spec.ts.snap
1762476727|edison|M|packages/compiler-core/__tests__/transforms/transformExpressions.spec.ts
1762476727|edison|M|packages/compiler-core/src/transforms/transformExpression.ts
1762495443|殷谊辉|M|packages/reactivity/src/effect.ts
1762502560|daiwei|M|CHANGELOG.md
1762502560|daiwei|M|package.json
1762502560|daiwei|M|packages/compiler-core/package.json
1762502560|daiwei|M|packages/compiler-dom/package.json
1762502560|daiwei|M|packages/compiler-sfc/package.json
1762502560|daiwei|M|packages/compiler-ssr/package.json
1762502560|daiwei|M|packages/reactivity/package.json
1762502560|daiwei|M|packages/runtime-core/package.json
1762502560|daiwei|M|packages/runtime-dom/package.json
1762502560|daiwei|M|packages/server-renderer/package.json
1762502560|daiwei|M|packages/shared/package.json
1762502560|daiwei|M|packages/vue-compat/package.json
1762502560|daiwei|M|packages/vue/package.json
1762738685|Stefano Nepa|M|packages/runtime-dom/src/index.ts
1763426024|shuang|M|packages/runtime-dom/src/jsx.ts
1763427181|Sean Wang|M|packages/runtime-dom/src/jsx.ts
1763530936|Vida Xie|M|packages/compiler-ssr/src/transforms/ssrVModel.ts
1763600382|SerKo|M|packages-private/dts-test/defineComponent.test-d.tsx
1763600382|SerKo|M|packages/runtime-core/src/apiDefineComponent.ts
1763600382|SerKo|M|packages/runtime-core/src/componentOptions.ts
1763954291|skirtle|M|packages/compiler-core/__tests__/transforms/__snapshots__/vSlot.spec.ts.snap
1763954291|skirtle|M|packages/compiler-core/__tests__/transforms/transformText.spec.ts
1763954291|skirtle|M|packages/compiler-core/__tests__/transforms/vIf.spec.ts
1763954291|skirtle|M|packages/compiler-core/__tests__/transforms/vSlot.spec.ts
1763954291|skirtle|M|packages/compiler-core/src/parser.ts
1763954291|skirtle|M|packages/compiler-core/src/transforms/vIf.ts
1763954291|skirtle|M|packages/compiler-core/src/transforms/vSlot.ts
1763954291|skirtle|M|packages/compiler-core/src/utils.ts
1763954291|skirtle|M|packages/compiler-dom/__tests__/transforms/Transition.spec.ts
1763954291|skirtle|M|packages/compiler-dom/__tests__/transforms/__snapshots__/Transition.spec.ts.snap
1763954291|skirtle|M|packages/compiler-dom/src/transforms/Transition.ts
1763966283|skirtle|M|packages/runtime-core/src/componentPublicInstance.ts
1763967043|skirtle|A|packages/runtime-core/__tests__/component.spec.ts
1763967043|skirtle|M|packages/runtime-core/src/component.ts
1763967252|skirtle|M|packages/runtime-core/__tests__/apiInject.spec.ts
1763967252|skirtle|M|packages/runtime-core/src/apiInject.ts
1763968781|skirtle|M|packages/reactivity/__tests__/ref.spec.ts
1763968781|skirtle|M|packages/reactivity/src/baseHandlers.ts
1763968781|skirtle|M|packages/reactivity/src/ref.ts
1763968823|edison|M|packages/reactivity/__tests__/readonly.spec.ts
1763968823|edison|M|packages/reactivity/src/arrayInstrumentations.ts
1763968845|linzhe|M|packages/runtime-core/__tests__/components/Suspense.spec.ts
1763968845|linzhe|M|packages/runtime-core/src/components/Suspense.ts
1763969882|daiwei|M|CHANGELOG.md
1763969882|daiwei|M|package.json
1763969882|daiwei|M|packages/compiler-core/package.json
1763969882|daiwei|M|packages/compiler-dom/package.json
1763969882|daiwei|M|packages/compiler-sfc/package.json
1763969882|daiwei|M|packages/compiler-ssr/package.json
1763969882|daiwei|M|packages/reactivity/package.json
1763969882|daiwei|M|packages/runtime-core/package.json
1763969882|daiwei|M|packages/runtime-dom/package.json
1763969882|daiwei|M|packages/server-renderer/package.json
1763969882|daiwei|M|packages/shared/package.json
1763969882|daiwei|M|packages/vue-compat/package.json
1763969882|daiwei|M|packages/vue/package.json
1764852595|edison|M|packages-private/sfc-playground/package.json
1764852595|edison|M|pnpm-lock.yaml
1764894739|daiwei|M|SECURITY.md
1765162020|btea|M|.github/workflows/ci.yml
1765761744|linzhe|M|rollup.dts.config.js
1765782093|renovate[bot]|M|package.json
1765782093|renovate[bot]|M|pnpm-lock.yaml
1765782437|renovate[bot]|M|package.json
1765782437|renovate[bot]|M|packages-private/sfc-playground/src/download/template/package.json
1765782437|renovate[bot]|M|pnpm-lock.yaml
1765782437|renovate[bot]|M|pnpm-workspace.yaml
1765782907|renovate[bot]|M|package.json
1765782907|renovate[bot]|M|packages/compiler-sfc/package.json
1765782907|renovate[bot]|M|packages/runtime-dom/package.json
1765782907|renovate[bot]|M|pnpm-lock.yaml
1765783690|renovate[bot]|M|package.json
1765783690|renovate[bot]|M|pnpm-lock.yaml
1765783755|renovate[bot]|M|packages-private/template-explorer/package.json
1765783755|renovate[bot]|M|pnpm-lock.yaml
1765784249|renovate[bot]|M|.github/contributing.md
1765784249|renovate[bot]|M|.github/maintenance.md
1765784249|renovate[bot]|M|package.json
1765784249|renovate[bot]|M|packages/compiler-core/src/ast.ts
1765784249|renovate[bot]|M|packages/compiler-core/src/codegen.ts
1765784249|renovate[bot]|M|packages/compiler-core/src/options.ts
1765784249|renovate[bot]|M|packages/compiler-core/src/transform.ts
1765784249|renovate[bot]|M|packages/compiler-sfc/README.md
1765784249|renovate[bot]|M|packages/runtime-core/__tests__/rendererAttrsFallthrough.spec.ts
1765784249|renovate[bot]|M|packages/runtime-core/__tests__/rendererFragment.spec.ts
1765784249|renovate[bot]|M|packages/runtime-core/src/apiDefineComponent.ts
1765784249|renovate[bot]|M|packages/runtime-core/src/compat/componentAsync.ts
1765784249|renovate[bot]|M|packages/runtime-core/src/componentOptions.ts
1765784249|renovate[bot]|M|packages/runtime-core/src/componentPublicInstance.ts
1765784249|renovate[bot]|M|packages/runtime-dom/src/apiCustomElement.ts
1765784249|renovate[bot]|M|packages/runtime-dom/src/jsx.ts
1765784249|renovate[bot]|M|packages/vue-compat/README.md
1765784249|renovate[bot]|M|packages/vue/README.md
1765784249|renovate[bot]|M|pnpm-lock.yaml
1765784760|renovate[bot]|M|package.json
1765784760|renovate[bot]|M|pnpm-lock.yaml
1765784804|renovate[bot]|M|.github/workflows/autofix.yml
1765784804|renovate[bot]|M|.github/workflows/ci.yml
1765784804|renovate[bot]|M|.github/workflows/release.yml
1765784804|renovate[bot]|M|.github/workflows/size-data.yml
1765784804|renovate[bot]|M|.github/workflows/size-report.yml
1765784804|renovate[bot]|M|.github/workflows/test.yml
1765784876|Konstantin Telyakov|M|.github/renovate.json5
1765784876|Konstantin Telyakov|M|packages/compiler-core/package.json
1765784876|Konstantin Telyakov|M|packages/compiler-core/src/parser.ts
1765784876|Konstantin Telyakov|M|packages/compiler-core/src/tokenizer.ts
1765784876|Konstantin Telyakov|M|pnpm-lock.yaml
1765784876|Konstantin Telyakov|M|rollup.config.js
1765784902|renovate[bot]|M|pnpm-lock.yaml
1766045662|huangxiuqi|M|packages/runtime-core/__tests__/components/KeepAlive.spec.ts
1766045662|huangxiuqi|M|packages/runtime-core/src/components/KeepAlive.ts
1766045693|edison|M|packages/runtime-core/src/compat/componentVModel.ts
1766045693|edison|M|packages/vue-compat/__tests__/componentVModel.spec.ts
1766045725|linzhe|M|packages/runtime-core/__tests__/components/Suspense.spec.ts
1766045725|linzhe|M|packages/runtime-core/src/renderer.ts
1766045976|一寸灰|M|packages/compiler-core/src/tokenizer.ts
1766046205|edison|M|packages/runtime-core/__tests__/hmr.spec.ts
1766046205|edison|M|packages/runtime-core/src/renderer.ts
1766046247|edison|M|packages/compiler-core/__tests__/transforms/vModel.spec.ts
1766046247|edison|M|packages/compiler-core/src/errors.ts
1766046247|edison|M|packages/compiler-core/src/transforms/vModel.ts
1766046247|edison|M|packages/compiler-dom/src/errors.ts
1766046247|edison|M|packages/compiler-sfc/__tests__/__snapshots__/compileScript.spec.ts.snap
1766046247|edison|M|packages/compiler-sfc/__tests__/compileScript.spec.ts
1766046247|edison|M|packages/compiler-sfc/src/compileScript.ts
1766046247|edison|M|packages/compiler-sfc/src/script/importUsageCheck.ts
1766046284|Michael Cozzolino|M|packages/runtime-core/src/index.ts
1766046323|edison|M|packages/compiler-ssr/__tests__/ssrFallthroughAttrs.spec.ts
1766046323|edison|M|packages/compiler-ssr/src/transforms/ssrInjectFallthroughAttrs.ts
1766046376|yangxiuxiu|M|packages/runtime-dom/src/modules/attrs.ts
1766046376|yangxiuxiu|M|packages/vue-compat/__tests__/misc.spec.ts
1766046503|linzhe|M|packages/runtime-core/__tests__/rendererOptimizedMode.spec.ts
1766046503|linzhe|M|packages/runtime-core/src/renderer.ts
1766046607|edison|M|packages-private/dts-test/setupHelpers.test-d.ts
1766046607|edison|M|packages/runtime-core/src/apiSetupHelpers.ts
1766046668|linzhe|M|packages/runtime-core/__tests__/apiCreateApp.spec.ts
1766046668|linzhe|M|packages/runtime-core/src/renderer.ts
1766059744|daiwei|M|CHANGELOG.md
1766059744|daiwei|M|package.json
1766059744|daiwei|M|packages/compiler-core/package.json
1766059744|daiwei|M|packages/compiler-dom/package.json
1766059744|daiwei|M|packages/compiler-sfc/package.json
1766059744|daiwei|M|packages/compiler-ssr/package.json
1766059744|daiwei|M|packages/reactivity/package.json
1766059744|daiwei|M|packages/runtime-core/package.json
1766059744|daiwei|M|packages/runtime-dom/package.json
1766059744|daiwei|M|packages/server-renderer/package.json
1766059744|daiwei|M|packages/shared/package.json
1766059744|daiwei|M|packages/vue-compat/package.json
1766059744|daiwei|M|packages/vue/package.json
1766968438|Bruno|M|packages/compiler-sfc/src/script/defineProps.ts
1766968438|Bruno|M|packages/compiler-sfc/src/script/utils.ts
1767775725|baozj|M|CHANGELOG.md
1768556390|edison|M|packages/server-renderer/__tests__/ssrRenderAttrs.spec.ts
1768556390|edison|M|packages/server-renderer/src/helpers/ssrRenderAttrs.ts
1768783236|skirtle|M|packages/reactivity/src/computed.ts
1768783236|skirtle|M|packages/reactivity/src/reactive.ts
1768783236|skirtle|M|packages/reactivity/src/ref.ts
1768783345|edison|M|packages/compiler-sfc/__tests__/compileScript/resolveType.spec.ts
1768783345|edison|M|packages/compiler-sfc/src/script/resolveType.ts
1768783396|edison|M|packages/compiler-sfc/__tests__/compileScript/__snapshots__/definePropsDestructure.spec.ts.snap
1768783396|edison|M|packages/compiler-sfc/__tests__/compileScript/definePropsDestructure.spec.ts
1768783396|edison|M|packages/compiler-sfc/src/script/definePropsDestructure.ts
1768783631|edison|M|packages/compiler-sfc/__tests__/compileScript/resolveType.spec.ts
1768783631|edison|M|packages/compiler-sfc/src/script/resolveType.ts
1768783835|edison|M|packages/reactivity/__tests__/collections/Map.spec.ts
1768783835|edison|M|packages/reactivity/src/collectionHandlers.ts
1768783874|Gianthard-cyh|M|packages/server-renderer/__tests__/render.spec.ts
1768783874|Gianthard-cyh|M|packages/server-renderer/src/helpers/ssrRenderAttrs.ts
1768783963|Daniel Roe|M|packages/runtime-core/__tests__/hydration.spec.ts
1768783963|Daniel Roe|M|packages/runtime-core/src/hydration.ts
1768784617|rzzf|M|packages/runtime-dom/src/jsx.ts
1768784678|edison|M|packages/runtime-core/__tests__/componentSlots.spec.ts
1768784678|edison|M|packages/runtime-core/src/component.ts
1768784678|edison|M|packages/runtime-core/src/components/KeepAlive.ts
1768784678|edison|M|packages/runtime-core/src/helpers/renderSlot.ts
1768785279|edison|M|packages/runtime-core/__tests__/componentSlots.spec.ts
1768785279|edison|M|packages/runtime-core/src/component.ts
1768785279|edison|M|packages/runtime-core/src/components/KeepAlive.ts
1768785279|edison|M|packages/runtime-core/src/helpers/renderSlot.ts
1768803983|daiwei|M|CHANGELOG.md
1768803983|daiwei|M|package.json
1768803983|daiwei|M|packages/compiler-core/package.json
1768803983|daiwei|M|packages/compiler-dom/package.json
1768803983|daiwei|M|packages/compiler-sfc/package.json
1768803983|daiwei|M|packages/compiler-ssr/package.json
1768803983|daiwei|M|packages/reactivity/package.json
1768803983|daiwei|M|packages/runtime-core/package.json
1768803983|daiwei|M|packages/runtime-dom/package.json
1768803983|daiwei|M|packages/server-renderer/package.json
1768803983|daiwei|M|packages/shared/package.json
1768803983|daiwei|M|packages/vue-compat/package.json
1768803983|daiwei|M|packages/vue/package.json
1768954709|Zakir Motala|M|changelogs/CHANGELOG-3.3.md
1769071641|edison|M|packages/runtime-core/src/component.ts
1769071641|edison|M|packages/runtime-core/src/renderer.ts
1769071641|edison|M|packages/runtime-dom/src/apiCustomElement.ts
1769588635|renovate[bot]|M|.github/workflows/test.yml
1769588652|renovate[bot]|M|.github/workflows/size-data.yml
1769588671|renovate[bot]|M|.github/workflows/size-report.yml
1769588691|renovate[bot]|M|pnpm-lock.yaml
1769588706|renovate[bot]|M|packages/compiler-sfc/package.json
1769588706|renovate[bot]|M|pnpm-lock.yaml
1769588706|renovate[bot]|M|pnpm-workspace.yaml
1769588726|renovate[bot]|M|pnpm-workspace.yaml
1769588764|renovate[bot]|M|package.json
1769588764|renovate[bot]|M|pnpm-lock.yaml
1769589166|daiwei|M|pnpm-lock.yaml
1769671937|renovate[bot]|M|package.json
1769671937|renovate[bot]|M|packages/compiler-core/package.json
1769671937|renovate[bot]|M|packages/compiler-sfc/package.json
1769671937|renovate[bot]|M|pnpm-lock.yaml
1769672267|renovate[bot]|M|package.json
1769672267|renovate[bot]|M|pnpm-lock.yaml
1769672420|renovate[bot]|M|package.json
1769672420|renovate[bot]|M|packages-private/sfc-playground/src/download/template/package.json
1769672420|renovate[bot]|M|pnpm-lock.yaml
1769675522|Evan You|M|README.md
1769742275|Evan You|M|README.md
1770340984|E66|M|packages/compiler-dom/src/transforms/Transition.ts
1770607232|edison|M|package.json
1770607232|edison|M|packages/reactivity/__tests__/reactiveArray.spec.ts
1770607232|edison|M|packages/runtime-core/__tests__/componentPublicInstance.spec.ts
1770607232|edison|M|packages/runtime-core/__tests__/components/BaseTransition.spec.ts
1770607232|edison|M|packages/runtime-core/__tests__/vnodeHooks.spec.ts
1770607232|edison|M|pnpm-lock.yaml
1770607232|edison|M|vitest.config.ts
1770618202|renovate[bot]|M|package.json
1770618202|renovate[bot]|M|packages-private/sfc-playground/src/download/template/package.json
1770618202|renovate[bot]|M|pnpm-lock.yaml
1770618202|renovate[bot]|M|pnpm-workspace.yaml
1770618220|renovate[bot]|M|pnpm-lock.yaml
1770618220|renovate[bot]|M|pnpm-workspace.yaml
1770618235|renovate[bot]|M|package.json
1770618235|renovate[bot]|M|pnpm-lock.yaml
1770618257|renovate[bot]|M|.github/workflows/autofix.yml
1770618272|renovate[bot]|M|.github/workflows/lock-closed-issues.yml
1770618287|renovate[bot]|M|.github/workflows/size-report.yml
1770618530|renovate[bot]|M|package.json
1770618530|renovate[bot]|M|packages/compiler-sfc/package.json
1770618530|renovate[bot]|M|pnpm-lock.yaml
1770618732|renovate[bot]|M|package.json
1770618732|renovate[bot]|M|pnpm-lock.yaml
1770618784|renovate[bot]|M|package.json
1770618784|renovate[bot]|M|pnpm-lock.yaml
1770623578|rg|M|packages/compiler-sfc/__tests__/compileScript/resolveType.spec.ts
1770623578|rg|M|packages/compiler-sfc/src/script/context.ts
1770623578|rg|M|packages/compiler-sfc/src/script/resolveType.ts
1770623605|edison|M|packages/runtime-core/__tests__/hydration.spec.ts
1770623605|edison|M|packages/runtime-core/src/components/Teleport.ts
1770623628|edison|M|packages/runtime-core/__tests__/components/Teleport.spec.ts
1770623628|edison|M|packages/runtime-core/src/renderer.ts
1770623651|山吹色御守|M|packages/runtime-core/src/components/BaseTransition.ts
1770623682|edison|M|packages/runtime-core/__tests__/helpers/useTemplateRef.spec.ts
1770623682|edison|M|packages/runtime-core/src/helpers/useTemplateRef.ts
1770623682|edison|M|packages/runtime-core/src/rendererTemplateRef.ts
1770623723|edison|M|packages/runtime-dom/__tests__/directives/vOn.spec.ts
1770623723|edison|M|packages/runtime-dom/src/directives/vOn.ts
1770623747|edison|M|packages/runtime-dom/src/components/TransitionGroup.ts
1770623747|edison|M|packages/vue/__tests__/e2e/TransitionGroup.spec.ts
1770623769|edison|M|packages/reactivity/__tests__/effectScope.spec.ts
1770623769|edison|M|packages/reactivity/src/effectScope.ts
1770624382|inottn|M|packages/compiler-sfc/__tests__/compileScript/__snapshots__/defineProps.spec.ts.snap
1770624382|inottn|M|packages/compiler-sfc/__tests__/compileScript/defineProps.spec.ts
1770624382|inottn|M|packages/compiler-sfc/src/script/defineProps.ts
1770624519|edison|M|packages/runtime-core/__tests__/rendererComponent.spec.ts
1770624519|edison|M|packages/runtime-core/src/componentRenderUtils.ts
1770624734|linzhe|M|packages/runtime-core/__tests__/components/Suspense.spec.ts
1770624734|linzhe|M|packages/runtime-core/src/renderer.ts
1770625656|daiwei|M|CHANGELOG.md
1770625656|daiwei|M|package.json
1770625656|daiwei|M|packages/compiler-core/package.json
1770625656|daiwei|M|packages/compiler-dom/package.json
1770625656|daiwei|M|packages/compiler-sfc/package.json
1770625656|daiwei|M|packages/compiler-ssr/package.json
1770625656|daiwei|M|packages/reactivity/package.json
1770625656|daiwei|M|packages/runtime-core/package.json
1770625656|daiwei|M|packages/runtime-dom/package.json
1770625656|daiwei|M|packages/server-renderer/package.json
1770625656|daiwei|M|packages/shared/package.json
1770625656|daiwei|M|packages/vue-compat/package.json
1770625656|daiwei|M|packages/vue/package.json
1770625878|daiwei|M|CHANGELOG.md
1770686977|Ronald Eddy Jr|M|.github/bug-repro-guidelines.md
1770686977|Ronald Eddy Jr|M|.github/contributing.md
1770686977|Ronald Eddy Jr|M|.github/maintenance.md
1770686977|Ronald Eddy Jr|M|README.md
1770686977|Ronald Eddy Jr|M|packages/compiler-sfc/README.md
1770686977|Ronald Eddy Jr|M|packages/server-renderer/README.md
1770686977|Ronald Eddy Jr|M|packages/vue/README.md
1770881745|abeer0|M|.node-version
1770881745|abeer0|M|netlify.toml
1771904309|Alex Liu|M|packages/runtime-core/src/components/BaseTransition.ts
1771904309|Alex Liu|M|packages/vue/__tests__/e2e/Transition.spec.ts
1771904340|Zachary Bear|M|packages/runtime-dom/src/jsx.ts
1771904380|edison|M|packages/server-renderer/__tests__/ssrRenderAttrs.spec.ts
1771904380|edison|M|packages/server-renderer/src/helpers/ssrRenderAttrs.ts
1771904425|edison|M|packages/runtime-core/__tests__/apiSetupHelpers.spec.ts
1771904425|edison|M|packages/runtime-core/src/apiSetupHelpers.ts
1771904519|renovate[bot]|M|package.json
1771904519|renovate[bot]|M|pnpm-lock.yaml
1771904716|renovate[bot]|M|package.json
1771904716|renovate[bot]|M|pnpm-lock.yaml
1771904879|renovate[bot]|M|package.json
1771904879|renovate[bot]|M|pnpm-lock.yaml
1771904918|renovate[bot]|M|package.json
1771904918|renovate[bot]|M|pnpm-lock.yaml
1771904970|renovate[bot]|M|packages/compiler-sfc/package.json
1771904970|renovate[bot]|M|pnpm-lock.yaml
1771912143|daiwei|M|CHANGELOG.md
1771912143|daiwei|M|package.json
1771912143|daiwei|M|packages/compiler-core/package.json
1771912143|daiwei|M|packages/compiler-dom/package.json
1771912143|daiwei|M|packages/compiler-sfc/package.json
1771912143|daiwei|M|packages/compiler-ssr/package.json
1771912143|daiwei|M|packages/reactivity/package.json
1771912143|daiwei|M|packages/runtime-core/package.json
1771912143|daiwei|M|packages/runtime-dom/package.json
1771912143|daiwei|M|packages/server-renderer/package.json
1771912143|daiwei|M|packages/shared/package.json
1771912143|daiwei|M|packages/vue-compat/package.json
1771912143|daiwei|M|packages/vue/package.json
1772154126|David King|M|packages-private/sfc-playground/src/Header.vue
1772154126|David King|M|packages-private/sfc-playground/src/VersionSelect.vue
1772632736|Haoqun Jiang|M|packages/compiler-core/package.json
1772632736|Haoqun Jiang|M|packages/vue-compat/package.json
1772632736|Haoqun Jiang|M|pnpm-lock.yaml
1772632736|Haoqun Jiang|M|pnpm-workspace.yaml
1772782463|danyadev|M|packages-private/dts-test/defineComponent.test-d.tsx
1772782463|danyadev|M|packages/runtime-core/src/apiDefineComponent.ts
1773036802|lejunyang|M|packages/runtime-dom/__tests__/customElement.spec.ts
1773036802|lejunyang|M|packages/runtime-dom/src/apiCustomElement.ts
1773036894|lejunyang|M|packages/runtime-dom/__tests__/customElement.spec.ts
1773036894|lejunyang|M|packages/runtime-dom/src/patchProp.ts
1773037422|edison|M|packages-private/dts-test/tsx.test-d.tsx
1773037422|edison|M|packages/runtime-core/src/component.ts
1773037422|edison|M|packages/runtime-core/src/componentPublicInstance.ts
1773037422|edison|M|packages/runtime-core/src/index.ts
1773037422|edison|M|packages/runtime-dom/src/index.ts
1773037681|hudson|M|packages/reactivity/__tests__/reactive.spec.ts
1773037681|hudson|M|packages/reactivity/src/collectionHandlers.ts
1773038268|inottn|M|packages/reactivity/__tests__/reactiveArray.spec.ts
1773038268|inottn|M|packages/reactivity/src/arrayInstrumentations.ts
1773038848|edison|M|packages/reactivity/__tests__/collections/Set.spec.ts
1773038848|edison|M|packages/reactivity/src/collectionHandlers.ts
1773042759|renovate[bot]|M|package.json
1773042759|renovate[bot]|M|pnpm-lock.yaml
1773042780|renovate[bot]|M|package.json
1773042780|renovate[bot]|M|pnpm-lock.yaml
1773042794|renovate[bot]|M|packages/compiler-sfc/package.json
1773042794|renovate[bot]|M|pnpm-lock.yaml
1773042812|renovate[bot]|M|.github/workflows/size-data.yml
1773043069|renovate[bot]|M|pnpm-lock.yaml
1773043440|renovate[bot]|M|package.json
1773043440|renovate[bot]|M|packages/compiler-sfc/package.json
1773043440|renovate[bot]|M|pnpm-lock.yaml
1773043549|renovate[bot]|M|package.json
1773043549|renovate[bot]|M|pnpm-lock.yaml
1773043932|edison|M|packages/runtime-core/src/component.ts
1773043932|edison|M|packages/runtime-core/src/renderer.ts
1773043932|edison|M|packages/runtime-dom/__tests__/customElement.spec.ts
1773043932|edison|M|packages/runtime-dom/src/apiCustomElement.ts
1773046134|cyril|M|packages/runtime-core/__tests__/helpers/renderList.spec.ts
1773046134|cyril|M|packages/runtime-core/src/helpers/renderList.ts
1773046134|cyril|M|packages/server-renderer/__tests__/ssrRenderList.spec.ts
1773046134|cyril|M|packages/server-renderer/src/helpers/ssrRenderList.ts
1773050291|edison|M|packages/runtime-core/src/apiSetupHelpers.ts
1773050291|edison|M|packages/runtime-core/src/component.ts
1773050291|edison|M|packages/server-renderer/__tests__/ssrWatch.spec.ts
1773050508|daiwei|M|CHANGELOG.md
1773050508|daiwei|M|package.json
1773050508|daiwei|M|packages/compiler-core/package.json
1773050508|daiwei|M|packages/compiler-dom/package.json
1773050508|daiwei|M|packages/compiler-sfc/package.json
1773050508|daiwei|M|packages/compiler-ssr/package.json
1773050508|daiwei|M|packages/reactivity/package.json
1773050508|daiwei|M|packages/runtime-core/package.json
1773050508|daiwei|M|packages/runtime-dom/package.json
1773050508|daiwei|M|packages/server-renderer/package.json
1773050508|daiwei|M|packages/shared/package.json
1773050508|daiwei|M|packages/vue-compat/package.json
1773050508|daiwei|M|packages/vue/package.json
1773406661|Bobbie Goede|M|packages/runtime-core/src/apiSetupHelpers.ts
1774420069|edison|M|packages/runtime-core/src/components/BaseTransition.ts
1774420069|edison|M|packages/runtime-core/src/hmr.ts
1774420069|edison|M|packages/runtime-core/src/renderer.ts
1774420069|edison|M|packages/vue/__tests__/e2e/Transition.spec.ts
1774420101|SaeedNezafat|M|packages/server-renderer/__tests__/render.spec.ts
1774420101|SaeedNezafat|M|packages/server-renderer/__tests__/ssrWatch.spec.ts
1774420101|SaeedNezafat|M|packages/server-renderer/src/render.ts
1774420101|SaeedNezafat|M|packages/server-renderer/src/renderToStream.ts
1774420101|SaeedNezafat|M|packages/server-renderer/src/renderToString.ts
1774420127|bab|M|packages/compiler-sfc/__tests__/compileScript/__snapshots__/defineModel.spec.ts.snap
1774420127|bab|M|packages/compiler-sfc/__tests__/compileScript/defineModel.spec.ts
1774420127|bab|M|packages/compiler-sfc/src/script/defineModel.ts
1774420147|zhiyuanzmj|M|packages/runtime-core/__tests__/vnode.spec.ts
1774420147|zhiyuanzmj|M|packages/runtime-core/src/vnode.ts
1774420173|edison|M|packages/compiler-core/__tests__/transforms/__snapshots__/vMemo.spec.ts.snap
1774420173|edison|M|packages/compiler-core/src/transforms/vFor.ts
1774420173|edison|M|packages/runtime-core/__tests__/helpers/withMemo.spec.ts
1774420173|edison|M|packages/runtime-core/src/renderer.ts
1774420190|Simon Schwedes|M|packages/runtime-dom/__tests__/directives/vModel.spec.ts
1774420190|Simon Schwedes|M|packages/runtime-dom/src/directives/vModel.ts
1774420210|edison|M|packages-private/dts-test/ref.test-d.ts
1774420210|edison|M|packages/reactivity/__tests__/ref.spec.ts
1774420210|edison|M|packages/reactivity/src/ref.ts
1774420235|Simon Legner|M|packages/runtime-core/src/components/Suspense.ts
1774420287|edison|M|packages/runtime-core/src/components/Suspense.ts
1774420287|edison|M|packages/vue/__tests__/e2e/Transition.spec.ts
1774421819|白雾三语|M|packages/runtime-core/__tests__/components/Suspense.spec.ts
1774421819|白雾三语|M|packages/runtime-core/src/components/Teleport.ts
1774426725|edison|M|packages/runtime-core/__tests__/vnode.spec.ts
1774426725|edison|M|packages/runtime-core/src/vnode.ts
1774427325|edison|M|packages/runtime-core/__tests__/components/Suspense.spec.ts
1774427325|edison|M|packages/runtime-core/src/componentRenderUtils.ts
1774427455|Haoqun Jiang|M|packages/compiler-sfc/__tests__/templateTransformAssetUrl.spec.ts
1774427455|Haoqun Jiang|M|packages/compiler-sfc/__tests__/templateTransformSrcset.spec.ts
1774427455|Haoqun Jiang|M|packages/compiler-sfc/src/template/templateUtils.ts
1774427455|Haoqun Jiang|M|packages/compiler-sfc/src/template/transformAssetUrl.ts
1774427455|Haoqun Jiang|M|packages/compiler-sfc/src/template/transformSrcset.ts
1774427483|renovate[bot]|M|package.json
1774427483|renovate[bot]|M|pnpm-lock.yaml
1774427536|renovate[bot]|M|pnpm-lock.yaml
1774427536|renovate[bot]|M|pnpm-workspace.yaml
1774427553|renovate[bot]|M|.github/workflows/size-report.yml
1774427632|renovate[bot]|M|.github/workflows/autofix.yml
1774427632|renovate[bot]|M|.github/workflows/ci.yml
1774427632|renovate[bot]|M|.github/workflows/release.yml
1774427632|renovate[bot]|M|.github/workflows/size-data.yml
1774427632|renovate[bot]|M|.github/workflows/size-report.yml
1774427632|renovate[bot]|M|.github/workflows/test.yml
1774427818|renovate[bot]|M|package.json
1774427818|renovate[bot]|M|pnpm-lock.yaml
1774428430|renovate[bot]|M|package.json
1774428430|renovate[bot]|M|packages/compiler-sfc/package.json
1774428430|renovate[bot]|M|pnpm-lock.yaml
1774428621|renovate[bot]|M|package.json
1774428621|renovate[bot]|M|packages-private/sfc-playground/src/download/template/package.json
1774428621|renovate[bot]|M|pnpm-lock.yaml
1774428621|renovate[bot]|M|pnpm-workspace.yaml
1774428965|renovate[bot]|M|package.json
1774428965|renovate[bot]|M|pnpm-lock.yaml
1774429562|edison|M|.github/renovate.json5
1774429586|edison|M|packages-private/dts-test/reactivity.test-d.ts
1774429586|edison|M|packages/reactivity/src/reactive.ts
1774429586|edison|M|packages/reactivity/src/ref.ts
1774430430|daiwei|A|.vite-hooks/_/commit-msg
1774430430|daiwei|A|.vite-hooks/_/pre-commit
1774430430|daiwei|M|CHANGELOG.md
1774430430|daiwei|M|package.json
1774430430|daiwei|M|packages/compiler-core/package.json
1774430430|daiwei|M|packages/compiler-dom/package.json
1774430430|daiwei|M|packages/compiler-sfc/package.json
1774430430|daiwei|M|packages/compiler-ssr/package.json
1774430430|daiwei|M|packages/reactivity/package.json
1774430430|daiwei|M|packages/runtime-core/package.json
1774430430|daiwei|M|packages/runtime-dom/package.json
1774430430|daiwei|M|packages/server-renderer/package.json
1774430430|daiwei|M|packages/shared/package.json
1774430430|daiwei|M|packages/vue-compat/package.json
1774430430|daiwei|M|packages/vue/package.json
1774926824|Ayush Shukla|M|changelogs/CHANGELOG-3.0.md
1774926824|Ayush Shukla|M|changelogs/CHANGELOG-3.1.md
1775183343|edison|M|packages/server-renderer/__tests__/render.spec.ts
1775183343|edison|M|packages/server-renderer/__tests__/ssrWatch.spec.ts
1775183343|edison|M|packages/server-renderer/src/render.ts
1775183343|edison|M|packages/server-renderer/src/renderToStream.ts
1775183343|edison|M|packages/server-renderer/src/renderToString.ts
1775183430|Rayan Salhab|M|packages-private/dts-test/ref.test-d.ts
1775183430|Rayan Salhab|M|packages/reactivity/src/ref.ts
1775183460|edison|M|packages-private/dts-test/reactivity.test-d.ts
1775183460|edison|M|packages-private/dts-test/ref.test-d.ts
1775183460|edison|M|packages/reactivity/src/reactive.ts
1775183460|edison|M|packages/reactivity/src/ref.ts
1775183482|Matej Černý|M|packages/runtime-core/__tests__/apiSetupHelpers.spec.ts
1775183482|Matej Černý|M|packages/runtime-core/src/components/Suspense.ts
1775187917|edison|M|packages/runtime-core/__tests__/components/Suspense.spec.ts
1775187917|edison|M|packages/runtime-core/__tests__/components/Teleport.spec.ts
1775187917|edison|M|packages/runtime-core/src/components/Teleport.ts
1775187917|edison|M|packages/vue/__tests__/e2e/Transition.spec.ts
1775194708|daiwei|M|CHANGELOG.md
1775194708|daiwei|M|package.json
1775194708|daiwei|M|packages/compiler-core/package.json
1775194708|daiwei|M|packages/compiler-dom/package.json
1775194708|daiwei|M|packages/compiler-sfc/package.json
1775194708|daiwei|M|packages/compiler-ssr/package.json
1775194708|daiwei|M|packages/reactivity/package.json
1775194708|daiwei|M|packages/runtime-core/package.json
1775194708|daiwei|M|packages/runtime-dom/package.json
1775194708|daiwei|M|packages/server-renderer/package.json
1775194708|daiwei|M|packages/shared/package.json
1775194708|daiwei|M|packages/vue-compat/package.json
1775194708|daiwei|M|packages/vue/package.json
1775703793|dependabot[bot]|M|package.json
1775703793|dependabot[bot]|M|pnpm-lock.yaml
1775703951|dependabot[bot]|M|pnpm-lock.yaml
1775703951|dependabot[bot]|M|pnpm-workspace.yaml
1775704533|renovate[bot]|M|package.json
1775704533|renovate[bot]|M|pnpm-lock.yaml
1775704753|renovate[bot]|M|package.json
1775704753|renovate[bot]|M|pnpm-lock.yaml
1775704770|renovate[bot]|M|package.json
1775704770|renovate[bot]|M|packages-private/sfc-playground/src/download/template/package.json
1775704770|renovate[bot]|M|pnpm-lock.yaml
1775704994|renovate[bot]|M|packages-private/sfc-playground/src/download/template/package.json
1775704994|renovate[bot]|M|pnpm-lock.yaml
1775704994|renovate[bot]|M|pnpm-workspace.yaml
1775705034|renovate[bot]|M|.github/workflows/size-report.yml
1775712943|renovate[bot]|M|package.json
1775712943|renovate[bot]|M|packages/compiler-sfc/package.json
1775712943|renovate[bot]|M|pnpm-lock.yaml
1775805144|edison|M|package.json
1775805144|edison|M|pnpm-lock.yaml
1775865260|Philippe Serhal|M|packages/vue/package.json
1776836491|renovate[bot]|M|package.json
1776836491|renovate[bot]|M|pnpm-lock.yaml
1776836595|bab|M|packages/vue/__tests__/e2e/hydration-strat-idle.html
1776836595|bab|M|packages/vue/__tests__/e2e/hydrationStrategies.spec.ts
1776836685|renovate[bot]|M|packages-private/sfc-playground/package.json
1776836685|renovate[bot]|M|pnpm-lock.yaml
1776836724|renovate[bot]|M|.github/workflows/ecosystem-ci-trigger.yml
1776836786|renovate[bot]|M|package.json
1776836786|renovate[bot]|M|packages-private/sfc-playground/src/download/template/package.json
1776836786|renovate[bot]|M|pnpm-lock.yaml
1776836786|renovate[bot]|M|pnpm-workspace.yaml
1776836853|renovate[bot]|M|packages/compiler-sfc/package.json
1776836853|renovate[bot]|M|pnpm-lock.yaml
1776836891|renovate[bot]|M|.github/workflows/autofix.yml
1776836891|renovate[bot]|M|.github/workflows/ci.yml
1776836891|renovate[bot]|M|.github/workflows/release.yml
1776836891|renovate[bot]|M|.github/workflows/size-data.yml
1776836891|renovate[bot]|M|.github/workflows/size-report.yml
1776836891|renovate[bot]|M|.github/workflows/test.yml
1776836891|renovate[bot]|M|pnpm-lock.yaml
1776837490|btea|M|pnpm-lock.yaml
1776837490|btea|M|pnpm-workspace.yaml
1776837724|edison|M|packages/reactivity/__tests__/effectScope.spec.ts
1776837724|edison|M|packages/reactivity/src/effectScope.ts
1776837724|edison|M|packages/server-renderer/__tests__/ssrWatch.spec.ts
1776837724|edison|M|vitest.config.ts
1776837778|DDDDDD|M|packages/runtime-core/__tests__/components/Suspense.spec.ts
1776837778|DDDDDD|M|packages/runtime-core/src/components/Teleport.ts
1776837819|edison|M|packages/runtime-core/src/components/BaseTransition.ts
1776837819|edison|M|packages/vue/__tests__/e2e/Transition.spec.ts
1776837885|renovate[bot]|M|package.json
1776837885|renovate[bot]|M|pnpm-lock.yaml
1776837961|edison|M|packages/runtime-dom/__tests__/patchStyle.spec.ts
1776837961|edison|M|packages/runtime-dom/src/modules/style.ts
1776838918|edison|M|.github/workflows/autofix.yml
1776838918|edison|M|.github/workflows/ci.yml
1776838918|edison|M|.github/workflows/release.yml
1776838918|edison|M|.github/workflows/size-data.yml
1776838918|edison|M|.github/workflows/size-report.yml
1776838918|edison|M|.github/workflows/test.yml
1776838918|edison|M|pnpm-lock.yaml
1776839182|edison|M|packages/compiler-sfc/__tests__/compileStyle.spec.ts
1776839182|edison|M|packages/compiler-sfc/src/style/pluginScoped.ts
1776841904|daiwei|M|CHANGELOG.md
1776841904|daiwei|M|package.json
1776841904|daiwei|M|packages/compiler-core/package.json
1776841904|daiwei|M|packages/compiler-dom/package.json
1776841904|daiwei|M|packages/compiler-sfc/package.json
1776841904|daiwei|M|packages/compiler-ssr/package.json
1776841904|daiwei|M|packages/reactivity/package.json
1776841904|daiwei|M|packages/runtime-core/package.json
1776841904|daiwei|M|packages/runtime-dom/package.json
1776841904|daiwei|M|packages/server-renderer/package.json
1776841904|daiwei|M|packages/shared/package.json
1776841904|daiwei|M|packages/vue-compat/package.json
1776841904|daiwei|M|packages/vue/package.json
1778049541|renovate[bot]|M|packages/compiler-sfc/package.json
1778049541|renovate[bot]|M|pnpm-lock.yaml
1778049541|renovate[bot]|M|pnpm-workspace.yaml
1778049557|renovate[bot]|M|package.json
1778049580|renovate[bot]|M|package.json
1778049580|renovate[bot]|M|packages-private/sfc-playground/src/download/template/package.json
1778049580|renovate[bot]|M|pnpm-lock.yaml
1778049580|renovate[bot]|M|pnpm-workspace.yaml
1778049660|Daniel Roe|M|packages/compiler-sfc/__tests__/compileScript/resolveType.spec.ts
1778049660|Daniel Roe|M|packages/compiler-sfc/src/script/resolveType.ts
1778049694|Ashish kumar choubey|M|packages/compiler-sfc/__tests__/compileScript/resolveType.spec.ts
1778049694|Ashish kumar choubey|M|packages/compiler-sfc/src/script/resolveType.ts
1778049727|Alex Liu|M|packages/reactivity/src/effect.ts
1778049727|Alex Liu|M|packages/reactivity/src/effectScope.ts
1778049727|Alex Liu|M|packages/runtime-core/__tests__/components/Suspense.spec.ts
1778049747|edison|M|packages/runtime-core/src/components/Suspense.ts
1778049747|edison|M|packages/vue/__tests__/e2e/memory-leak.spec.ts
1778049767|Daniel Roe|M|packages/compiler-sfc/__tests__/templateTransformAssetUrl.spec.ts
1778049767|Daniel Roe|M|packages/compiler-sfc/src/template/transformAssetUrl.ts
1778049809|Artyom Tuchkov|M|packages/runtime-core/__tests__/componentProps.spec.ts
1778049809|Artyom Tuchkov|M|packages/runtime-core/src/componentProps.ts
1778049943|renovate[bot]|M|package.json
1778049943|renovate[bot]|M|pnpm-lock.yaml
1778051735|daiwei|M|CHANGELOG.md
1778051735|daiwei|M|package.json
1778051735|daiwei|M|packages/compiler-core/package.json
1778051735|daiwei|M|packages/compiler-dom/package.json
1778051735|daiwei|M|packages/compiler-sfc/package.json
1778051735|daiwei|M|packages/compiler-ssr/package.json
1778051735|daiwei|M|packages/reactivity/package.json
1778051735|daiwei|M|packages/runtime-core/package.json
1778051735|daiwei|M|packages/runtime-dom/package.json
1778051735|daiwei|M|packages/server-renderer/package.json
1778051735|daiwei|M|packages/shared/package.json
1778051735|daiwei|M|packages/vue-compat/package.json
1778051735|daiwei|M|packages/vue/package.json
1778551161|edison|M|.github/workflows/release.yml
1778725139|skirtle|M|.github/renovate.json5
1778725139|skirtle|M|pnpm-workspace.yaml
1778725186|Arpit Jain|M|.github/workflows/ci.yml
1778725186|Arpit Jain|M|.github/workflows/ecosystem-ci-trigger.yml
1778737685|otjdiepluong|M|packages/compiler-core/src/codegen.ts
1779266158|rzzf|M|.github/workflows/autofix.yml
1779266158|rzzf|M|.github/workflows/ci.yml
1779266158|rzzf|M|.github/workflows/close-cant-reproduce-issues.yml
1779266158|rzzf|M|.github/workflows/ecosystem-ci-trigger.yml
1779266158|rzzf|M|.github/workflows/lock-closed-issues.yml
1779266158|rzzf|M|.github/workflows/release.yml
1779266158|rzzf|M|.github/workflows/size-data.yml
1779266158|rzzf|M|.github/workflows/size-report.yml
1779266158|rzzf|M|.github/workflows/test.yml
1779325935|edison|M|.github/workflows/ecosystem-ci-trigger.yml
1779786438|renovate[bot]|M|package.json
1779786438|renovate[bot]|M|packages-private/sfc-playground/src/download/template/package.json
1779786438|renovate[bot]|M|pnpm-lock.yaml
1779786438|renovate[bot]|M|pnpm-workspace.yaml
1779786492|renovate[bot]|M|.github/workflows/autofix.yml
1779786492|renovate[bot]|M|.github/workflows/ci.yml
1779786492|renovate[bot]|M|.github/workflows/release.yml
1779786492|renovate[bot]|M|.github/workflows/size-data.yml
1779786492|renovate[bot]|M|.github/workflows/size-report.yml
1779786492|renovate[bot]|M|.github/workflows/test.yml
1779786627|renovate[bot]|M|package.json
1779786731|renovate[bot]|M|package.json
1779786731|renovate[bot]|M|pnpm-lock.yaml
1779786769|renovate[bot]|M|packages/compiler-sfc/package.json
1779786769|renovate[bot]|M|pnpm-lock.yaml
1779786788|renovate[bot]|M|package.json
1779786788|renovate[bot]|M|pnpm-lock.yaml
1779786845|renovate[bot]|M|.github/workflows/size-report.yml
1779787100|renovate[bot]|M|package.json
1779787100|renovate[bot]|M|pnpm-lock.yaml
1779787141|renovate[bot]|M|.github/workflows/lock-closed-issues.yml
1779787141|renovate[bot]|M|package.json
1779787141|renovate[bot]|M|packages/compiler-sfc/package.json
1779787141|renovate[bot]|M|pnpm-lock.yaml
1779787216|renovate[bot]|M|package.json
1779787216|renovate[bot]|M|pnpm-lock.yaml
1779863308|Daniel Roe|M|packages/server-renderer/__tests__/ssrSuspense.spec.ts
1779863308|Daniel Roe|M|packages/server-renderer/src/helpers/ssrRenderSuspense.ts
1779863332|Daniel Roe|M|packages/compiler-sfc/__tests__/compileScript/resolveType.spec.ts
1779863332|Daniel Roe|M|packages/compiler-sfc/src/script/resolveType.ts
1779863368|Denny Biasiolli|M|packages/server-renderer/__tests__/ssrRenderList.spec.ts
1779863368|Denny Biasiolli|M|packages/server-renderer/src/helpers/ssrRenderList.ts
1779863386|edison|M|packages/runtime-core/__tests__/hydration.spec.ts
1779863386|edison|M|packages/runtime-core/src/hydration.ts
1779863408|山吹色御守|M|packages/compiler-core/__tests__/transforms/__snapshots__/vMemo.spec.ts.snap
1779863408|山吹色御守|M|packages/compiler-core/__tests__/transforms/vFor.spec.ts
1779863408|山吹色御守|M|packages/compiler-core/__tests__/transforms/vMemo.spec.ts
1779863408|山吹色御守|M|packages/compiler-core/src/transforms/vFor.ts
1779863435|Maxim Mostovoy|M|packages/runtime-core/__tests__/components/Suspense.spec.ts
1779863435|Maxim Mostovoy|M|packages/runtime-core/__tests__/components/Teleport.spec.ts
1779863435|Maxim Mostovoy|M|packages/runtime-core/src/components/Teleport.ts
1779863453|Dhimas Ardinata|M|packages/reactivity/__benchmarks__/reactiveObject.bench.ts
1779863453|Dhimas Ardinata|M|packages/reactivity/src/reactive.ts
1779863473|吴杨帆|M|packages/runtime-dom/__tests__/patchEvents.spec.ts
1779863473|吴杨帆|M|packages/runtime-dom/src/modules/events.ts
1779868531|daiwei|M|.github/workflows/size-report.yml
1779872204|Shaurya Singh|M|packages/runtime-core/__tests__/components/BaseTransition.spec.ts
1779872204|Shaurya Singh|M|packages/runtime-core/src/renderer.ts
1779872204|Shaurya Singh|M|packages/vue/__tests__/e2e/Transition.spec.ts
1779872306|daiwei|M|CHANGELOG.md
1779872306|daiwei|M|package.json
1779872306|daiwei|M|packages/compiler-core/package.json
1779872306|daiwei|M|packages/compiler-dom/package.json
1779872306|daiwei|M|packages/compiler-sfc/package.json
1779872306|daiwei|M|packages/compiler-ssr/package.json
1779872306|daiwei|M|packages/reactivity/package.json
1779872306|daiwei|M|packages/runtime-core/package.json
1779872306|daiwei|M|packages/runtime-dom/package.json
1779872306|daiwei|M|packages/server-renderer/package.json
1779872306|daiwei|M|packages/shared/package.json
1779872306|daiwei|M|packages/vue-compat/package.json
1779872306|daiwei|M|packages/vue/package.json
1779872809|daiwei|M|CHANGELOG.md
1780559032|ifer47|M|.github/contributing.md
1780559032|ifer47|M|packages/vue-compat/README.md
1780729578|daiwei|M|packages/compiler-sfc/__tests__/compileScript/__snapshots__/definePropsDestructure.spec.ts.snap
1780729578|daiwei|M|packages/compiler-sfc/__tests__/compileScript/definePropsDestructure.spec.ts
1780729578|daiwei|M|packages/compiler-sfc/src/script/definePropsDestructure.ts
1781142912|Saxon Landers|M|packages/reactivity/__tests__/watch.spec.ts
1781142912|Saxon Landers|M|packages/reactivity/src/watch.ts
1781142977|Puneet Dixit|M|packages/reactivity/src/watch.ts
1781142977|Puneet Dixit|M|packages/runtime-core/__tests__/apiWatch.spec.ts
1781143014|edison|M|packages/compiler-core/__tests__/transforms/vMemo.spec.ts
1781143014|edison|M|packages/compiler-core/src/transform.ts
1781143014|edison|M|packages/compiler-core/src/transforms/transformExpression.ts
1781143014|edison|M|packages/compiler-core/src/transforms/vFor.ts
1781143079|ifer47|M|packages/compiler-sfc/__tests__/compileScript/defineProps.spec.ts
1781143079|ifer47|M|packages/compiler-sfc/__tests__/compileScript/resolveType.spec.ts
1781143079|ifer47|M|packages/compiler-sfc/src/script/resolveType.ts
1781143140|edison|M|packages/runtime-dom/src/components/TransitionGroup.ts
1781143140|edison|M|packages/vue/__tests__/e2e/TransitionGroup.spec.ts
1781143242|Liu Bo|M|packages/runtime-core/__tests__/helpers/useModel.spec.ts
1781143242|Liu Bo|M|packages/runtime-core/src/helpers/useModel.ts
1781143361|baozj|M|packages/runtime-core/__tests__/apiAsyncComponent.spec.ts
1781143361|baozj|M|packages/runtime-core/src/apiAsyncComponent.ts
1781143433|Paijo|M|packages/runtime-core/src/compat/global.ts
1781143433|Paijo|M|packages/vue/__tests__/index.spec.ts
1781143557|Sarath Francis|M|packages/compiler-core/__tests__/__snapshots__/parse.spec.ts.snap
1781143557|Sarath Francis|M|packages/compiler-core/__tests__/parse.spec.ts
1781143557|Sarath Francis|M|packages/compiler-core/src/parser.ts
1781143818|renovate[bot]|M|package.json
1781143818|renovate[bot]|M|pnpm-lock.yaml
1781144183|renovate[bot]|M|package.json
1781144183|renovate[bot]|M|pnpm-lock.yaml
1781144213|renovate[bot]|M|packages/compiler-sfc/package.json
1781144213|renovate[bot]|M|pnpm-lock.yaml
1781144213|renovate[bot]|M|pnpm-workspace.yaml
1781144263|renovate[bot]|M|.github/workflows/autofix.yml
1781144263|renovate[bot]|M|.github/workflows/ci.yml
1781144263|renovate[bot]|M|.github/workflows/release.yml
1781144263|renovate[bot]|M|.github/workflows/size-data.yml
1781144263|renovate[bot]|M|.github/workflows/size-report.yml
1781144263|renovate[bot]|M|.github/workflows/test.yml
1781144263|renovate[bot]|M|package.json
1781144263|renovate[bot]|M|pnpm-lock.yaml
1781144751|renovate[bot]|M|package.json
1781144751|renovate[bot]|M|packages-private/sfc-playground/src/download/template/package.json
1781144751|renovate[bot]|M|pnpm-lock.yaml
1781144751|renovate[bot]|M|pnpm-workspace.yaml
1781144802|renovate[bot]|M|package.json
1781144802|renovate[bot]|M|pnpm-lock.yaml
1781147626|daiwei|M|CHANGELOG.md
1781147626|daiwei|M|package.json
1781147626|daiwei|M|packages/compiler-core/package.json
1781147626|daiwei|M|packages/compiler-dom/package.json
1781147626|daiwei|M|packages/compiler-sfc/package.json
1781147626|daiwei|M|packages/compiler-ssr/package.json
1781147626|daiwei|M|packages/reactivity/package.json
1781147626|daiwei|M|packages/runtime-core/package.json
1781147626|daiwei|M|packages/runtime-dom/package.json
1781147626|daiwei|M|packages/server-renderer/package.json
1781147626|daiwei|M|packages/shared/package.json
1781147626|daiwei|M|packages/vue-compat/package.json
1781147626|daiwei|M|packages/vue/package.json
1781154130|daiwei|M|CHANGELOG.md
1781154130|daiwei|M|package.json
1781154130|daiwei|M|packages/compiler-core/package.json
1781154130|daiwei|M|packages/compiler-dom/package.json
1781154130|daiwei|M|packages/compiler-sfc/package.json
1781154130|daiwei|M|packages/compiler-ssr/package.json
1781154130|daiwei|M|packages/reactivity/package.json
1781154130|daiwei|M|packages/runtime-core/package.json
1781154130|daiwei|M|packages/runtime-dom/package.json
1781154130|daiwei|M|packages/server-renderer/package.json
1781154130|daiwei|M|packages/shared/package.json
1781154130|daiwei|M|packages/vue-compat/package.json
1781154130|daiwei|M|packages/vue/package.json
1781157023|edison|M|scripts/release.js
1781164653|daiwei|M|CHANGELOG.md
1781164653|daiwei|M|package.json
1781164653|daiwei|M|packages/compiler-core/package.json
1781164653|daiwei|M|packages/compiler-dom/package.json
1781164653|daiwei|M|packages/compiler-sfc/package.json
1781164653|daiwei|M|packages/compiler-ssr/package.json
1781164653|daiwei|M|packages/reactivity/package.json
1781164653|daiwei|M|packages/runtime-core/package.json
1781164653|daiwei|M|packages/runtime-dom/package.json
1781164653|daiwei|M|packages/server-renderer/package.json
1781164653|daiwei|M|packages/shared/package.json
1781164653|daiwei|M|packages/vue-compat/package.json
1781164653|daiwei|M|packages/vue/package.json
1781663427|edison|M|.github/workflows/test.yml
1781663427|edison|M|package.json
1781663427|edison|M|packages/vue/__tests__/e2e/Transition.spec.ts
1781663427|edison|M|packages/vue/__tests__/e2e/TransitionGroup.spec.ts
1781663427|edison|A|packages/vue/__tests__/e2e/e2eBrowserUtils.ts
1781663427|edison|D|packages/vue/__tests__/e2e/transition.html
1781663427|edison|M|pnpm-lock.yaml
1781663427|edison|M|vitest.config.ts
1782371841|Yuanfang|M|packages-private/sfc-playground/src/download/template/README.md
1782374380|renovate[bot]|M|.github/workflows/autofix.yml
1782374380|renovate[bot]|M|.github/workflows/ci.yml
1782374380|renovate[bot]|M|.github/workflows/release.yml
1782374380|renovate[bot]|M|.github/workflows/size-data.yml
1782374380|renovate[bot]|M|.github/workflows/size-report.yml
1782374380|renovate[bot]|M|.github/workflows/test.yml
1782374380|renovate[bot]|M|package.json
1782374380|renovate[bot]|M|packages/compiler-sfc/package.json
1782374380|renovate[bot]|M|pnpm-lock.yaml
1782374463|renovate[bot]|M|.github/workflows/autofix.yml
1782374463|renovate[bot]|M|.github/workflows/ci.yml
1782374463|renovate[bot]|M|.github/workflows/release.yml
1782374463|renovate[bot]|M|.github/workflows/size-data.yml
1782374463|renovate[bot]|M|.github/workflows/size-report.yml
1782374463|renovate[bot]|M|.github/workflows/test.yml
1782374583|renovate[bot]|M|package.json
1782374583|renovate[bot]|M|packages-private/sfc-playground/src/download/template/package.json
1782374583|renovate[bot]|M|pnpm-lock.yaml
1782374583|renovate[bot]|M|pnpm-workspace.yaml
1782374930|renovate[bot]|M|packages/compiler-sfc/package.json
1782374930|renovate[bot]|M|pnpm-lock.yaml
1782374960|renovate[bot]|M|package.json
1782374960|renovate[bot]|M|pnpm-lock.yaml
1782375110|dependabot[bot]|M|package.json
1782375110|dependabot[bot]|M|pnpm-lock.yaml
1782375210|renovate[bot]|M|package.json
1782375210|renovate[bot]|M|pnpm-lock.yaml
1782375337|ifer47|M|packages-private/dts-test/setupHelpers.test-d.ts
1782375337|ifer47|M|packages/runtime-core/src/apiSetupHelpers.ts
1782375361|ifer47|M|packages/reactivity/__tests__/reactive.spec.ts
1782375361|ifer47|M|packages/reactivity/src/baseHandlers.ts
1782375380|edison|M|packages/runtime-core/__tests__/rendererTemplateRef.spec.ts
1782375380|edison|M|packages/runtime-core/src/rendererTemplateRef.ts
1782375402|edison|M|packages/server-renderer/__tests__/ssrTeleport.spec.ts
1782375402|edison|M|packages/server-renderer/src/helpers/ssrRenderTeleport.ts
1782375402|edison|M|packages/server-renderer/src/renderToString.ts
1782375423|山吹色御守|M|packages/runtime-core/__tests__/rendererOptimizedMode.spec.ts
1782375423|山吹色御守|M|packages/runtime-core/src/renderer.ts
1782375443|alentide|M|packages/compiler-core/src/compat/transformFilter.ts
1782375466|白雾三语|M|packages/runtime-core/__tests__/hydration.spec.ts
1782375466|白雾三语|M|packages/runtime-core/src/hydration.ts
1782375491|edison|M|packages/server-renderer/__tests__/ssrScopeId.spec.ts
1782375491|edison|M|packages/server-renderer/src/render.ts
1782375520|白雾三语|M|packages/runtime-core/__tests__/componentEmits.spec.ts
1782375520|白雾三语|M|packages/runtime-core/src/componentEmits.ts
1782375580|Yuanfang|M|packages-private/dts-test/h.test-d.ts
1782375580|Yuanfang|M|packages/runtime-core/__tests__/vnode.spec.ts
1782375580|Yuanfang|M|packages/runtime-core/src/vnode.ts
1782375601|edison|M|packages/runtime-core/__tests__/hydration.spec.ts
1782375601|edison|M|packages/runtime-core/src/hydration.ts
1782375625|edison|M|packages/runtime-core/__tests__/components/Teleport.spec.ts
1782375625|edison|M|packages/runtime-core/src/components/Teleport.ts
1782376181|edison|M|packages-private/dts-test/defineComponent.test-d.tsx
1782376181|edison|M|packages/runtime-core/src/componentEmits.ts
1782376874|Yuanfang|M|packages/runtime-dom/__tests__/patchEvents.spec.ts
1782376874|Yuanfang|M|packages/runtime-dom/src/modules/events.ts
1782380428|daiwei|M|CHANGELOG.md
1782380428|daiwei|M|package.json
1782380428|daiwei|M|packages/compiler-core/package.json
1782380428|daiwei|M|packages/compiler-dom/package.json
1782380428|daiwei|M|packages/compiler-sfc/package.json
1782380428|daiwei|M|packages/compiler-ssr/package.json
1782380428|daiwei|M|packages/reactivity/package.json
1782380428|daiwei|M|packages/runtime-core/package.json
1782380428|daiwei|M|packages/runtime-dom/package.json
1782380428|daiwei|M|packages/server-renderer/package.json
1782380428|daiwei|M|packages/shared/package.json
1782380428|daiwei|M|packages/vue-compat/package.json
1782380428|daiwei|M|packages/vue/package.json
1783912280|Yuanfang|M|packages-private/sfc-playground/src/VersionSelect.vue
1784160995|zongxi1115|M|packages/runtime-dom/__tests__/directives/vModel.spec.ts
1784160995|zongxi1115|M|packages/runtime-dom/src/directives/vModel.ts
1784161017|Eduardo San Martin Morote|M|packages-private/dts-test/defineComponent.test-d.tsx
1784161017|Eduardo San Martin Morote|M|packages/runtime-core/src/apiDefineComponent.ts
1784161017|Eduardo San Martin Morote|M|packages/runtime-core/src/componentPublicInstance.ts
1784161039|edison|M|packages/server-renderer/__tests__/render.spec.ts
1784161039|edison|M|packages/shared/__tests__/escapeHtml.spec.ts
1784161039|edison|M|packages/shared/src/escapeHtml.ts
1784161115|Haoqun Jiang|M|packages/runtime-core/__tests__/hydration.spec.ts
1784161115|Haoqun Jiang|M|packages/server-renderer/package.json
1784161115|Haoqun Jiang|M|packages/server-renderer/src/helpers/ssrCompile.ts
1784161115|Haoqun Jiang|M|packages/server-renderer/src/helpers/ssrGetDirectiveProps.ts
1784161115|Haoqun Jiang|M|packages/server-renderer/src/helpers/ssrRenderComponent.ts
1784161115|Haoqun Jiang|M|packages/server-renderer/src/helpers/ssrRenderList.ts
1784161115|Haoqun Jiang|M|packages/server-renderer/src/helpers/ssrRenderSlot.ts
1784161115|Haoqun Jiang|M|packages/server-renderer/src/helpers/ssrRenderTeleport.ts
1784161115|Haoqun Jiang|M|packages/server-renderer/src/index.ts
1784161115|Haoqun Jiang|M|packages/server-renderer/src/render.ts
1784161115|Haoqun Jiang|M|packages/server-renderer/src/renderToStream.ts
1784161115|Haoqun Jiang|M|packages/server-renderer/src/renderToString.ts
1784161115|Haoqun Jiang|M|pnpm-lock.yaml
1784161136|Matej Černý|M|packages/runtime-core/src/componentRenderContext.ts
1784161136|Matej Černý|M|packages/runtime-core/src/helpers/renderSlot.ts
1784161136|Matej Černý|A|packages/server-renderer/__tests__/ssrRender.spec.ts
1784161136|Matej Černý|M|vitest.config.ts
1784161158|edison|M|packages/server-renderer/__tests__/render.spec.ts
1784161158|edison|M|packages/server-renderer/__tests__/ssrSuspense.spec.ts
1784161158|edison|M|packages/server-renderer/src/render.ts
1784161180|Rebecca Richards|M|packages/runtime-core/__tests__/hydration.spec.ts
1784161180|Rebecca Richards|M|packages/runtime-core/src/hydration.ts
1784161206|Aubakirov Asker|M|packages/reactivity/__tests__/effectScope.spec.ts
1784161206|Aubakirov Asker|M|packages/reactivity/src/effectScope.ts
1784161266|Luke Nelson|M|.github/workflows/autofix.yml
1784161266|Luke Nelson|M|.github/workflows/ci.yml
1784161266|Luke Nelson|M|.github/workflows/close-cant-reproduce-issues.yml
1784161266|Luke Nelson|M|.github/workflows/ecosystem-ci-trigger.yml
1784161266|Luke Nelson|M|.github/workflows/lock-closed-issues.yml
1784161266|Luke Nelson|M|.github/workflows/release.yml
1784161266|Luke Nelson|M|.github/workflows/size-data.yml
1784161266|Luke Nelson|M|.github/workflows/size-report.yml
1784161266|Luke Nelson|M|.github/workflows/test.yml
1784162042|daiwei|M|packages/server-renderer/__tests__/ssrRender.spec.ts
1784162917|renovate[bot]|M|packages-private/sfc-playground/src/download/template/package.json
1784162917|renovate[bot]|M|pnpm-lock.yaml
1784162917|renovate[bot]|M|pnpm-workspace.yaml
1784162940|renovate[bot]|M|packages/compiler-sfc/package.json
1784162940|renovate[bot]|M|pnpm-lock.yaml
1784162961|renovate[bot]|M|package.json
1784162961|renovate[bot]|M|pnpm-lock.yaml
1784162995|renovate[bot]|M|package.json
1784162995|renovate[bot]|M|packages-private/sfc-playground/src/App.vue
1784162995|renovate[bot]|M|packages-private/template-explorer/src/index.ts
1784162995|renovate[bot]|M|packages/compiler-core/__tests__/transforms/cacheStatic.spec.ts
1784162995|renovate[bot]|M|packages/compiler-core/src/ast.ts
1784162995|renovate[bot]|M|packages/compiler-core/src/transforms/transformElement.ts
1784162995|renovate[bot]|M|packages/compiler-core/src/transforms/vIf.ts
1784162995|renovate[bot]|M|packages/compiler-core/src/transforms/vOn.ts
1784162995|renovate[bot]|M|packages/compiler-sfc/src/compileStyle.ts
1784162995|renovate[bot]|M|packages/compiler-sfc/src/parse.ts
1784162995|renovate[bot]|M|packages/compiler-sfc/src/script/resolveType.ts
1784162995|renovate[bot]|M|packages/compiler-sfc/src/script/utils.ts
1784162995|renovate[bot]|M|packages/compiler-ssr/src/transforms/ssrTransformElement.ts
1784162995|renovate[bot]|M|packages/reactivity/src/ref.ts
1784162995|renovate[bot]|M|packages/runtime-core/src/apiSetupHelpers.ts
1784162995|renovate[bot]|M|packages/runtime-core/src/compat/renderFn.ts
1784162995|renovate[bot]|M|packages/runtime-core/src/componentProps.ts
1784162995|renovate[bot]|M|packages/runtime-core/src/h.ts
1784162995|renovate[bot]|M|packages/runtime-core/src/helpers/createSlots.ts
1784162995|renovate[bot]|M|packages/runtime-core/src/vnode.ts
1784162995|renovate[bot]|M|packages/runtime-dom/src/components/Transition.ts
1784162995|renovate[bot]|M|packages/runtime-dom/src/jsx.ts
1784162995|renovate[bot]|M|packages/shared/src/typeUtils.ts
1784162995|renovate[bot]|M|packages/vue/__tests__/e2e/e2eBrowserUtils.ts
1784162995|renovate[bot]|M|pnpm-lock.yaml
1784163162|renovate[bot]|M|.github/workflows/test.yml
1784163230|renovate[bot]|M|package.json
1784163230|renovate[bot]|M|pnpm-lock.yaml
1784163247|renovate[bot]|M|package.json
1784163247|renovate[bot]|M|pnpm-lock.yaml
1784163510|edison|M|packages/runtime-core/__tests__/hydration.spec.ts
1784163510|edison|M|packages/runtime-core/src/apiAsyncComponent.ts
1784163720|renovate[bot]|M|.github/workflows/autofix.yml
1784163720|renovate[bot]|M|.github/workflows/ci.yml
1784163720|renovate[bot]|M|.github/workflows/release.yml
1784163720|renovate[bot]|M|.github/workflows/size-data.yml
1784163720|renovate[bot]|M|.github/workflows/size-report.yml
1784163720|renovate[bot]|M|.github/workflows/test.yml
1784163720|renovate[bot]|M|package.json
1784163720|renovate[bot]|M|pnpm-lock.yaml
1784166663|edison|M|packages/runtime-core/__tests__/rendererTemplateRef.spec.ts
1784166663|edison|M|packages/runtime-core/src/rendererTemplateRef.ts
1784170865|DaZuiZui|M|packages/compiler-core/__tests__/transforms/__snapshots__/transformElement.spec.ts.snap
1784170865|DaZuiZui|M|packages/compiler-core/__tests__/transforms/__snapshots__/vFor.spec.ts.snap
1784170865|DaZuiZui|M|packages/compiler-core/__tests__/transforms/__snapshots__/vIf.spec.ts.snap
1784170865|DaZuiZui|M|packages/compiler-core/__tests__/transforms/vFor.spec.ts
1784170865|DaZuiZui|M|packages/compiler-core/__tests__/transforms/vIf.spec.ts
1784170865|DaZuiZui|M|packages/compiler-core/src/ast.ts
1784170865|DaZuiZui|M|packages/compiler-core/src/utils.ts
1784170865|DaZuiZui|M|packages/runtime-core/__tests__/helpers/renderSlot.spec.ts
1784170865|DaZuiZui|M|packages/runtime-core/src/helpers/renderSlot.ts
1784171111|daiwei|M|CHANGELOG.md
1784171111|daiwei|M|package.json
1784171111|daiwei|M|packages/compiler-core/package.json
1784171111|daiwei|M|packages/compiler-dom/package.json
1784171111|daiwei|M|packages/compiler-sfc/package.json
1784171111|daiwei|M|packages/compiler-ssr/package.json
1784171111|daiwei|M|packages/reactivity/package.json
1784171111|daiwei|M|packages/runtime-core/package.json
1784171111|daiwei|M|packages/runtime-dom/package.json
1784171111|daiwei|M|packages/server-renderer/package.json
1784171111|daiwei|M|packages/shared/package.json
1784171111|daiwei|M|packages/vue-compat/package.json
1784171111|daiwei|M|packages/vue/package.json
1784618815|edison|M|packages-private/sfc-playground/src/VersionSelect.vue
1784622100|Amulet Iris|M|pnpm-workspace.yaml
